[0.118s] DEBUG:colcon:Command line arguments: ['/usr/bin/colcon', 'build']
[0.118s] DEBUG:colcon:Parsed command line arguments: Namespace(log_base=None, log_level=None, verb_name='build', build_base='build', install_base='install', merge_install=False, symlink_install=False, test_result_base=None, continue_on_error=False, executor='parallel', parallel_workers=8, event_handlers=None, ignore_user_meta=False, metas=['./colcon.meta'], base_paths=['.'], packages_ignore=None, packages_ignore_regex=None, paths=None, packages_up_to=None, packages_up_to_regex=None, packages_above=None, packages_above_and_dependencies=None, packages_above_depth=None, packages_select_by_dep=None, packages_skip_by_dep=None, packages_skip_up_to=None, packages_select_build_failed=False, packages_skip_build_finished=False, packages_select_test_failures=False, packages_skip_test_passed=False, packages_select=None, packages_skip=None, packages_select_regex=None, packages_skip_regex=None, packages_start=None, packages_end=None, cmake_args=None, cmake_target=None, cmake_target_skip_unavailable=False, cmake_clean_cache=False, cmake_clean_first=False, cmake_force_configure=False, ament_cmake_args=None, catkin_cmake_args=None, catkin_skip_building_tests=False, mixin_files=None, mixin=None, verb_parser=<colcon_mixin.mixin.mixin_argument.MixinArgumentDecorator object at 0x7fed69d5c440>, verb_extension=<colcon_core.verb.build.BuildVerb object at 0x7fed69ec00b0>, main=<bound method BuildVerb.main of <colcon_core.verb.build.BuildVerb object at 0x7fed69ec00b0>>, mixin_verb=('build',))
[0.158s] Level 1:colcon.colcon_core.package_discovery:discover_packages(colcon_meta) check parameters
[0.158s] Level 1:colcon.colcon_core.package_discovery:discover_packages(recursive) check parameters
[0.158s] Level 1:colcon.colcon_core.package_discovery:discover_packages(ignore) check parameters
[0.158s] Level 1:colcon.colcon_core.package_discovery:discover_packages(path) check parameters
[0.158s] Level 1:colcon.colcon_core.package_discovery:discover_packages(colcon_meta) discover
[0.158s] Level 1:colcon.colcon_core.package_discovery:discover_packages(recursive) discover
[0.158s] INFO:colcon.colcon_core.package_discovery:Crawling recursively for packages in '/home/user/ros2_ws'
[0.159s] Level 1:colcon.colcon_core.package_identification:_identify(.) by extensions ['ignore', 'ignore_ament_install']
[0.159s] Level 1:colcon.colcon_core.package_identification:_identify(.) by extension 'ignore'
[0.159s] Level 1:colcon.colcon_core.package_identification:_identify(.) by extension 'ignore_ament_install'
[0.159s] Level 1:colcon.colcon_core.package_identification:_identify(.) by extensions ['colcon_pkg']
[0.159s] Level 1:colcon.colcon_core.package_identification:_identify(.) by extension 'colcon_pkg'
[0.159s] Level 1:colcon.colcon_core.package_identification:_identify(.) by extensions ['colcon_meta']
[0.159s] Level 1:colcon.colcon_core.package_identification:_identify(.) by extension 'colcon_meta'
[0.159s] Level 1:colcon.colcon_core.package_identification:_identify(.) by extensions ['ros']
[0.159s] Level 1:colcon.colcon_core.package_identification:_identify(.) by extension 'ros'
[0.187s] Level 1:colcon.colcon_core.package_identification:_identify(.) by extensions ['cmake', 'python']
[0.187s] Level 1:colcon.colcon_core.package_identification:_identify(.) by extension 'cmake'
[0.187s] Level 1:colcon.colcon_core.package_identification:_identify(.) by extension 'python'
[0.187s] Level 1:colcon.colcon_core.package_identification:_identify(.) by extensions ['python_setup_py']
[0.187s] Level 1:colcon.colcon_core.package_identification:_identify(.) by extension 'python_setup_py'
[0.187s] Level 1:colcon.colcon_core.package_identification:_identify(build) by extensions ['ignore', 'ignore_ament_install']
[0.187s] Level 1:colcon.colcon_core.package_identification:_identify(build) by extension 'ignore'
[0.187s] Level 1:colcon.colcon_core.package_identification:_identify(build) ignored
[0.187s] Level 1:colcon.colcon_core.package_identification:_identify(install) by extensions ['ignore', 'ignore_ament_install']
[0.187s] Level 1:colcon.colcon_core.package_identification:_identify(install) by extension 'ignore'
[0.187s] Level 1:colcon.colcon_core.package_identification:_identify(install) ignored
[0.188s] Level 1:colcon.colcon_core.package_identification:_identify(log) by extensions ['ignore', 'ignore_ament_install']
[0.188s] Level 1:colcon.colcon_core.package_identification:_identify(log) by extension 'ignore'
[0.188s] Level 1:colcon.colcon_core.package_identification:_identify(log) ignored
[0.188s] Level 1:colcon.colcon_core.package_identification:_identify(src) by extensions ['ignore', 'ignore_ament_install']
[0.188s] Level 1:colcon.colcon_core.package_identification:_identify(src) by extension 'ignore'
[0.188s] Level 1:colcon.colcon_core.package_identification:_identify(src) by extension 'ignore_ament_install'
[0.188s] Level 1:colcon.colcon_core.package_identification:_identify(src) by extensions ['colcon_pkg']
[0.188s] Level 1:colcon.colcon_core.package_identification:_identify(src) by extension 'colcon_pkg'
[0.188s] Level 1:colcon.colcon_core.package_identification:_identify(src) by extensions ['colcon_meta']
[0.188s] Level 1:colcon.colcon_core.package_identification:_identify(src) by extension 'colcon_meta'
[0.188s] Level 1:colcon.colcon_core.package_identification:_identify(src) by extensions ['ros']
[0.188s] Level 1:colcon.colcon_core.package_identification:_identify(src) by extension 'ros'
[0.188s] Level 1:colcon.colcon_core.package_identification:_identify(src) by extensions ['cmake', 'python']
[0.188s] Level 1:colcon.colcon_core.package_identification:_identify(src) by extension 'cmake'
[0.188s] Level 1:colcon.colcon_core.package_identification:_identify(src) by extension 'python'
[0.188s] Level 1:colcon.colcon_core.package_identification:_identify(src) by extensions ['python_setup_py']
[0.189s] Level 1:colcon.colcon_core.package_identification:_identify(src) by extension 'python_setup_py'
[0.189s] Level 1:colcon.colcon_core.package_identification:_identify(src/ARM_MK1_description) by extensions ['ignore', 'ignore_ament_install']
[0.189s] Level 1:colcon.colcon_core.package_identification:_identify(src/ARM_MK1_description) by extension 'ignore'
[0.189s] Level 1:colcon.colcon_core.package_identification:_identify(src/ARM_MK1_description) by extension 'ignore_ament_install'
[0.189s] Level 1:colcon.colcon_core.package_identification:_identify(src/ARM_MK1_description) by extensions ['colcon_pkg']
[0.189s] Level 1:colcon.colcon_core.package_identification:_identify(src/ARM_MK1_description) by extension 'colcon_pkg'
[0.189s] Level 1:colcon.colcon_core.package_identification:_identify(src/ARM_MK1_description) by extensions ['colcon_meta']
[0.189s] Level 1:colcon.colcon_core.package_identification:_identify(src/ARM_MK1_description) by extension 'colcon_meta'
[0.189s] Level 1:colcon.colcon_core.package_identification:_identify(src/ARM_MK1_description) by extensions ['ros']
[0.189s] Level 1:colcon.colcon_core.package_identification:_identify(src/ARM_MK1_description) by extension 'ros'
[0.192s] DEBUG:colcon.colcon_core.package_identification:Package 'src/ARM_MK1_description' with type 'ros.ament_python' and name 'ARM_MK1_description'
[0.192s] Level 1:colcon.colcon_core.package_identification:_identify(src/build) by extensions ['ignore', 'ignore_ament_install']
[0.192s] Level 1:colcon.colcon_core.package_identification:_identify(src/build) by extension 'ignore'
[0.192s] Level 1:colcon.colcon_core.package_identification:_identify(src/build) ignored
[0.192s] Level 1:colcon.colcon_core.package_identification:_identify(src/bullet_arm_description) by extensions ['ignore', 'ignore_ament_install']
[0.192s] Level 1:colcon.colcon_core.package_identification:_identify(src/bullet_arm_description) by extension 'ignore'
[0.192s] Level 1:colcon.colcon_core.package_identification:_identify(src/bullet_arm_description) by extension 'ignore_ament_install'
[0.192s] Level 1:colcon.colcon_core.package_identification:_identify(src/bullet_arm_description) by extensions ['colcon_pkg']
[0.192s] Level 1:colcon.colcon_core.package_identification:_identify(src/bullet_arm_description) by extension 'colcon_pkg'
[0.192s] Level 1:colcon.colcon_core.package_identification:_identify(src/bullet_arm_description) by extensions ['colcon_meta']
[0.192s] Level 1:colcon.colcon_core.package_identification:_identify(src/bullet_arm_description) by extension 'colcon_meta'
[0.192s] Level 1:colcon.colcon_core.package_identification:_identify(src/bullet_arm_description) by extensions ['ros']
[0.192s] Level 1:colcon.colcon_core.package_identification:_identify(src/bullet_arm_description) by extension 'ros'
[0.193s] DEBUG:colcon.colcon_core.package_identification:Package 'src/bullet_arm_description' with type 'ros.ament_python' and name 'bullet_arm_description'
[0.193s] Level 1:colcon.colcon_core.package_identification:_identify(src/install) by extensions ['ignore', 'ignore_ament_install']
[0.193s] Level 1:colcon.colcon_core.package_identification:_identify(src/install) by extension 'ignore'
[0.193s] Level 1:colcon.colcon_core.package_identification:_identify(src/install) ignored
[0.193s] Level 1:colcon.colcon_core.package_identification:_identify(src/log) by extensions ['ignore', 'ignore_ament_install']
[0.193s] Level 1:colcon.colcon_core.package_identification:_identify(src/log) by extension 'ignore'
[0.194s] Level 1:colcon.colcon_core.package_identification:_identify(src/log) ignored
[0.194s] Level 1:colcon.colcon_core.package_identification:_identify(src/oppressor_api) by extensions ['ignore', 'ignore_ament_install']
[0.194s] Level 1:colcon.colcon_core.package_identification:_identify(src/oppressor_api) by extension 'ignore'
[0.194s] Level 1:colcon.colcon_core.package_identification:_identify(src/oppressor_api) by extension 'ignore_ament_install'
[0.194s] Level 1:colcon.colcon_core.package_identification:_identify(src/oppressor_api) by extensions ['colcon_pkg']
[0.194s] Level 1:colcon.colcon_core.package_identification:_identify(src/oppressor_api) by extension 'colcon_pkg'
[0.194s] Level 1:colcon.colcon_core.package_identification:_identify(src/oppressor_api) by extensions ['colcon_meta']
[0.194s] Level 1:colcon.colcon_core.package_identification:_identify(src/oppressor_api) by extension 'colcon_meta'
[0.194s] Level 1:colcon.colcon_core.package_identification:_identify(src/oppressor_api) by extensions ['ros']
[0.194s] Level 1:colcon.colcon_core.package_identification:_identify(src/oppressor_api) by extension 'ros'
[0.195s] DEBUG:colcon.colcon_core.package_identification:Package 'src/oppressor_api' with type 'ros.ament_cmake' and name 'oppressor_api'
[0.195s] Level 1:colcon.colcon_core.package_identification:_identify(src/oppressor_mk1_description) by extensions ['ignore', 'ignore_ament_install']
[0.195s] Level 1:colcon.colcon_core.package_identification:_identify(src/oppressor_mk1_description) by extension 'ignore'
[0.195s] Level 1:colcon.colcon_core.package_identification:_identify(src/oppressor_mk1_description) by extension 'ignore_ament_install'
[0.195s] Level 1:colcon.colcon_core.package_identification:_identify(src/oppressor_mk1_description) by extensions ['colcon_pkg']
[0.195s] Level 1:colcon.colcon_core.package_identification:_identify(src/oppressor_mk1_description) by extension 'colcon_pkg'
[0.195s] Level 1:colcon.colcon_core.package_identification:_identify(src/oppressor_mk1_description) by extensions ['colcon_meta']
[0.195s] Level 1:colcon.colcon_core.package_identification:_identify(src/oppressor_mk1_description) by extension 'colcon_meta'
[0.195s] Level 1:colcon.colcon_core.package_identification:_identify(src/oppressor_mk1_description) by extensions ['ros']
[0.195s] Level 1:colcon.colcon_core.package_identification:_identify(src/oppressor_mk1_description) by extension 'ros'
[0.196s] DEBUG:colcon.colcon_core.package_identification:Package 'src/oppressor_mk1_description' with type 'ros.ament_python' and name 'oppressor_mk1_description'
[0.196s] Level 1:colcon.colcon_core.package_identification:_identify(src/oppressor_mk3_description) by extensions ['ignore', 'ignore_ament_install']
[0.197s] Level 1:colcon.colcon_core.package_identification:_identify(src/oppressor_mk3_description) by extension 'ignore'
[0.197s] Level 1:colcon.colcon_core.package_identification:_identify(src/oppressor_mk3_description) by extension 'ignore_ament_install'
[0.197s] Level 1:colcon.colcon_core.package_identification:_identify(src/oppressor_mk3_description) by extensions ['colcon_pkg']
[0.197s] Level 1:colcon.colcon_core.package_identification:_identify(src/oppressor_mk3_description) by extension 'colcon_pkg'
[0.197s] Level 1:colcon.colcon_core.package_identification:_identify(src/oppressor_mk3_description) by extensions ['colcon_meta']
[0.197s] Level 1:colcon.colcon_core.package_identification:_identify(src/oppressor_mk3_description) by extension 'colcon_meta'
[0.197s] Level 1:colcon.colcon_core.package_identification:_identify(src/oppressor_mk3_description) by extensions ['ros']
[0.197s] Level 1:colcon.colcon_core.package_identification:_identify(src/oppressor_mk3_description) by extension 'ros'
[0.198s] DEBUG:colcon.colcon_core.package_identification:Package 'src/oppressor_mk3_description' with type 'ros.ament_python' and name 'oppressor_mk3_description'
[0.198s] Level 1:colcon.colcon_core.package_identification:_identify(src/qube_1_description) by extensions ['ignore', 'ignore_ament_install']
[0.198s] Level 1:colcon.colcon_core.package_identification:_identify(src/qube_1_description) by extension 'ignore'
[0.198s] Level 1:colcon.colcon_core.package_identification:_identify(src/qube_1_description) by extension 'ignore_ament_install'
[0.198s] Level 1:colcon.colcon_core.package_identification:_identify(src/qube_1_description) by extensions ['colcon_pkg']
[0.198s] Level 1:colcon.colcon_core.package_identification:_identify(src/qube_1_description) by extension 'colcon_pkg'
[0.198s] Level 1:colcon.colcon_core.package_identification:_identify(src/qube_1_description) by extensions ['colcon_meta']
[0.198s] Level 1:colcon.colcon_core.package_identification:_identify(src/qube_1_description) by extension 'colcon_meta'
[0.198s] Level 1:colcon.colcon_core.package_identification:_identify(src/qube_1_description) by extensions ['ros']
[0.198s] Level 1:colcon.colcon_core.package_identification:_identify(src/qube_1_description) by extension 'ros'
[0.199s] DEBUG:colcon.colcon_core.package_identification:Package 'src/qube_1_description' with type 'ros.ament_python' and name 'qube_1_description'
[0.199s] Level 1:colcon.colcon_core.package_identification:_identify(src/r_arm_description) by extensions ['ignore', 'ignore_ament_install']
[0.199s] Level 1:colcon.colcon_core.package_identification:_identify(src/r_arm_description) by extension 'ignore'
[0.199s] Level 1:colcon.colcon_core.package_identification:_identify(src/r_arm_description) by extension 'ignore_ament_install'
[0.199s] Level 1:colcon.colcon_core.package_identification:_identify(src/r_arm_description) by extensions ['colcon_pkg']
[0.199s] Level 1:colcon.colcon_core.package_identification:_identify(src/r_arm_description) by extension 'colcon_pkg'
[0.199s] Level 1:colcon.colcon_core.package_identification:_identify(src/r_arm_description) by extensions ['colcon_meta']
[0.199s] Level 1:colcon.colcon_core.package_identification:_identify(src/r_arm_description) by extension 'colcon_meta'
[0.199s] Level 1:colcon.colcon_core.package_identification:_identify(src/r_arm_description) by extensions ['ros']
[0.199s] Level 1:colcon.colcon_core.package_identification:_identify(src/r_arm_description) by extension 'ros'
[0.200s] DEBUG:colcon.colcon_core.package_identification:Found ROS schema reference in package manifest in 'src/r_arm_description'
[0.200s] WARNING:colcon.colcon_core.package_identification:Failed to parse ROS package manifest in 'src/r_arm_description': Error(s) in package 'src/r_arm_description/package.xml':
Error(s):
- The manifest of package "r_arm_description" (with format version 3) must not contain the following tags: depand
[0.200s] Level 1:colcon.colcon_core.package_identification:_identify(src/r_arm_description) by extensions ['cmake', 'python']
[0.200s] Level 1:colcon.colcon_core.package_identification:_identify(src/r_arm_description) by extension 'cmake'
[0.200s] Level 1:colcon.colcon_core.package_identification:_identify(src/r_arm_description) by extension 'python'
[0.200s] DEBUG:colcon.colcon_core.package_identification:Python package in 'src/r_arm_description' passes arguments to the setup() function which requires a different identification extension than 'python'
[0.200s] Level 1:colcon.colcon_core.package_identification:_identify(src/r_arm_description) by extensions ['python_setup_py']
[0.200s] Level 1:colcon.colcon_core.package_identification:_identify(src/r_arm_description) by extension 'python_setup_py'
[0.435s] DEBUG:colcon.colcon_core.package_identification:Package 'src/r_arm_description' with type 'python' and name 'r_arm_description'
[0.435s] Level 1:colcon.colcon_core.package_identification:_identify(src/robot_mk1_description) by extensions ['ignore', 'ignore_ament_install']
[0.435s] Level 1:colcon.colcon_core.package_identification:_identify(src/robot_mk1_description) by extension 'ignore'
[0.435s] Level 1:colcon.colcon_core.package_identification:_identify(src/robot_mk1_description) by extension 'ignore_ament_install'
[0.435s] Level 1:colcon.colcon_core.package_identification:_identify(src/robot_mk1_description) by extensions ['colcon_pkg']
[0.435s] Level 1:colcon.colcon_core.package_identification:_identify(src/robot_mk1_description) by extension 'colcon_pkg'
[0.435s] Level 1:colcon.colcon_core.package_identification:_identify(src/robot_mk1_description) by extensions ['colcon_meta']
[0.435s] Level 1:colcon.colcon_core.package_identification:_identify(src/robot_mk1_description) by extension 'colcon_meta'
[0.435s] Level 1:colcon.colcon_core.package_identification:_identify(src/robot_mk1_description) by extensions ['ros']
[0.435s] Level 1:colcon.colcon_core.package_identification:_identify(src/robot_mk1_description) by extension 'ros'
[0.437s] DEBUG:colcon.colcon_core.package_identification:Package 'src/robot_mk1_description' with type 'ros.ament_python' and name 'robot_mk1_description'
[0.437s] Level 1:colcon.colcon_core.package_identification:_identify(src/robot_urdf_description) by extensions ['ignore', 'ignore_ament_install']
[0.437s] Level 1:colcon.colcon_core.package_identification:_identify(src/robot_urdf_description) by extension 'ignore'
[0.437s] Level 1:colcon.colcon_core.package_identification:_identify(src/robot_urdf_description) by extension 'ignore_ament_install'
[0.437s] Level 1:colcon.colcon_core.package_identification:_identify(src/robot_urdf_description) by extensions ['colcon_pkg']
[0.437s] Level 1:colcon.colcon_core.package_identification:_identify(src/robot_urdf_description) by extension 'colcon_pkg'
[0.437s] Level 1:colcon.colcon_core.package_identification:_identify(src/robot_urdf_description) by extensions ['colcon_meta']
[0.437s] Level 1:colcon.colcon_core.package_identification:_identify(src/robot_urdf_description) by extension 'colcon_meta'
[0.437s] Level 1:colcon.colcon_core.package_identification:_identify(src/robot_urdf_description) by extensions ['ros']
[0.437s] Level 1:colcon.colcon_core.package_identification:_identify(src/robot_urdf_description) by extension 'ros'
[0.438s] DEBUG:colcon.colcon_core.package_identification:Package 'src/robot_urdf_description' with type 'ros.ament_python' and name 'robot_urdf_description'
[0.438s] Level 1:colcon.colcon_core.package_identification:_identify(src/rosbot_api) by extensions ['ignore', 'ignore_ament_install']
[0.439s] Level 1:colcon.colcon_core.package_identification:_identify(src/rosbot_api) by extension 'ignore'
[0.439s] Level 1:colcon.colcon_core.package_identification:_identify(src/rosbot_api) by extension 'ignore_ament_install'
[0.439s] Level 1:colcon.colcon_core.package_identification:_identify(src/rosbot_api) by extensions ['colcon_pkg']
[0.439s] Level 1:colcon.colcon_core.package_identification:_identify(src/rosbot_api) by extension 'colcon_pkg'
[0.439s] Level 1:colcon.colcon_core.package_identification:_identify(src/rosbot_api) by extensions ['colcon_meta']
[0.439s] Level 1:colcon.colcon_core.package_identification:_identify(src/rosbot_api) by extension 'colcon_meta'
[0.439s] Level 1:colcon.colcon_core.package_identification:_identify(src/rosbot_api) by extensions ['ros']
[0.439s] Level 1:colcon.colcon_core.package_identification:_identify(src/rosbot_api) by extension 'ros'
[0.439s] DEBUG:colcon.colcon_core.package_identification:Package 'src/rosbot_api' with type 'ros.ament_cmake' and name 'rosbot_api'
[0.440s] Level 1:colcon.colcon_core.package_identification:_identify(src/rosbot_description) by extensions ['ignore', 'ignore_ament_install']
[0.440s] Level 1:colcon.colcon_core.package_identification:_identify(src/rosbot_description) by extension 'ignore'
[0.440s] Level 1:colcon.colcon_core.package_identification:_identify(src/rosbot_description) by extension 'ignore_ament_install'
[0.440s] Level 1:colcon.colcon_core.package_identification:_identify(src/rosbot_description) by extensions ['colcon_pkg']
[0.440s] Level 1:colcon.colcon_core.package_identification:_identify(src/rosbot_description) by extension 'colcon_pkg'
[0.440s] Level 1:colcon.colcon_core.package_identification:_identify(src/rosbot_description) by extensions ['colcon_meta']
[0.440s] Level 1:colcon.colcon_core.package_identification:_identify(src/rosbot_description) by extension 'colcon_meta'
[0.440s] Level 1:colcon.colcon_core.package_identification:_identify(src/rosbot_description) by extensions ['ros']
[0.440s] Level 1:colcon.colcon_core.package_identification:_identify(src/rosbot_description) by extension 'ros'
[0.441s] DEBUG:colcon.colcon_core.package_identification:Package 'src/rosbot_description' with type 'ros.ament_python' and name 'rosbot_description'
[0.441s] Level 1:colcon.colcon_core.package_identification:_identify(src/rosbot_mk3_description) by extensions ['ignore', 'ignore_ament_install']
[0.441s] Level 1:colcon.colcon_core.package_identification:_identify(src/rosbot_mk3_description) by extension 'ignore'
[0.441s] Level 1:colcon.colcon_core.package_identification:_identify(src/rosbot_mk3_description) by extension 'ignore_ament_install'
[0.441s] Level 1:colcon.colcon_core.package_identification:_identify(src/rosbot_mk3_description) by extensions ['colcon_pkg']
[0.441s] Level 1:colcon.colcon_core.package_identification:_identify(src/rosbot_mk3_description) by extension 'colcon_pkg'
[0.441s] Level 1:colcon.colcon_core.package_identification:_identify(src/rosbot_mk3_description) by extensions ['colcon_meta']
[0.441s] Level 1:colcon.colcon_core.package_identification:_identify(src/rosbot_mk3_description) by extension 'colcon_meta'
[0.441s] Level 1:colcon.colcon_core.package_identification:_identify(src/rosbot_mk3_description) by extensions ['ros']
[0.441s] Level 1:colcon.colcon_core.package_identification:_identify(src/rosbot_mk3_description) by extension 'ros'
[0.442s] DEBUG:colcon.colcon_core.package_identification:Package 'src/rosbot_mk3_description' with type 'ros.ament_python' and name 'rosbot_mk3_description'
[0.442s] Level 1:colcon.colcon_core.package_discovery:discover_packages(recursive) using defaults
[0.442s] Level 1:colcon.colcon_core.package_discovery:discover_packages(ignore) discover
[0.442s] Level 1:colcon.colcon_core.package_discovery:discover_packages(ignore) using defaults
[0.442s] Level 1:colcon.colcon_core.package_discovery:discover_packages(path) discover
[0.442s] Level 1:colcon.colcon_core.package_discovery:discover_packages(path) using defaults
[0.470s] Level 5:colcon.colcon_core.verb:set package 'ARM_MK1_description' build argument 'cmake_args' from command line to 'None'
[0.470s] Level 5:colcon.colcon_core.verb:set package 'ARM_MK1_description' build argument 'cmake_target' from command line to 'None'
[0.470s] Level 5:colcon.colcon_core.verb:set package 'ARM_MK1_description' build argument 'cmake_target_skip_unavailable' from command line to 'False'
[0.470s] Level 5:colcon.colcon_core.verb:set package 'ARM_MK1_description' build argument 'cmake_clean_cache' from command line to 'False'
[0.470s] Level 5:colcon.colcon_core.verb:set package 'ARM_MK1_description' build argument 'cmake_clean_first' from command line to 'False'
[0.470s] Level 5:colcon.colcon_core.verb:set package 'ARM_MK1_description' build argument 'cmake_force_configure' from command line to 'False'
[0.470s] Level 5:colcon.colcon_core.verb:set package 'ARM_MK1_description' build argument 'ament_cmake_args' from command line to 'None'
[0.470s] Level 5:colcon.colcon_core.verb:set package 'ARM_MK1_description' build argument 'catkin_cmake_args' from command line to 'None'
[0.470s] Level 5:colcon.colcon_core.verb:set package 'ARM_MK1_description' build argument 'catkin_skip_building_tests' from command line to 'False'
[0.470s] DEBUG:colcon.colcon_core.verb:Building package 'ARM_MK1_description' with the following arguments: {'ament_cmake_args': None, 'build_base': '/home/user/ros2_ws/build/ARM_MK1_description', 'catkin_cmake_args': None, 'catkin_skip_building_tests': False, 'cmake_args': None, 'cmake_clean_cache': False, 'cmake_clean_first': False, 'cmake_force_configure': False, 'cmake_target': None, 'cmake_target_skip_unavailable': False, 'install_base': '/home/user/ros2_ws/install/ARM_MK1_description', 'merge_install': False, 'path': '/home/user/ros2_ws/src/ARM_MK1_description', 'symlink_install': False, 'test_result_base': None}
[0.471s] Level 5:colcon.colcon_core.verb:set package 'bullet_arm_description' build argument 'cmake_args' from command line to 'None'
[0.471s] Level 5:colcon.colcon_core.verb:set package 'bullet_arm_description' build argument 'cmake_target' from command line to 'None'
[0.471s] Level 5:colcon.colcon_core.verb:set package 'bullet_arm_description' build argument 'cmake_target_skip_unavailable' from command line to 'False'
[0.471s] Level 5:colcon.colcon_core.verb:set package 'bullet_arm_description' build argument 'cmake_clean_cache' from command line to 'False'
[0.471s] Level 5:colcon.colcon_core.verb:set package 'bullet_arm_description' build argument 'cmake_clean_first' from command line to 'False'
[0.471s] Level 5:colcon.colcon_core.verb:set package 'bullet_arm_description' build argument 'cmake_force_configure' from command line to 'False'
[0.471s] Level 5:colcon.colcon_core.verb:set package 'bullet_arm_description' build argument 'ament_cmake_args' from command line to 'None'
[0.471s] Level 5:colcon.colcon_core.verb:set package 'bullet_arm_description' build argument 'catkin_cmake_args' from command line to 'None'
[0.471s] Level 5:colcon.colcon_core.verb:set package 'bullet_arm_description' build argument 'catkin_skip_building_tests' from command line to 'False'
[0.471s] DEBUG:colcon.colcon_core.verb:Building package 'bullet_arm_description' with the following arguments: {'ament_cmake_args': None, 'build_base': '/home/user/ros2_ws/build/bullet_arm_description', 'catkin_cmake_args': None, 'catkin_skip_building_tests': False, 'cmake_args': None, 'cmake_clean_cache': False, 'cmake_clean_first': False, 'cmake_force_configure': False, 'cmake_target': None, 'cmake_target_skip_unavailable': False, 'install_base': '/home/user/ros2_ws/install/bullet_arm_description', 'merge_install': False, 'path': '/home/user/ros2_ws/src/bullet_arm_description', 'symlink_install': False, 'test_result_base': None}
[0.471s] Level 5:colcon.colcon_core.verb:set package 'oppressor_api' build argument 'cmake_args' from command line to 'None'
[0.471s] Level 5:colcon.colcon_core.verb:set package 'oppressor_api' build argument 'cmake_target' from command line to 'None'
[0.472s] Level 5:colcon.colcon_core.verb:set package 'oppressor_api' build argument 'cmake_target_skip_unavailable' from command line to 'False'
[0.472s] Level 5:colcon.colcon_core.verb:set package 'oppressor_api' build argument 'cmake_clean_cache' from command line to 'False'
[0.472s] Level 5:colcon.colcon_core.verb:set package 'oppressor_api' build argument 'cmake_clean_first' from command line to 'False'
[0.472s] Level 5:colcon.colcon_core.verb:set package 'oppressor_api' build argument 'cmake_force_configure' from command line to 'False'
[0.472s] Level 5:colcon.colcon_core.verb:set package 'oppressor_api' build argument 'ament_cmake_args' from command line to 'None'
[0.472s] Level 5:colcon.colcon_core.verb:set package 'oppressor_api' build argument 'catkin_cmake_args' from command line to 'None'
[0.472s] Level 5:colcon.colcon_core.verb:set package 'oppressor_api' build argument 'catkin_skip_building_tests' from command line to 'False'
[0.472s] DEBUG:colcon.colcon_core.verb:Building package 'oppressor_api' with the following arguments: {'ament_cmake_args': None, 'build_base': '/home/user/ros2_ws/build/oppressor_api', 'catkin_cmake_args': None, 'catkin_skip_building_tests': False, 'cmake_args': None, 'cmake_clean_cache': False, 'cmake_clean_first': False, 'cmake_force_configure': False, 'cmake_target': None, 'cmake_target_skip_unavailable': False, 'install_base': '/home/user/ros2_ws/install/oppressor_api', 'merge_install': False, 'path': '/home/user/ros2_ws/src/oppressor_api', 'symlink_install': False, 'test_result_base': None}
[0.472s] Level 5:colcon.colcon_core.verb:set package 'oppressor_mk1_description' build argument 'cmake_args' from command line to 'None'
[0.472s] Level 5:colcon.colcon_core.verb:set package 'oppressor_mk1_description' build argument 'cmake_target' from command line to 'None'
[0.472s] Level 5:colcon.colcon_core.verb:set package 'oppressor_mk1_description' build argument 'cmake_target_skip_unavailable' from command line to 'False'
[0.472s] Level 5:colcon.colcon_core.verb:set package 'oppressor_mk1_description' build argument 'cmake_clean_cache' from command line to 'False'
[0.472s] Level 5:colcon.colcon_core.verb:set package 'oppressor_mk1_description' build argument 'cmake_clean_first' from command line to 'False'
[0.472s] Level 5:colcon.colcon_core.verb:set package 'oppressor_mk1_description' build argument 'cmake_force_configure' from command line to 'False'
[0.472s] Level 5:colcon.colcon_core.verb:set package 'oppressor_mk1_description' build argument 'ament_cmake_args' from command line to 'None'
[0.472s] Level 5:colcon.colcon_core.verb:set package 'oppressor_mk1_description' build argument 'catkin_cmake_args' from command line to 'None'
[0.473s] Level 5:colcon.colcon_core.verb:set package 'oppressor_mk1_description' build argument 'catkin_skip_building_tests' from command line to 'False'
[0.473s] DEBUG:colcon.colcon_core.verb:Building package 'oppressor_mk1_description' with the following arguments: {'ament_cmake_args': None, 'build_base': '/home/user/ros2_ws/build/oppressor_mk1_description', 'catkin_cmake_args': None, 'catkin_skip_building_tests': False, 'cmake_args': None, 'cmake_clean_cache': False, 'cmake_clean_first': False, 'cmake_force_configure': False, 'cmake_target': None, 'cmake_target_skip_unavailable': False, 'install_base': '/home/user/ros2_ws/install/oppressor_mk1_description', 'merge_install': False, 'path': '/home/user/ros2_ws/src/oppressor_mk1_description', 'symlink_install': False, 'test_result_base': None}
[0.473s] Level 5:colcon.colcon_core.verb:set package 'oppressor_mk3_description' build argument 'cmake_args' from command line to 'None'
[0.473s] Level 5:colcon.colcon_core.verb:set package 'oppressor_mk3_description' build argument 'cmake_target' from command line to 'None'
[0.473s] Level 5:colcon.colcon_core.verb:set package 'oppressor_mk3_description' build argument 'cmake_target_skip_unavailable' from command line to 'False'
[0.473s] Level 5:colcon.colcon_core.verb:set package 'oppressor_mk3_description' build argument 'cmake_clean_cache' from command line to 'False'
[0.473s] Level 5:colcon.colcon_core.verb:set package 'oppressor_mk3_description' build argument 'cmake_clean_first' from command line to 'False'
[0.473s] Level 5:colcon.colcon_core.verb:set package 'oppressor_mk3_description' build argument 'cmake_force_configure' from command line to 'False'
[0.473s] Level 5:colcon.colcon_core.verb:set package 'oppressor_mk3_description' build argument 'ament_cmake_args' from command line to 'None'
[0.473s] Level 5:colcon.colcon_core.verb:set package 'oppressor_mk3_description' build argument 'catkin_cmake_args' from command line to 'None'
[0.473s] Level 5:colcon.colcon_core.verb:set package 'oppressor_mk3_description' build argument 'catkin_skip_building_tests' from command line to 'False'
[0.473s] DEBUG:colcon.colcon_core.verb:Building package 'oppressor_mk3_description' with the following arguments: {'ament_cmake_args': None, 'build_base': '/home/user/ros2_ws/build/oppressor_mk3_description', 'catkin_cmake_args': None, 'catkin_skip_building_tests': False, 'cmake_args': None, 'cmake_clean_cache': False, 'cmake_clean_first': False, 'cmake_force_configure': False, 'cmake_target': None, 'cmake_target_skip_unavailable': False, 'install_base': '/home/user/ros2_ws/install/oppressor_mk3_description', 'merge_install': False, 'path': '/home/user/ros2_ws/src/oppressor_mk3_description', 'symlink_install': False, 'test_result_base': None}
[0.474s] Level 5:colcon.colcon_core.verb:set package 'qube_1_description' build argument 'cmake_args' from command line to 'None'
[0.474s] Level 5:colcon.colcon_core.verb:set package 'qube_1_description' build argument 'cmake_target' from command line to 'None'
[0.474s] Level 5:colcon.colcon_core.verb:set package 'qube_1_description' build argument 'cmake_target_skip_unavailable' from command line to 'False'
[0.474s] Level 5:colcon.colcon_core.verb:set package 'qube_1_description' build argument 'cmake_clean_cache' from command line to 'False'
[0.474s] Level 5:colcon.colcon_core.verb:set package 'qube_1_description' build argument 'cmake_clean_first' from command line to 'False'
[0.474s] Level 5:colcon.colcon_core.verb:set package 'qube_1_description' build argument 'cmake_force_configure' from command line to 'False'
[0.474s] Level 5:colcon.colcon_core.verb:set package 'qube_1_description' build argument 'ament_cmake_args' from command line to 'None'
[0.474s] Level 5:colcon.colcon_core.verb:set package 'qube_1_description' build argument 'catkin_cmake_args' from command line to 'None'
[0.474s] Level 5:colcon.colcon_core.verb:set package 'qube_1_description' build argument 'catkin_skip_building_tests' from command line to 'False'
[0.475s] DEBUG:colcon.colcon_core.verb:Building package 'qube_1_description' with the following arguments: {'ament_cmake_args': None, 'build_base': '/home/user/ros2_ws/build/qube_1_description', 'catkin_cmake_args': None, 'catkin_skip_building_tests': False, 'cmake_args': None, 'cmake_clean_cache': False, 'cmake_clean_first': False, 'cmake_force_configure': False, 'cmake_target': None, 'cmake_target_skip_unavailable': False, 'install_base': '/home/user/ros2_ws/install/qube_1_description', 'merge_install': False, 'path': '/home/user/ros2_ws/src/qube_1_description', 'symlink_install': False, 'test_result_base': None}
[0.475s] Level 5:colcon.colcon_core.verb:set package 'r_arm_description' build argument 'cmake_args' from command line to 'None'
[0.475s] Level 5:colcon.colcon_core.verb:set package 'r_arm_description' build argument 'cmake_target' from command line to 'None'
[0.475s] Level 5:colcon.colcon_core.verb:set package 'r_arm_description' build argument 'cmake_target_skip_unavailable' from command line to 'False'
[0.475s] Level 5:colcon.colcon_core.verb:set package 'r_arm_description' build argument 'cmake_clean_cache' from command line to 'False'
[0.475s] Level 5:colcon.colcon_core.verb:set package 'r_arm_description' build argument 'cmake_clean_first' from command line to 'False'
[0.475s] Level 5:colcon.colcon_core.verb:set package 'r_arm_description' build argument 'cmake_force_configure' from command line to 'False'
[0.475s] Level 5:colcon.colcon_core.verb:set package 'r_arm_description' build argument 'ament_cmake_args' from command line to 'None'
[0.475s] Level 5:colcon.colcon_core.verb:set package 'r_arm_description' build argument 'catkin_cmake_args' from command line to 'None'
[0.475s] Level 5:colcon.colcon_core.verb:set package 'r_arm_description' build argument 'catkin_skip_building_tests' from command line to 'False'
[0.475s] DEBUG:colcon.colcon_core.verb:Building package 'r_arm_description' with the following arguments: {'ament_cmake_args': None, 'build_base': '/home/user/ros2_ws/build/r_arm_description', 'catkin_cmake_args': None, 'catkin_skip_building_tests': False, 'cmake_args': None, 'cmake_clean_cache': False, 'cmake_clean_first': False, 'cmake_force_configure': False, 'cmake_target': None, 'cmake_target_skip_unavailable': False, 'install_base': '/home/user/ros2_ws/install/r_arm_description', 'merge_install': False, 'path': '/home/user/ros2_ws/src/r_arm_description', 'symlink_install': False, 'test_result_base': None}
[0.476s] Level 5:colcon.colcon_core.verb:set package 'robot_mk1_description' build argument 'cmake_args' from command line to 'None'
[0.476s] Level 5:colcon.colcon_core.verb:set package 'robot_mk1_description' build argument 'cmake_target' from command line to 'None'
[0.476s] Level 5:colcon.colcon_core.verb:set package 'robot_mk1_description' build argument 'cmake_target_skip_unavailable' from command line to 'False'
[0.476s] Level 5:colcon.colcon_core.verb:set package 'robot_mk1_description' build argument 'cmake_clean_cache' from command line to 'False'
[0.476s] Level 5:colcon.colcon_core.verb:set package 'robot_mk1_description' build argument 'cmake_clean_first' from command line to 'False'
[0.476s] Level 5:colcon.colcon_core.verb:set package 'robot_mk1_description' build argument 'cmake_force_configure' from command line to 'False'
[0.476s] Level 5:colcon.colcon_core.verb:set package 'robot_mk1_description' build argument 'ament_cmake_args' from command line to 'None'
[0.476s] Level 5:colcon.colcon_core.verb:set package 'robot_mk1_description' build argument 'catkin_cmake_args' from command line to 'None'
[0.476s] Level 5:colcon.colcon_core.verb:set package 'robot_mk1_description' build argument 'catkin_skip_building_tests' from command line to 'False'
[0.476s] DEBUG:colcon.colcon_core.verb:Building package 'robot_mk1_description' with the following arguments: {'ament_cmake_args': None, 'build_base': '/home/user/ros2_ws/build/robot_mk1_description', 'catkin_cmake_args': None, 'catkin_skip_building_tests': False, 'cmake_args': None, 'cmake_clean_cache': False, 'cmake_clean_first': False, 'cmake_force_configure': False, 'cmake_target': None, 'cmake_target_skip_unavailable': False, 'install_base': '/home/user/ros2_ws/install/robot_mk1_description', 'merge_install': False, 'path': '/home/user/ros2_ws/src/robot_mk1_description', 'symlink_install': False, 'test_result_base': None}
[0.476s] Level 5:colcon.colcon_core.verb:set package 'robot_urdf_description' build argument 'cmake_args' from command line to 'None'
[0.476s] Level 5:colcon.colcon_core.verb:set package 'robot_urdf_description' build argument 'cmake_target' from command line to 'None'
[0.476s] Level 5:colcon.colcon_core.verb:set package 'robot_urdf_description' build argument 'cmake_target_skip_unavailable' from command line to 'False'
[0.476s] Level 5:colcon.colcon_core.verb:set package 'robot_urdf_description' build argument 'cmake_clean_cache' from command line to 'False'
[0.476s] Level 5:colcon.colcon_core.verb:set package 'robot_urdf_description' build argument 'cmake_clean_first' from command line to 'False'
[0.476s] Level 5:colcon.colcon_core.verb:set package 'robot_urdf_description' build argument 'cmake_force_configure' from command line to 'False'
[0.476s] Level 5:colcon.colcon_core.verb:set package 'robot_urdf_description' build argument 'ament_cmake_args' from command line to 'None'
[0.477s] Level 5:colcon.colcon_core.verb:set package 'robot_urdf_description' build argument 'catkin_cmake_args' from command line to 'None'
[0.477s] Level 5:colcon.colcon_core.verb:set package 'robot_urdf_description' build argument 'catkin_skip_building_tests' from command line to 'False'
[0.477s] DEBUG:colcon.colcon_core.verb:Building package 'robot_urdf_description' with the following arguments: {'ament_cmake_args': None, 'build_base': '/home/user/ros2_ws/build/robot_urdf_description', 'catkin_cmake_args': None, 'catkin_skip_building_tests': False, 'cmake_args': None, 'cmake_clean_cache': False, 'cmake_clean_first': False, 'cmake_force_configure': False, 'cmake_target': None, 'cmake_target_skip_unavailable': False, 'install_base': '/home/user/ros2_ws/install/robot_urdf_description', 'merge_install': False, 'path': '/home/user/ros2_ws/src/robot_urdf_description', 'symlink_install': False, 'test_result_base': None}
[0.477s] Level 5:colcon.colcon_core.verb:set package 'rosbot_api' build argument 'cmake_args' from command line to 'None'
[0.477s] Level 5:colcon.colcon_core.verb:set package 'rosbot_api' build argument 'cmake_target' from command line to 'None'
[0.477s] Level 5:colcon.colcon_core.verb:set package 'rosbot_api' build argument 'cmake_target_skip_unavailable' from command line to 'False'
[0.477s] Level 5:colcon.colcon_core.verb:set package 'rosbot_api' build argument 'cmake_clean_cache' from command line to 'False'
[0.477s] Level 5:colcon.colcon_core.verb:set package 'rosbot_api' build argument 'cmake_clean_first' from command line to 'False'
[0.477s] Level 5:colcon.colcon_core.verb:set package 'rosbot_api' build argument 'cmake_force_configure' from command line to 'False'
[0.477s] Level 5:colcon.colcon_core.verb:set package 'rosbot_api' build argument 'ament_cmake_args' from command line to 'None'
[0.477s] Level 5:colcon.colcon_core.verb:set package 'rosbot_api' build argument 'catkin_cmake_args' from command line to 'None'
[0.477s] Level 5:colcon.colcon_core.verb:set package 'rosbot_api' build argument 'catkin_skip_building_tests' from command line to 'False'
[0.477s] DEBUG:colcon.colcon_core.verb:Building package 'rosbot_api' with the following arguments: {'ament_cmake_args': None, 'build_base': '/home/user/ros2_ws/build/rosbot_api', 'catkin_cmake_args': None, 'catkin_skip_building_tests': False, 'cmake_args': None, 'cmake_clean_cache': False, 'cmake_clean_first': False, 'cmake_force_configure': False, 'cmake_target': None, 'cmake_target_skip_unavailable': False, 'install_base': '/home/user/ros2_ws/install/rosbot_api', 'merge_install': False, 'path': '/home/user/ros2_ws/src/rosbot_api', 'symlink_install': False, 'test_result_base': None}
[0.478s] Level 5:colcon.colcon_core.verb:set package 'rosbot_description' build argument 'cmake_args' from command line to 'None'
[0.478s] Level 5:colcon.colcon_core.verb:set package 'rosbot_description' build argument 'cmake_target' from command line to 'None'
[0.478s] Level 5:colcon.colcon_core.verb:set package 'rosbot_description' build argument 'cmake_target_skip_unavailable' from command line to 'False'
[0.478s] Level 5:colcon.colcon_core.verb:set package 'rosbot_description' build argument 'cmake_clean_cache' from command line to 'False'
[0.478s] Level 5:colcon.colcon_core.verb:set package 'rosbot_description' build argument 'cmake_clean_first' from command line to 'False'
[0.478s] Level 5:colcon.colcon_core.verb:set package 'rosbot_description' build argument 'cmake_force_configure' from command line to 'False'
[0.478s] Level 5:colcon.colcon_core.verb:set package 'rosbot_description' build argument 'ament_cmake_args' from command line to 'None'
[0.478s] Level 5:colcon.colcon_core.verb:set package 'rosbot_description' build argument 'catkin_cmake_args' from command line to 'None'
[0.478s] Level 5:colcon.colcon_core.verb:set package 'rosbot_description' build argument 'catkin_skip_building_tests' from command line to 'False'
[0.478s] DEBUG:colcon.colcon_core.verb:Building package 'rosbot_description' with the following arguments: {'ament_cmake_args': None, 'build_base': '/home/user/ros2_ws/build/rosbot_description', 'catkin_cmake_args': None, 'catkin_skip_building_tests': False, 'cmake_args': None, 'cmake_clean_cache': False, 'cmake_clean_first': False, 'cmake_force_configure': False, 'cmake_target': None, 'cmake_target_skip_unavailable': False, 'install_base': '/home/user/ros2_ws/install/rosbot_description', 'merge_install': False, 'path': '/home/user/ros2_ws/src/rosbot_description', 'symlink_install': False, 'test_result_base': None}
[0.478s] Level 5:colcon.colcon_core.verb:set package 'rosbot_mk3_description' build argument 'cmake_args' from command line to 'None'
[0.478s] Level 5:colcon.colcon_core.verb:set package 'rosbot_mk3_description' build argument 'cmake_target' from command line to 'None'
[0.478s] Level 5:colcon.colcon_core.verb:set package 'rosbot_mk3_description' build argument 'cmake_target_skip_unavailable' from command line to 'False'
[0.478s] Level 5:colcon.colcon_core.verb:set package 'rosbot_mk3_description' build argument 'cmake_clean_cache' from command line to 'False'
[0.478s] Level 5:colcon.colcon_core.verb:set package 'rosbot_mk3_description' build argument 'cmake_clean_first' from command line to 'False'
[0.478s] Level 5:colcon.colcon_core.verb:set package 'rosbot_mk3_description' build argument 'cmake_force_configure' from command line to 'False'
[0.478s] Level 5:colcon.colcon_core.verb:set package 'rosbot_mk3_description' build argument 'ament_cmake_args' from command line to 'None'
[0.478s] Level 5:colcon.colcon_core.verb:set package 'rosbot_mk3_description' build argument 'catkin_cmake_args' from command line to 'None'
[0.478s] Level 5:colcon.colcon_core.verb:set package 'rosbot_mk3_description' build argument 'catkin_skip_building_tests' from command line to 'False'
[0.478s] DEBUG:colcon.colcon_core.verb:Building package 'rosbot_mk3_description' with the following arguments: {'ament_cmake_args': None, 'build_base': '/home/user/ros2_ws/build/rosbot_mk3_description', 'catkin_cmake_args': None, 'catkin_skip_building_tests': False, 'cmake_args': None, 'cmake_clean_cache': False, 'cmake_clean_first': False, 'cmake_force_configure': False, 'cmake_target': None, 'cmake_target_skip_unavailable': False, 'install_base': '/home/user/ros2_ws/install/rosbot_mk3_description', 'merge_install': False, 'path': '/home/user/ros2_ws/src/rosbot_mk3_description', 'symlink_install': False, 'test_result_base': None}
[0.479s] INFO:colcon.colcon_core.executor:Executing jobs using 'parallel' executor
[0.480s] DEBUG:colcon.colcon_parallel_executor.executor.parallel:run_until_complete
[0.480s] INFO:colcon.colcon_ros.task.ament_python.build:Building ROS package in '/home/user/ros2_ws/src/ARM_MK1_description' with build type 'ament_python'
[0.480s] Level 1:colcon.colcon_core.shell:create_environment_hook('ARM_MK1_description', 'ament_prefix_path')
[0.483s] INFO:colcon.colcon_core.plugin_system:Skipping extension 'colcon_core.shell.bat': Not used on non-Windows systems
[0.483s] INFO:colcon.colcon_core.shell:Creating environment hook '/home/user/ros2_ws/install/ARM_MK1_description/share/ARM_MK1_description/hook/ament_prefix_path.ps1'
[0.484s] INFO:colcon.colcon_core.shell:Creating environment descriptor '/home/user/ros2_ws/install/ARM_MK1_description/share/ARM_MK1_description/hook/ament_prefix_path.dsv'
[0.484s] INFO:colcon.colcon_core.shell:Creating environment hook '/home/user/ros2_ws/install/ARM_MK1_description/share/ARM_MK1_description/hook/ament_prefix_path.sh'
[0.485s] INFO:colcon.colcon_core.shell:Skip shell extension 'powershell' for command environment: Not usable outside of PowerShell
[0.485s] DEBUG:colcon.colcon_core.shell:Skip shell extension 'dsv' for command environment
[0.493s] INFO:colcon.colcon_ros.task.ament_python.build:Building ROS package in '/home/user/ros2_ws/src/bullet_arm_description' with build type 'ament_python'
[0.493s] Level 1:colcon.colcon_core.shell:create_environment_hook('bullet_arm_description', 'ament_prefix_path')
[0.493s] INFO:colcon.colcon_core.shell:Creating environment hook '/home/user/ros2_ws/install/bullet_arm_description/share/bullet_arm_description/hook/ament_prefix_path.ps1'
[0.494s] INFO:colcon.colcon_core.shell:Creating environment descriptor '/home/user/ros2_ws/install/bullet_arm_description/share/bullet_arm_description/hook/ament_prefix_path.dsv'
[0.494s] INFO:colcon.colcon_core.shell:Creating environment hook '/home/user/ros2_ws/install/bullet_arm_description/share/bullet_arm_description/hook/ament_prefix_path.sh'
[0.495s] INFO:colcon.colcon_core.shell:Skip shell extension 'powershell' for command environment: Not usable outside of PowerShell
[0.495s] DEBUG:colcon.colcon_core.shell:Skip shell extension 'dsv' for command environment
[0.501s] INFO:colcon.colcon_ros.task.ament_cmake.build:Building ROS package in '/home/user/ros2_ws/src/oppressor_api' with build type 'ament_cmake'
[0.501s] INFO:colcon.colcon_cmake.task.cmake.build:Building CMake package in '/home/user/ros2_ws/src/oppressor_api'
[0.501s] INFO:colcon.colcon_core.shell:Skip shell extension 'powershell' for command environment: Not usable outside of PowerShell
[0.501s] DEBUG:colcon.colcon_core.shell:Skip shell extension 'dsv' for command environment
[0.507s] INFO:colcon.colcon_ros.task.ament_python.build:Building ROS package in '/home/user/ros2_ws/src/oppressor_mk1_description' with build type 'ament_python'
[0.507s] Level 1:colcon.colcon_core.shell:create_environment_hook('oppressor_mk1_description', 'ament_prefix_path')
[0.507s] INFO:colcon.colcon_core.shell:Creating environment hook '/home/user/ros2_ws/install/oppressor_mk1_description/share/oppressor_mk1_description/hook/ament_prefix_path.ps1'
[0.508s] INFO:colcon.colcon_core.shell:Creating environment descriptor '/home/user/ros2_ws/install/oppressor_mk1_description/share/oppressor_mk1_description/hook/ament_prefix_path.dsv'
[0.509s] INFO:colcon.colcon_core.shell:Creating environment hook '/home/user/ros2_ws/install/oppressor_mk1_description/share/oppressor_mk1_description/hook/ament_prefix_path.sh'
[0.509s] INFO:colcon.colcon_core.shell:Skip shell extension 'powershell' for command environment: Not usable outside of PowerShell
[0.509s] DEBUG:colcon.colcon_core.shell:Skip shell extension 'dsv' for command environment
[0.514s] INFO:colcon.colcon_ros.task.ament_python.build:Building ROS package in '/home/user/ros2_ws/src/oppressor_mk3_description' with build type 'ament_python'
[0.515s] Level 1:colcon.colcon_core.shell:create_environment_hook('oppressor_mk3_description', 'ament_prefix_path')
[0.515s] INFO:colcon.colcon_core.shell:Creating environment hook '/home/user/ros2_ws/install/oppressor_mk3_description/share/oppressor_mk3_description/hook/ament_prefix_path.ps1'
[0.515s] INFO:colcon.colcon_core.shell:Creating environment descriptor '/home/user/ros2_ws/install/oppressor_mk3_description/share/oppressor_mk3_description/hook/ament_prefix_path.dsv'
[0.516s] INFO:colcon.colcon_core.shell:Creating environment hook '/home/user/ros2_ws/install/oppressor_mk3_description/share/oppressor_mk3_description/hook/ament_prefix_path.sh'
[0.516s] INFO:colcon.colcon_core.shell:Skip shell extension 'powershell' for command environment: Not usable outside of PowerShell
[0.516s] DEBUG:colcon.colcon_core.shell:Skip shell extension 'dsv' for command environment
[0.524s] INFO:colcon.colcon_ros.task.ament_python.build:Building ROS package in '/home/user/ros2_ws/src/qube_1_description' with build type 'ament_python'
[0.524s] Level 1:colcon.colcon_core.shell:create_environment_hook('qube_1_description', 'ament_prefix_path')
[0.524s] INFO:colcon.colcon_core.shell:Creating environment hook '/home/user/ros2_ws/install/qube_1_description/share/qube_1_description/hook/ament_prefix_path.ps1'
[0.525s] INFO:colcon.colcon_core.shell:Creating environment descriptor '/home/user/ros2_ws/install/qube_1_description/share/qube_1_description/hook/ament_prefix_path.dsv'
[0.525s] INFO:colcon.colcon_core.shell:Creating environment hook '/home/user/ros2_ws/install/qube_1_description/share/qube_1_description/hook/ament_prefix_path.sh'
[0.526s] INFO:colcon.colcon_core.shell:Skip shell extension 'powershell' for command environment: Not usable outside of PowerShell
[0.526s] DEBUG:colcon.colcon_core.shell:Skip shell extension 'dsv' for command environment
[0.531s] INFO:colcon.colcon_core.task.python.build:Building Python package in '/home/user/ros2_ws/src/r_arm_description'
[0.531s] INFO:colcon.colcon_core.shell:Skip shell extension 'powershell' for command environment: Not usable outside of PowerShell
[0.531s] DEBUG:colcon.colcon_core.shell:Skip shell extension 'dsv' for command environment
[0.537s] INFO:colcon.colcon_ros.task.ament_python.build:Building ROS package in '/home/user/ros2_ws/src/robot_mk1_description' with build type 'ament_python'
[0.537s] Level 1:colcon.colcon_core.shell:create_environment_hook('robot_mk1_description', 'ament_prefix_path')
[0.537s] INFO:colcon.colcon_core.shell:Creating environment hook '/home/user/ros2_ws/install/robot_mk1_description/share/robot_mk1_description/hook/ament_prefix_path.ps1'
[0.538s] INFO:colcon.colcon_core.shell:Creating environment descriptor '/home/user/ros2_ws/install/robot_mk1_description/share/robot_mk1_description/hook/ament_prefix_path.dsv'
[0.538s] INFO:colcon.colcon_core.shell:Creating environment hook '/home/user/ros2_ws/install/robot_mk1_description/share/robot_mk1_description/hook/ament_prefix_path.sh'
[0.539s] INFO:colcon.colcon_core.shell:Skip shell extension 'powershell' for command environment: Not usable outside of PowerShell
[0.539s] DEBUG:colcon.colcon_core.shell:Skip shell extension 'dsv' for command environment
[0.784s] INFO:colcon.colcon_core.task.python.build:Building Python package in '/home/user/ros2_ws/src/ARM_MK1_description'
[0.784s] INFO:colcon.colcon_core.shell:Skip shell extension 'powershell' for command environment: Not usable outside of PowerShell
[0.784s] DEBUG:colcon.colcon_core.shell:Skip shell extension 'dsv' for command environment
[1.032s] INFO:colcon.colcon_core.task.python.build:Building Python package in '/home/user/ros2_ws/src/bullet_arm_description'
[1.032s] INFO:colcon.colcon_core.shell:Skip shell extension 'powershell' for command environment: Not usable outside of PowerShell
[1.032s] DEBUG:colcon.colcon_core.shell:Skip shell extension 'dsv' for command environment
[1.043s] DEBUG:colcon.colcon_core.event_handler.log_command:Invoking command in '/home/user/ros2_ws/build/oppressor_api': CMAKE_PREFIX_PATH=${CMAKE_PREFIX_PATH}:/home/user/ros2_ws/install/rosbot_mk3_description:/home/user/ros2_ws/install/rosbot_description:/home/user/ros2_ws/install/robot_urdf_description:/home/user/ros2_ws/install/robot_mk1_description:/home/user/ros2_ws/install/qube_1_description:/home/user/ros2_ws/install/oppressor_mk3_description:/home/user/ros2_ws/install/oppressor_mk1_description:/home/user/ros2_ws/install/bullet_arm_description:/home/user/ros2_ws/install/ARM_MK1_description:/opt/ros/jazzy _=/usr/bin/env /usr/bin/cmake --build /home/user/ros2_ws/build/oppressor_api -- -j8 -l8
[1.305s] INFO:colcon.colcon_core.task.python.build:Building Python package in '/home/user/ros2_ws/src/oppressor_mk1_description'
[1.305s] INFO:colcon.colcon_core.shell:Skip shell extension 'powershell' for command environment: Not usable outside of PowerShell
[1.306s] DEBUG:colcon.colcon_core.shell:Skip shell extension 'dsv' for command environment
[1.555s] INFO:colcon.colcon_core.task.python.build:Building Python package in '/home/user/ros2_ws/src/oppressor_mk3_description'
[1.555s] INFO:colcon.colcon_core.shell:Skip shell extension 'powershell' for command environment: Not usable outside of PowerShell
[1.555s] DEBUG:colcon.colcon_core.shell:Skip shell extension 'dsv' for command environment
[1.822s] INFO:colcon.colcon_core.task.python.build:Building Python package in '/home/user/ros2_ws/src/qube_1_description'
[1.822s] INFO:colcon.colcon_core.shell:Skip shell extension 'powershell' for command environment: Not usable outside of PowerShell
[1.822s] DEBUG:colcon.colcon_core.shell:Skip shell extension 'dsv' for command environment
[2.395s] INFO:colcon.colcon_core.task.python.build:Building Python package in '/home/user/ros2_ws/src/robot_mk1_description'
[2.396s] INFO:colcon.colcon_core.shell:Skip shell extension 'powershell' for command environment: Not usable outside of PowerShell
[2.396s] DEBUG:colcon.colcon_core.shell:Skip shell extension 'dsv' for command environment
[4.953s] DEBUG:colcon.colcon_core.event_handler.log_command:Invoking command in '/home/user/ros2_ws/src/r_arm_description': PYTHONPATH=/home/user/ros2_ws/build/r_arm_description/prefix_override:/usr/lib/python3/dist-packages/colcon_core/task/python/colcon_distutils_commands:/home/user/ros2_ws/install/r_arm_description/lib/python3.12/site-packages:${PYTHONPATH} _=/usr/bin/env /usr/bin/python3 -W ignore:setup.py install is deprecated -W ignore:easy_install command is deprecated setup.py egg_info --egg-base ../../build/r_arm_description build --build-base /home/user/ros2_ws/build/r_arm_description/build install --record /home/user/ros2_ws/build/r_arm_description/install.log --single-version-externally-managed install_data
[6.447s] DEBUG:colcon.colcon_core.event_handler.log_command:Invoking command in '/home/user/ros2_ws/src/ARM_MK1_description': PYTHONPATH=/home/user/ros2_ws/build/ARM_MK1_description/prefix_override:/usr/lib/python3/dist-packages/colcon_core/task/python/colcon_distutils_commands:/home/user/ros2_ws/install/ARM_MK1_description/lib/python3.12/site-packages:${PYTHONPATH} _=/usr/bin/env /usr/bin/python3 -W ignore:setup.py install is deprecated -W ignore:easy_install command is deprecated setup.py egg_info --egg-base ../../build/ARM_MK1_description build --build-base /home/user/ros2_ws/build/ARM_MK1_description/build install --record /home/user/ros2_ws/build/ARM_MK1_description/install.log --single-version-externally-managed install_data
[6.648s] DEBUG:colcon.colcon_core.event_handler.log_command:Invoking command in '/home/user/ros2_ws/src/bullet_arm_description': PYTHONPATH=/home/user/ros2_ws/build/bullet_arm_description/prefix_override:/usr/lib/python3/dist-packages/colcon_core/task/python/colcon_distutils_commands:/home/user/ros2_ws/install/bullet_arm_description/lib/python3.12/site-packages:${PYTHONPATH} _=/usr/bin/env /usr/bin/python3 -W ignore:setup.py install is deprecated -W ignore:easy_install command is deprecated setup.py egg_info --egg-base ../../build/bullet_arm_description build --build-base /home/user/ros2_ws/build/bullet_arm_description/build install --record /home/user/ros2_ws/build/bullet_arm_description/install.log --single-version-externally-managed install_data
[6.747s] DEBUG:colcon.colcon_core.event_handler.log_command:Invoking command in '/home/user/ros2_ws/src/oppressor_mk1_description': PYTHONPATH=/home/user/ros2_ws/build/oppressor_mk1_description/prefix_override:/usr/lib/python3/dist-packages/colcon_core/task/python/colcon_distutils_commands:/home/user/ros2_ws/install/oppressor_mk1_description/lib/python3.12/site-packages:${PYTHONPATH} _=/usr/bin/env /usr/bin/python3 -W ignore:setup.py install is deprecated -W ignore:easy_install command is deprecated setup.py egg_info --egg-base ../../build/oppressor_mk1_description build --build-base /home/user/ros2_ws/build/oppressor_mk1_description/build install --record /home/user/ros2_ws/build/oppressor_mk1_description/install.log --single-version-externally-managed install_data
[6.767s] DEBUG:colcon.colcon_core.event_handler.log_command:Invoking command in '/home/user/ros2_ws/src/qube_1_description': PYTHONPATH=/home/user/ros2_ws/build/qube_1_description/prefix_override:/usr/lib/python3/dist-packages/colcon_core/task/python/colcon_distutils_commands:/home/user/ros2_ws/install/qube_1_description/lib/python3.12/site-packages:${PYTHONPATH} _=/usr/bin/env /usr/bin/python3 -W ignore:setup.py install is deprecated -W ignore:easy_install command is deprecated setup.py egg_info --egg-base ../../build/qube_1_description build --build-base /home/user/ros2_ws/build/qube_1_description/build install --record /home/user/ros2_ws/build/qube_1_description/install.log --single-version-externally-managed install_data
[6.864s] DEBUG:colcon.colcon_core.event_handler.log_command:Invoking command in '/home/user/ros2_ws/src/robot_mk1_description': PYTHONPATH=/home/user/ros2_ws/build/robot_mk1_description/prefix_override:/usr/lib/python3/dist-packages/colcon_core/task/python/colcon_distutils_commands:/home/user/ros2_ws/install/robot_mk1_description/lib/python3.12/site-packages:${PYTHONPATH} _=/usr/bin/env /usr/bin/python3 -W ignore:setup.py install is deprecated -W ignore:easy_install command is deprecated setup.py egg_info --egg-base ../../build/robot_mk1_description build --build-base /home/user/ros2_ws/build/robot_mk1_description/build install --record /home/user/ros2_ws/build/robot_mk1_description/install.log --single-version-externally-managed install_data
[6.949s] DEBUG:colcon.colcon_core.event_handler.log_command:Invoking command in '/home/user/ros2_ws/src/oppressor_mk3_description': PYTHONPATH=/home/user/ros2_ws/build/oppressor_mk3_description/prefix_override:/usr/lib/python3/dist-packages/colcon_core/task/python/colcon_distutils_commands:/home/user/ros2_ws/install/oppressor_mk3_description/lib/python3.12/site-packages:${PYTHONPATH} _=/usr/bin/env /usr/bin/python3 -W ignore:setup.py install is deprecated -W ignore:easy_install command is deprecated setup.py egg_info --egg-base ../../build/oppressor_mk3_description build --build-base /home/user/ros2_ws/build/oppressor_mk3_description/build install --record /home/user/ros2_ws/build/oppressor_mk3_description/install.log --single-version-externally-managed install_data
[8.961s] DEBUG:colcon.colcon_core.event_handler.log_command:Invoked command in '/home/user/ros2_ws/src/r_arm_description' returned '0': PYTHONPATH=/home/user/ros2_ws/build/r_arm_description/prefix_override:/usr/lib/python3/dist-packages/colcon_core/task/python/colcon_distutils_commands:/home/user/ros2_ws/install/r_arm_description/lib/python3.12/site-packages:${PYTHONPATH} _=/usr/bin/env /usr/bin/python3 -W ignore:setup.py install is deprecated -W ignore:easy_install command is deprecated setup.py egg_info --egg-base ../../build/r_arm_description build --build-base /home/user/ros2_ws/build/r_arm_description/build install --record /home/user/ros2_ws/build/r_arm_description/install.log --single-version-externally-managed install_data
[8.964s] Level 1:colcon.colcon_core.environment:checking '/home/user/ros2_ws/install/r_arm_description' for CMake module files
[8.966s] Level 1:colcon.colcon_core.environment:checking '/home/user/ros2_ws/install/r_arm_description' for CMake config files
[8.967s] Level 1:colcon.colcon_core.environment:checking '/home/user/ros2_ws/install/r_arm_description/lib'
[8.967s] Level 1:colcon.colcon_core.environment:checking '/home/user/ros2_ws/install/r_arm_description/bin'
[8.967s] Level 1:colcon.colcon_core.environment:checking '/home/user/ros2_ws/install/r_arm_description/lib/pkgconfig/r_arm_description.pc'
[8.968s] Level 1:colcon.colcon_core.environment:checking '/home/user/ros2_ws/install/r_arm_description/lib/python3.12/site-packages'
[8.968s] Level 1:colcon.colcon_core.shell:create_environment_hook('r_arm_description', 'pythonpath')
[8.968s] INFO:colcon.colcon_core.shell:Creating environment hook '/home/user/ros2_ws/install/r_arm_description/share/r_arm_description/hook/pythonpath.ps1'
[8.969s] INFO:colcon.colcon_core.shell:Creating environment descriptor '/home/user/ros2_ws/install/r_arm_description/share/r_arm_description/hook/pythonpath.dsv'
[8.969s] INFO:colcon.colcon_core.shell:Creating environment hook '/home/user/ros2_ws/install/r_arm_description/share/r_arm_description/hook/pythonpath.sh'
[8.970s] Level 1:colcon.colcon_core.environment:checking '/home/user/ros2_ws/install/r_arm_description/bin'
[8.970s] Level 1:colcon.colcon_core.environment:create_environment_scripts_only(r_arm_description)
[8.970s] INFO:colcon.colcon_core.shell:Creating package script '/home/user/ros2_ws/install/r_arm_description/share/r_arm_description/package.ps1'
[9.047s] INFO:colcon.colcon_core.shell:Creating package descriptor '/home/user/ros2_ws/install/r_arm_description/share/r_arm_description/package.dsv'
[9.049s] INFO:colcon.colcon_core.shell:Creating package script '/home/user/ros2_ws/install/r_arm_description/share/r_arm_description/package.sh'
[9.051s] INFO:colcon.colcon_core.shell:Creating package script '/home/user/ros2_ws/install/r_arm_description/share/r_arm_description/package.bash'
[9.052s] INFO:colcon.colcon_core.shell:Creating package script '/home/user/ros2_ws/install/r_arm_description/share/r_arm_description/package.zsh'
[9.053s] Level 1:colcon.colcon_core.environment:create_file_with_runtime_dependencies(/home/user/ros2_ws/install/r_arm_description/share/colcon-core/packages/r_arm_description)
[9.055s] INFO:colcon.colcon_ros.task.ament_python.build:Building ROS package in '/home/user/ros2_ws/src/robot_urdf_description' with build type 'ament_python'
[9.056s] Level 1:colcon.colcon_core.shell:create_environment_hook('robot_urdf_description', 'ament_prefix_path')
[9.056s] INFO:colcon.colcon_core.shell:Creating environment hook '/home/user/ros2_ws/install/robot_urdf_description/share/robot_urdf_description/hook/ament_prefix_path.ps1'
[9.057s] INFO:colcon.colcon_core.shell:Creating environment descriptor '/home/user/ros2_ws/install/robot_urdf_description/share/robot_urdf_description/hook/ament_prefix_path.dsv'
[9.058s] INFO:colcon.colcon_core.shell:Creating environment hook '/home/user/ros2_ws/install/robot_urdf_description/share/robot_urdf_description/hook/ament_prefix_path.sh'
[9.059s] INFO:colcon.colcon_core.shell:Skip shell extension 'powershell' for command environment: Not usable outside of PowerShell
[9.059s] DEBUG:colcon.colcon_core.shell:Skip shell extension 'dsv' for command environment
[10.553s] INFO:colcon.colcon_core.task.python.build:Building Python package in '/home/user/ros2_ws/src/robot_urdf_description'
[10.554s] INFO:colcon.colcon_core.shell:Skip shell extension 'powershell' for command environment: Not usable outside of PowerShell
[10.554s] DEBUG:colcon.colcon_core.shell:Skip shell extension 'dsv' for command environment
[10.566s] Level 1:colcon.colcon_core.environment:checking '/home/user/ros2_ws/install/ARM_MK1_description' for CMake module files
[10.568s] Level 1:colcon.colcon_core.environment:checking '/home/user/ros2_ws/install/ARM_MK1_description' for CMake config files
[10.569s] Level 1:colcon.colcon_core.environment:checking '/home/user/ros2_ws/install/ARM_MK1_description/lib'
[10.569s] Level 1:colcon.colcon_core.environment:checking '/home/user/ros2_ws/install/ARM_MK1_description/bin'
[10.569s] Level 1:colcon.colcon_core.environment:checking '/home/user/ros2_ws/install/ARM_MK1_description/lib/pkgconfig/ARM_MK1_description.pc'
[10.570s] Level 1:colcon.colcon_core.environment:checking '/home/user/ros2_ws/install/ARM_MK1_description/lib/python3.12/site-packages'
[10.570s] Level 1:colcon.colcon_core.shell:create_environment_hook('ARM_MK1_description', 'pythonpath')
[10.570s] INFO:colcon.colcon_core.shell:Creating environment hook '/home/user/ros2_ws/install/ARM_MK1_description/share/ARM_MK1_description/hook/pythonpath.ps1'
[10.570s] INFO:colcon.colcon_core.shell:Creating environment descriptor '/home/user/ros2_ws/install/ARM_MK1_description/share/ARM_MK1_description/hook/pythonpath.dsv'
[10.571s] INFO:colcon.colcon_core.shell:Creating environment hook '/home/user/ros2_ws/install/ARM_MK1_description/share/ARM_MK1_description/hook/pythonpath.sh'
[10.572s] Level 1:colcon.colcon_core.environment:checking '/home/user/ros2_ws/install/ARM_MK1_description/bin'
[10.573s] DEBUG:colcon.colcon_core.event_handler.log_command:Invoked command in '/home/user/ros2_ws/src/ARM_MK1_description' returned '0': PYTHONPATH=/home/user/ros2_ws/build/ARM_MK1_description/prefix_override:/usr/lib/python3/dist-packages/colcon_core/task/python/colcon_distutils_commands:/home/user/ros2_ws/install/ARM_MK1_description/lib/python3.12/site-packages:${PYTHONPATH} _=/usr/bin/env /usr/bin/python3 -W ignore:setup.py install is deprecated -W ignore:easy_install command is deprecated setup.py egg_info --egg-base ../../build/ARM_MK1_description build --build-base /home/user/ros2_ws/build/ARM_MK1_description/build install --record /home/user/ros2_ws/build/ARM_MK1_description/install.log --single-version-externally-managed install_data
[10.574s] Level 1:colcon.colcon_core.environment:create_environment_scripts_only(ARM_MK1_description)
[10.574s] INFO:colcon.colcon_core.shell:Creating package script '/home/user/ros2_ws/install/ARM_MK1_description/share/ARM_MK1_description/package.ps1'
[10.575s] INFO:colcon.colcon_core.shell:Creating package descriptor '/home/user/ros2_ws/install/ARM_MK1_description/share/ARM_MK1_description/package.dsv'
[10.575s] INFO:colcon.colcon_core.shell:Creating package script '/home/user/ros2_ws/install/ARM_MK1_description/share/ARM_MK1_description/package.sh'
[10.576s] INFO:colcon.colcon_core.shell:Creating package script '/home/user/ros2_ws/install/ARM_MK1_description/share/ARM_MK1_description/package.bash'
[10.576s] INFO:colcon.colcon_core.shell:Creating package script '/home/user/ros2_ws/install/ARM_MK1_description/share/ARM_MK1_description/package.zsh'
[10.577s] Level 1:colcon.colcon_core.environment:create_file_with_runtime_dependencies(/home/user/ros2_ws/install/ARM_MK1_description/share/colcon-core/packages/ARM_MK1_description)
[10.577s] Level 1:colcon.colcon_core.environment:checking '/home/user/ros2_ws/install/bullet_arm_description' for CMake module files
[10.579s] DEBUG:colcon.colcon_core.event_handler.log_command:Invoked command in '/home/user/ros2_ws/src/bullet_arm_description' returned '0': PYTHONPATH=/home/user/ros2_ws/build/bullet_arm_description/prefix_override:/usr/lib/python3/dist-packages/colcon_core/task/python/colcon_distutils_commands:/home/user/ros2_ws/install/bullet_arm_description/lib/python3.12/site-packages:${PYTHONPATH} _=/usr/bin/env /usr/bin/python3 -W ignore:setup.py install is deprecated -W ignore:easy_install command is deprecated setup.py egg_info --egg-base ../../build/bullet_arm_description build --build-base /home/user/ros2_ws/build/bullet_arm_description/build install --record /home/user/ros2_ws/build/bullet_arm_description/install.log --single-version-externally-managed install_data
[10.580s] Level 1:colcon.colcon_core.environment:checking '/home/user/ros2_ws/install/bullet_arm_description' for CMake config files
[10.581s] Level 1:colcon.colcon_core.environment:checking '/home/user/ros2_ws/install/bullet_arm_description/lib'
[10.581s] Level 1:colcon.colcon_core.environment:checking '/home/user/ros2_ws/install/bullet_arm_description/bin'
[10.581s] Level 1:colcon.colcon_core.environment:checking '/home/user/ros2_ws/install/bullet_arm_description/lib/pkgconfig/bullet_arm_description.pc'
[10.581s] Level 1:colcon.colcon_core.environment:checking '/home/user/ros2_ws/install/bullet_arm_description/lib/python3.12/site-packages'
[10.582s] Level 1:colcon.colcon_core.shell:create_environment_hook('bullet_arm_description', 'pythonpath')
[10.582s] INFO:colcon.colcon_core.shell:Creating environment hook '/home/user/ros2_ws/install/bullet_arm_description/share/bullet_arm_description/hook/pythonpath.ps1'
[10.582s] INFO:colcon.colcon_core.shell:Creating environment descriptor '/home/user/ros2_ws/install/bullet_arm_description/share/bullet_arm_description/hook/pythonpath.dsv'
[10.583s] INFO:colcon.colcon_core.shell:Creating environment hook '/home/user/ros2_ws/install/bullet_arm_description/share/bullet_arm_description/hook/pythonpath.sh'
[10.644s] Level 1:colcon.colcon_core.environment:checking '/home/user/ros2_ws/install/bullet_arm_description/bin'
[10.644s] Level 1:colcon.colcon_core.environment:create_environment_scripts_only(bullet_arm_description)
[10.645s] INFO:colcon.colcon_core.shell:Creating package script '/home/user/ros2_ws/install/bullet_arm_description/share/bullet_arm_description/package.ps1'
[10.646s] INFO:colcon.colcon_core.shell:Creating package descriptor '/home/user/ros2_ws/install/bullet_arm_description/share/bullet_arm_description/package.dsv'
[10.646s] INFO:colcon.colcon_core.shell:Creating package script '/home/user/ros2_ws/install/bullet_arm_description/share/bullet_arm_description/package.sh'
[10.647s] INFO:colcon.colcon_core.shell:Creating package script '/home/user/ros2_ws/install/bullet_arm_description/share/bullet_arm_description/package.bash'
[10.647s] INFO:colcon.colcon_core.shell:Creating package script '/home/user/ros2_ws/install/bullet_arm_description/share/bullet_arm_description/package.zsh'
[10.648s] Level 1:colcon.colcon_core.environment:create_file_with_runtime_dependencies(/home/user/ros2_ws/install/bullet_arm_description/share/colcon-core/packages/bullet_arm_description)
[10.650s] INFO:colcon.colcon_ros.task.ament_cmake.build:Building ROS package in '/home/user/ros2_ws/src/rosbot_api' with build type 'ament_cmake'
[10.650s] INFO:colcon.colcon_cmake.task.cmake.build:Building CMake package in '/home/user/ros2_ws/src/rosbot_api'
[10.650s] INFO:colcon.colcon_core.shell:Skip shell extension 'powershell' for command environment: Not usable outside of PowerShell
[10.650s] DEBUG:colcon.colcon_core.shell:Skip shell extension 'dsv' for command environment
[10.661s] INFO:colcon.colcon_ros.task.ament_python.build:Building ROS package in '/home/user/ros2_ws/src/rosbot_description' with build type 'ament_python'
[10.661s] Level 1:colcon.colcon_core.shell:create_environment_hook('rosbot_description', 'ament_prefix_path')
[10.661s] INFO:colcon.colcon_core.shell:Creating environment hook '/home/user/ros2_ws/install/rosbot_description/share/rosbot_description/hook/ament_prefix_path.ps1'
[10.664s] INFO:colcon.colcon_core.shell:Creating environment descriptor '/home/user/ros2_ws/install/rosbot_description/share/rosbot_description/hook/ament_prefix_path.dsv'
[10.664s] INFO:colcon.colcon_core.shell:Creating environment hook '/home/user/ros2_ws/install/rosbot_description/share/rosbot_description/hook/ament_prefix_path.sh'
[10.665s] INFO:colcon.colcon_core.shell:Skip shell extension 'powershell' for command environment: Not usable outside of PowerShell
[10.665s] DEBUG:colcon.colcon_core.shell:Skip shell extension 'dsv' for command environment
[10.672s] Level 1:colcon.colcon_core.environment:checking '/home/user/ros2_ws/install/oppressor_mk1_description' for CMake module files
[10.673s] Level 1:colcon.colcon_core.environment:checking '/home/user/ros2_ws/install/oppressor_mk1_description' for CMake config files
[10.674s] Level 1:colcon.colcon_core.environment:checking '/home/user/ros2_ws/install/oppressor_mk1_description/lib'
[10.674s] Level 1:colcon.colcon_core.environment:checking '/home/user/ros2_ws/install/oppressor_mk1_description/bin'
[10.674s] Level 1:colcon.colcon_core.environment:checking '/home/user/ros2_ws/install/oppressor_mk1_description/lib/pkgconfig/oppressor_mk1_description.pc'
[10.675s] Level 1:colcon.colcon_core.environment:checking '/home/user/ros2_ws/install/oppressor_mk1_description/lib/python3.12/site-packages'
[10.675s] Level 1:colcon.colcon_core.shell:create_environment_hook('oppressor_mk1_description', 'pythonpath')
[10.676s] INFO:colcon.colcon_core.shell:Creating environment hook '/home/user/ros2_ws/install/oppressor_mk1_description/share/oppressor_mk1_description/hook/pythonpath.ps1'
[10.676s] DEBUG:colcon.colcon_core.event_handler.log_command:Invoked command in '/home/user/ros2_ws/src/oppressor_mk1_description' returned '0': PYTHONPATH=/home/user/ros2_ws/build/oppressor_mk1_description/prefix_override:/usr/lib/python3/dist-packages/colcon_core/task/python/colcon_distutils_commands:/home/user/ros2_ws/install/oppressor_mk1_description/lib/python3.12/site-packages:${PYTHONPATH} _=/usr/bin/env /usr/bin/python3 -W ignore:setup.py install is deprecated -W ignore:easy_install command is deprecated setup.py egg_info --egg-base ../../build/oppressor_mk1_description build --build-base /home/user/ros2_ws/build/oppressor_mk1_description/build install --record /home/user/ros2_ws/build/oppressor_mk1_description/install.log --single-version-externally-managed install_data
[10.677s] INFO:colcon.colcon_core.shell:Creating environment descriptor '/home/user/ros2_ws/install/oppressor_mk1_description/share/oppressor_mk1_description/hook/pythonpath.dsv'
[10.678s] INFO:colcon.colcon_core.shell:Creating environment hook '/home/user/ros2_ws/install/oppressor_mk1_description/share/oppressor_mk1_description/hook/pythonpath.sh'
[10.679s] Level 1:colcon.colcon_core.environment:checking '/home/user/ros2_ws/install/oppressor_mk1_description/bin'
[10.679s] Level 1:colcon.colcon_core.environment:create_environment_scripts_only(oppressor_mk1_description)
[10.680s] INFO:colcon.colcon_core.shell:Creating package script '/home/user/ros2_ws/install/oppressor_mk1_description/share/oppressor_mk1_description/package.ps1'
[10.680s] INFO:colcon.colcon_core.shell:Creating package descriptor '/home/user/ros2_ws/install/oppressor_mk1_description/share/oppressor_mk1_description/package.dsv'
[10.681s] INFO:colcon.colcon_core.shell:Creating package script '/home/user/ros2_ws/install/oppressor_mk1_description/share/oppressor_mk1_description/package.sh'
[10.681s] INFO:colcon.colcon_core.shell:Creating package script '/home/user/ros2_ws/install/oppressor_mk1_description/share/oppressor_mk1_description/package.bash'
[10.682s] INFO:colcon.colcon_core.shell:Creating package script '/home/user/ros2_ws/install/oppressor_mk1_description/share/oppressor_mk1_description/package.zsh'
[10.682s] Level 1:colcon.colcon_core.environment:create_file_with_runtime_dependencies(/home/user/ros2_ws/install/oppressor_mk1_description/share/colcon-core/packages/oppressor_mk1_description)
[10.683s] INFO:colcon.colcon_ros.task.ament_python.build:Building ROS package in '/home/user/ros2_ws/src/rosbot_mk3_description' with build type 'ament_python'
[10.683s] Level 1:colcon.colcon_core.shell:create_environment_hook('rosbot_mk3_description', 'ament_prefix_path')
[10.683s] INFO:colcon.colcon_core.shell:Creating environment hook '/home/user/ros2_ws/install/rosbot_mk3_description/share/rosbot_mk3_description/hook/ament_prefix_path.ps1'
[10.745s] INFO:colcon.colcon_core.shell:Creating environment descriptor '/home/user/ros2_ws/install/rosbot_mk3_description/share/rosbot_mk3_description/hook/ament_prefix_path.dsv'
[10.746s] INFO:colcon.colcon_core.shell:Creating environment hook '/home/user/ros2_ws/install/rosbot_mk3_description/share/rosbot_mk3_description/hook/ament_prefix_path.sh'
[10.747s] INFO:colcon.colcon_core.shell:Skip shell extension 'powershell' for command environment: Not usable outside of PowerShell
[10.747s] DEBUG:colcon.colcon_core.shell:Skip shell extension 'dsv' for command environment
[10.758s] Level 1:colcon.colcon_core.environment:checking '/home/user/ros2_ws/install/robot_mk1_description' for CMake module files
[10.758s] DEBUG:colcon.colcon_core.event_handler.log_command:Invoked command in '/home/user/ros2_ws/src/robot_mk1_description' returned '0': PYTHONPATH=/home/user/ros2_ws/build/robot_mk1_description/prefix_override:/usr/lib/python3/dist-packages/colcon_core/task/python/colcon_distutils_commands:/home/user/ros2_ws/install/robot_mk1_description/lib/python3.12/site-packages:${PYTHONPATH} _=/usr/bin/env /usr/bin/python3 -W ignore:setup.py install is deprecated -W ignore:easy_install command is deprecated setup.py egg_info --egg-base ../../build/robot_mk1_description build --build-base /home/user/ros2_ws/build/robot_mk1_description/build install --record /home/user/ros2_ws/build/robot_mk1_description/install.log --single-version-externally-managed install_data
[10.759s] Level 1:colcon.colcon_core.environment:checking '/home/user/ros2_ws/install/robot_mk1_description' for CMake config files
[10.759s] Level 1:colcon.colcon_core.environment:checking '/home/user/ros2_ws/install/robot_mk1_description/lib'
[10.760s] Level 1:colcon.colcon_core.environment:checking '/home/user/ros2_ws/install/robot_mk1_description/bin'
[10.760s] Level 1:colcon.colcon_core.environment:checking '/home/user/ros2_ws/install/robot_mk1_description/lib/pkgconfig/robot_mk1_description.pc'
[10.760s] Level 1:colcon.colcon_core.environment:checking '/home/user/ros2_ws/install/robot_mk1_description/lib/python3.12/site-packages'
[10.760s] Level 1:colcon.colcon_core.shell:create_environment_hook('robot_mk1_description', 'pythonpath')
[10.760s] INFO:colcon.colcon_core.shell:Creating environment hook '/home/user/ros2_ws/install/robot_mk1_description/share/robot_mk1_description/hook/pythonpath.ps1'
[10.761s] INFO:colcon.colcon_core.shell:Creating environment descriptor '/home/user/ros2_ws/install/robot_mk1_description/share/robot_mk1_description/hook/pythonpath.dsv'
[10.761s] INFO:colcon.colcon_core.shell:Creating environment hook '/home/user/ros2_ws/install/robot_mk1_description/share/robot_mk1_description/hook/pythonpath.sh'
[10.762s] Level 1:colcon.colcon_core.environment:checking '/home/user/ros2_ws/install/robot_mk1_description/bin'
[10.762s] Level 1:colcon.colcon_core.environment:create_environment_scripts_only(robot_mk1_description)
[10.763s] INFO:colcon.colcon_core.shell:Creating package script '/home/user/ros2_ws/install/robot_mk1_description/share/robot_mk1_description/package.ps1'
[10.763s] INFO:colcon.colcon_core.shell:Creating package descriptor '/home/user/ros2_ws/install/robot_mk1_description/share/robot_mk1_description/package.dsv'
[10.764s] INFO:colcon.colcon_core.shell:Creating package script '/home/user/ros2_ws/install/robot_mk1_description/share/robot_mk1_description/package.sh'
[10.764s] INFO:colcon.colcon_core.shell:Creating package script '/home/user/ros2_ws/install/robot_mk1_description/share/robot_mk1_description/package.bash'
[10.765s] INFO:colcon.colcon_core.shell:Creating package script '/home/user/ros2_ws/install/robot_mk1_description/share/robot_mk1_description/package.zsh'
[10.765s] Level 1:colcon.colcon_core.environment:create_file_with_runtime_dependencies(/home/user/ros2_ws/install/robot_mk1_description/share/colcon-core/packages/robot_mk1_description)
[10.771s] DEBUG:colcon.colcon_core.event_handler.log_command:Invoking command in '/home/user/ros2_ws/build/rosbot_api': CMAKE_PREFIX_PATH=${CMAKE_PREFIX_PATH}:/home/user/ros2_ws/install/rosbot_mk3_description:/home/user/ros2_ws/install/rosbot_description:/home/user/ros2_ws/install/robot_urdf_description:/home/user/ros2_ws/install/robot_mk1_description:/home/user/ros2_ws/install/qube_1_description:/home/user/ros2_ws/install/oppressor_mk3_description:/home/user/ros2_ws/install/oppressor_mk1_description:/home/user/ros2_ws/install/bullet_arm_description:/home/user/ros2_ws/install/ARM_MK1_description:/opt/ros/jazzy _=/usr/bin/env /usr/bin/cmake --build /home/user/ros2_ws/build/rosbot_api -- -j8 -l8
[11.195s] INFO:colcon.colcon_core.task.python.build:Building Python package in '/home/user/ros2_ws/src/rosbot_description'
[11.195s] INFO:colcon.colcon_core.shell:Skip shell extension 'powershell' for command environment: Not usable outside of PowerShell
[11.196s] DEBUG:colcon.colcon_core.shell:Skip shell extension 'dsv' for command environment
[11.584s] INFO:colcon.colcon_core.task.python.build:Building Python package in '/home/user/ros2_ws/src/rosbot_mk3_description'
[11.584s] INFO:colcon.colcon_core.shell:Skip shell extension 'powershell' for command environment: Not usable outside of PowerShell
[11.584s] DEBUG:colcon.colcon_core.shell:Skip shell extension 'dsv' for command environment
[11.591s] Level 1:colcon.colcon_core.environment:checking '/home/user/ros2_ws/install/qube_1_description' for CMake module files
[11.592s] DEBUG:colcon.colcon_core.event_handler.log_command:Invoked command in '/home/user/ros2_ws/src/qube_1_description' returned '0': PYTHONPATH=/home/user/ros2_ws/build/qube_1_description/prefix_override:/usr/lib/python3/dist-packages/colcon_core/task/python/colcon_distutils_commands:/home/user/ros2_ws/install/qube_1_description/lib/python3.12/site-packages:${PYTHONPATH} _=/usr/bin/env /usr/bin/python3 -W ignore:setup.py install is deprecated -W ignore:easy_install command is deprecated setup.py egg_info --egg-base ../../build/qube_1_description build --build-base /home/user/ros2_ws/build/qube_1_description/build install --record /home/user/ros2_ws/build/qube_1_description/install.log --single-version-externally-managed install_data
[11.593s] Level 1:colcon.colcon_core.environment:checking '/home/user/ros2_ws/install/qube_1_description' for CMake config files
[11.594s] Level 1:colcon.colcon_core.environment:checking '/home/user/ros2_ws/install/qube_1_description/lib'
[11.594s] Level 1:colcon.colcon_core.environment:checking '/home/user/ros2_ws/install/qube_1_description/bin'
[11.594s] Level 1:colcon.colcon_core.environment:checking '/home/user/ros2_ws/install/qube_1_description/lib/pkgconfig/qube_1_description.pc'
[11.594s] Level 1:colcon.colcon_core.environment:checking '/home/user/ros2_ws/install/qube_1_description/lib/python3.12/site-packages'
[11.595s] Level 1:colcon.colcon_core.shell:create_environment_hook('qube_1_description', 'pythonpath')
[11.595s] INFO:colcon.colcon_core.shell:Creating environment hook '/home/user/ros2_ws/install/qube_1_description/share/qube_1_description/hook/pythonpath.ps1'
[11.595s] INFO:colcon.colcon_core.shell:Creating environment descriptor '/home/user/ros2_ws/install/qube_1_description/share/qube_1_description/hook/pythonpath.dsv'
[11.596s] INFO:colcon.colcon_core.shell:Creating environment hook '/home/user/ros2_ws/install/qube_1_description/share/qube_1_description/hook/pythonpath.sh'
[11.597s] Level 1:colcon.colcon_core.environment:checking '/home/user/ros2_ws/install/qube_1_description/bin'
[11.597s] Level 1:colcon.colcon_core.environment:create_environment_scripts_only(qube_1_description)
[11.597s] INFO:colcon.colcon_core.shell:Creating package script '/home/user/ros2_ws/install/qube_1_description/share/qube_1_description/package.ps1'
[11.598s] INFO:colcon.colcon_core.shell:Creating package descriptor '/home/user/ros2_ws/install/qube_1_description/share/qube_1_description/package.dsv'
[11.599s] INFO:colcon.colcon_core.shell:Creating package script '/home/user/ros2_ws/install/qube_1_description/share/qube_1_description/package.sh'
[11.600s] INFO:colcon.colcon_core.shell:Creating package script '/home/user/ros2_ws/install/qube_1_description/share/qube_1_description/package.bash'
[11.600s] INFO:colcon.colcon_core.shell:Creating package script '/home/user/ros2_ws/install/qube_1_description/share/qube_1_description/package.zsh'
[11.601s] Level 1:colcon.colcon_core.environment:create_file_with_runtime_dependencies(/home/user/ros2_ws/install/qube_1_description/share/colcon-core/packages/qube_1_description)
[11.601s] Level 1:colcon.colcon_core.environment:checking '/home/user/ros2_ws/install/oppressor_mk3_description' for CMake module files
[11.603s] Level 1:colcon.colcon_core.environment:checking '/home/user/ros2_ws/install/oppressor_mk3_description' for CMake config files
[11.603s] DEBUG:colcon.colcon_core.event_handler.log_command:Invoked command in '/home/user/ros2_ws/src/oppressor_mk3_description' returned '0': PYTHONPATH=/home/user/ros2_ws/build/oppressor_mk3_description/prefix_override:/usr/lib/python3/dist-packages/colcon_core/task/python/colcon_distutils_commands:/home/user/ros2_ws/install/oppressor_mk3_description/lib/python3.12/site-packages:${PYTHONPATH} _=/usr/bin/env /usr/bin/python3 -W ignore:setup.py install is deprecated -W ignore:easy_install command is deprecated setup.py egg_info --egg-base ../../build/oppressor_mk3_description build --build-base /home/user/ros2_ws/build/oppressor_mk3_description/build install --record /home/user/ros2_ws/build/oppressor_mk3_description/install.log --single-version-externally-managed install_data
[11.604s] Level 1:colcon.colcon_core.environment:checking '/home/user/ros2_ws/install/oppressor_mk3_description/lib'
[11.604s] Level 1:colcon.colcon_core.environment:checking '/home/user/ros2_ws/install/oppressor_mk3_description/bin'
[11.605s] Level 1:colcon.colcon_core.environment:checking '/home/user/ros2_ws/install/oppressor_mk3_description/lib/pkgconfig/oppressor_mk3_description.pc'
[11.605s] Level 1:colcon.colcon_core.environment:checking '/home/user/ros2_ws/install/oppressor_mk3_description/lib/python3.12/site-packages'
[11.605s] Level 1:colcon.colcon_core.shell:create_environment_hook('oppressor_mk3_description', 'pythonpath')
[11.605s] INFO:colcon.colcon_core.shell:Creating environment hook '/home/user/ros2_ws/install/oppressor_mk3_description/share/oppressor_mk3_description/hook/pythonpath.ps1'
[11.606s] INFO:colcon.colcon_core.shell:Creating environment descriptor '/home/user/ros2_ws/install/oppressor_mk3_description/share/oppressor_mk3_description/hook/pythonpath.dsv'
[11.606s] INFO:colcon.colcon_core.shell:Creating environment hook '/home/user/ros2_ws/install/oppressor_mk3_description/share/oppressor_mk3_description/hook/pythonpath.sh'
[11.644s] Level 1:colcon.colcon_core.environment:checking '/home/user/ros2_ws/install/oppressor_mk3_description/bin'
[11.644s] Level 1:colcon.colcon_core.environment:create_environment_scripts_only(oppressor_mk3_description)
[11.644s] INFO:colcon.colcon_core.shell:Creating package script '/home/user/ros2_ws/install/oppressor_mk3_description/share/oppressor_mk3_description/package.ps1'
[11.645s] INFO:colcon.colcon_core.shell:Creating package descriptor '/home/user/ros2_ws/install/oppressor_mk3_description/share/oppressor_mk3_description/package.dsv'
[11.646s] INFO:colcon.colcon_core.shell:Creating package script '/home/user/ros2_ws/install/oppressor_mk3_description/share/oppressor_mk3_description/package.sh'
[11.646s] INFO:colcon.colcon_core.shell:Creating package script '/home/user/ros2_ws/install/oppressor_mk3_description/share/oppressor_mk3_description/package.bash'
[11.647s] INFO:colcon.colcon_core.shell:Creating package script '/home/user/ros2_ws/install/oppressor_mk3_description/share/oppressor_mk3_description/package.zsh'
[11.647s] Level 1:colcon.colcon_core.environment:create_file_with_runtime_dependencies(/home/user/ros2_ws/install/oppressor_mk3_description/share/colcon-core/packages/oppressor_mk3_description)
[11.650s] DEBUG:colcon.colcon_core.event_handler.log_command:Invoked command in '/home/user/ros2_ws/build/rosbot_api' returned '0': CMAKE_PREFIX_PATH=${CMAKE_PREFIX_PATH}:/home/user/ros2_ws/install/rosbot_mk3_description:/home/user/ros2_ws/install/rosbot_description:/home/user/ros2_ws/install/robot_urdf_description:/home/user/ros2_ws/install/robot_mk1_description:/home/user/ros2_ws/install/qube_1_description:/home/user/ros2_ws/install/oppressor_mk3_description:/home/user/ros2_ws/install/oppressor_mk1_description:/home/user/ros2_ws/install/bullet_arm_description:/home/user/ros2_ws/install/ARM_MK1_description:/opt/ros/jazzy _=/usr/bin/env /usr/bin/cmake --build /home/user/ros2_ws/build/rosbot_api -- -j8 -l8
[11.667s] DEBUG:colcon.colcon_core.event_handler.log_command:Invoking command in '/home/user/ros2_ws/build/rosbot_api': CMAKE_PREFIX_PATH=${CMAKE_PREFIX_PATH}:/home/user/ros2_ws/install/rosbot_mk3_description:/home/user/ros2_ws/install/rosbot_description:/home/user/ros2_ws/install/robot_urdf_description:/home/user/ros2_ws/install/robot_mk1_description:/home/user/ros2_ws/install/qube_1_description:/home/user/ros2_ws/install/oppressor_mk3_description:/home/user/ros2_ws/install/oppressor_mk1_description:/home/user/ros2_ws/install/bullet_arm_description:/home/user/ros2_ws/install/ARM_MK1_description:/opt/ros/jazzy _=/usr/bin/env /usr/bin/cmake --install /home/user/ros2_ws/build/rosbot_api
[11.685s] Level 1:colcon.colcon_core.environment:create_environment_scripts_only(rosbot_api)
[11.685s] Level 1:colcon.colcon_core.environment:checking '/home/user/ros2_ws/install/rosbot_api' for CMake module files
[11.686s] Level 1:colcon.colcon_core.environment:checking '/home/user/ros2_ws/install/rosbot_api' for CMake config files
[11.687s] Level 1:colcon.colcon_core.shell:create_environment_hook('rosbot_api', 'cmake_prefix_path')
[11.687s] INFO:colcon.colcon_core.shell:Creating environment hook '/home/user/ros2_ws/install/rosbot_api/share/rosbot_api/hook/cmake_prefix_path.ps1'
[11.685s] DEBUG:colcon.colcon_core.event_handler.log_command:Invoked command in '/home/user/ros2_ws/build/rosbot_api' returned '0': CMAKE_PREFIX_PATH=${CMAKE_PREFIX_PATH}:/home/user/ros2_ws/install/rosbot_mk3_description:/home/user/ros2_ws/install/rosbot_description:/home/user/ros2_ws/install/robot_urdf_description:/home/user/ros2_ws/install/robot_mk1_description:/home/user/ros2_ws/install/qube_1_description:/home/user/ros2_ws/install/oppressor_mk3_description:/home/user/ros2_ws/install/oppressor_mk1_description:/home/user/ros2_ws/install/bullet_arm_description:/home/user/ros2_ws/install/ARM_MK1_description:/opt/ros/jazzy _=/usr/bin/env /usr/bin/cmake --install /home/user/ros2_ws/build/rosbot_api
[11.688s] INFO:colcon.colcon_core.shell:Creating environment descriptor '/home/user/ros2_ws/install/rosbot_api/share/rosbot_api/hook/cmake_prefix_path.dsv'
[11.688s] INFO:colcon.colcon_core.shell:Creating environment hook '/home/user/ros2_ws/install/rosbot_api/share/rosbot_api/hook/cmake_prefix_path.sh'
[11.689s] Level 1:colcon.colcon_core.environment:checking '/home/user/ros2_ws/install/rosbot_api/lib'
[11.689s] Level 1:colcon.colcon_core.environment:checking '/home/user/ros2_ws/install/rosbot_api/bin'
[11.690s] Level 1:colcon.colcon_core.environment:checking '/home/user/ros2_ws/install/rosbot_api/lib/pkgconfig/rosbot_api.pc'
[11.690s] Level 1:colcon.colcon_core.environment:checking '/home/user/ros2_ws/install/rosbot_api/lib/python3.12/site-packages'
[11.691s] Level 1:colcon.colcon_core.environment:checking '/home/user/ros2_ws/install/rosbot_api/bin'
[11.691s] INFO:colcon.colcon_core.shell:Creating package script '/home/user/ros2_ws/install/rosbot_api/share/rosbot_api/package.ps1'
[11.692s] INFO:colcon.colcon_core.shell:Creating package descriptor '/home/user/ros2_ws/install/rosbot_api/share/rosbot_api/package.dsv'
[11.692s] INFO:colcon.colcon_core.shell:Creating package script '/home/user/ros2_ws/install/rosbot_api/share/rosbot_api/package.sh'
[11.693s] INFO:colcon.colcon_core.shell:Creating package script '/home/user/ros2_ws/install/rosbot_api/share/rosbot_api/package.bash'
[11.693s] INFO:colcon.colcon_core.shell:Creating package script '/home/user/ros2_ws/install/rosbot_api/share/rosbot_api/package.zsh'
[11.694s] Level 1:colcon.colcon_core.environment:create_file_with_runtime_dependencies(/home/user/ros2_ws/install/rosbot_api/share/colcon-core/packages/rosbot_api)
[11.694s] Level 1:colcon.colcon_core.environment:create_environment_scripts_only(rosbot_api)
[11.694s] Level 1:colcon.colcon_core.environment:checking '/home/user/ros2_ws/install/rosbot_api' for CMake module files
[11.695s] Level 1:colcon.colcon_core.environment:checking '/home/user/ros2_ws/install/rosbot_api' for CMake config files
[11.695s] Level 1:colcon.colcon_core.shell:create_environment_hook('rosbot_api', 'cmake_prefix_path')
[11.695s] INFO:colcon.colcon_core.shell:Creating environment hook '/home/user/ros2_ws/install/rosbot_api/share/rosbot_api/hook/cmake_prefix_path.ps1'
[11.696s] INFO:colcon.colcon_core.shell:Creating environment descriptor '/home/user/ros2_ws/install/rosbot_api/share/rosbot_api/hook/cmake_prefix_path.dsv'
[11.696s] INFO:colcon.colcon_core.shell:Creating environment hook '/home/user/ros2_ws/install/rosbot_api/share/rosbot_api/hook/cmake_prefix_path.sh'
[11.697s] Level 1:colcon.colcon_core.environment:checking '/home/user/ros2_ws/install/rosbot_api/lib'
[11.697s] Level 1:colcon.colcon_core.environment:checking '/home/user/ros2_ws/install/rosbot_api/bin'
[11.697s] Level 1:colcon.colcon_core.environment:checking '/home/user/ros2_ws/install/rosbot_api/lib/pkgconfig/rosbot_api.pc'
[11.697s] Level 1:colcon.colcon_core.environment:checking '/home/user/ros2_ws/install/rosbot_api/lib/python3.12/site-packages'
[11.698s] Level 1:colcon.colcon_core.environment:checking '/home/user/ros2_ws/install/rosbot_api/bin'
[11.698s] INFO:colcon.colcon_core.shell:Creating package script '/home/user/ros2_ws/install/rosbot_api/share/rosbot_api/package.ps1'
[11.698s] INFO:colcon.colcon_core.shell:Creating package descriptor '/home/user/ros2_ws/install/rosbot_api/share/rosbot_api/package.dsv'
[11.699s] INFO:colcon.colcon_core.shell:Creating package script '/home/user/ros2_ws/install/rosbot_api/share/rosbot_api/package.sh'
[11.699s] INFO:colcon.colcon_core.shell:Creating package script '/home/user/ros2_ws/install/rosbot_api/share/rosbot_api/package.bash'
[11.744s] INFO:colcon.colcon_core.shell:Creating package script '/home/user/ros2_ws/install/rosbot_api/share/rosbot_api/package.zsh'
[11.745s] Level 1:colcon.colcon_core.environment:create_file_with_runtime_dependencies(/home/user/ros2_ws/install/rosbot_api/share/colcon-core/packages/rosbot_api)
[12.085s] DEBUG:colcon.colcon_core.event_handler.log_command:Invoking command in '/home/user/ros2_ws/src/robot_urdf_description': PYTHONPATH=/home/user/ros2_ws/build/robot_urdf_description/prefix_override:/usr/lib/python3/dist-packages/colcon_core/task/python/colcon_distutils_commands:/home/user/ros2_ws/install/robot_urdf_description/lib/python3.12/site-packages:${PYTHONPATH} _=/usr/bin/env /usr/bin/python3 -W ignore:setup.py install is deprecated -W ignore:easy_install command is deprecated setup.py egg_info --egg-base ../../build/robot_urdf_description build --build-base /home/user/ros2_ws/build/robot_urdf_description/build install --record /home/user/ros2_ws/build/robot_urdf_description/install.log --single-version-externally-managed install_data
[13.083s] DEBUG:colcon.colcon_core.event_handler.log_command:Invoking command in '/home/user/ros2_ws/src/rosbot_mk3_description': PYTHONPATH=/home/user/ros2_ws/build/rosbot_mk3_description/prefix_override:/usr/lib/python3/dist-packages/colcon_core/task/python/colcon_distutils_commands:/home/user/ros2_ws/install/rosbot_mk3_description/lib/python3.12/site-packages:${PYTHONPATH} _=/usr/bin/env /usr/bin/python3 -W ignore:setup.py install is deprecated -W ignore:easy_install command is deprecated setup.py egg_info --egg-base ../../build/rosbot_mk3_description build --build-base /home/user/ros2_ws/build/rosbot_mk3_description/build install --record /home/user/ros2_ws/build/rosbot_mk3_description/install.log --single-version-externally-managed install_data
[13.094s] DEBUG:colcon.colcon_core.event_handler.log_command:Invoking command in '/home/user/ros2_ws/src/rosbot_description': PYTHONPATH=/home/user/ros2_ws/build/rosbot_description/prefix_override:/usr/lib/python3/dist-packages/colcon_core/task/python/colcon_distutils_commands:/home/user/ros2_ws/install/rosbot_description/lib/python3.12/site-packages:${PYTHONPATH} _=/usr/bin/env /usr/bin/python3 -W ignore:setup.py install is deprecated -W ignore:easy_install command is deprecated setup.py egg_info --egg-base ../../build/rosbot_description build --build-base /home/user/ros2_ws/build/rosbot_description/build install --record /home/user/ros2_ws/build/rosbot_description/install.log --single-version-externally-managed install_data
[13.656s] Level 1:colcon.colcon_core.environment:checking '/home/user/ros2_ws/install/robot_urdf_description' for CMake module files
[13.657s] DEBUG:colcon.colcon_core.event_handler.log_command:Invoked command in '/home/user/ros2_ws/src/robot_urdf_description' returned '0': PYTHONPATH=/home/user/ros2_ws/build/robot_urdf_description/prefix_override:/usr/lib/python3/dist-packages/colcon_core/task/python/colcon_distutils_commands:/home/user/ros2_ws/install/robot_urdf_description/lib/python3.12/site-packages:${PYTHONPATH} _=/usr/bin/env /usr/bin/python3 -W ignore:setup.py install is deprecated -W ignore:easy_install command is deprecated setup.py egg_info --egg-base ../../build/robot_urdf_description build --build-base /home/user/ros2_ws/build/robot_urdf_description/build install --record /home/user/ros2_ws/build/robot_urdf_description/install.log --single-version-externally-managed install_data
[13.658s] Level 1:colcon.colcon_core.environment:checking '/home/user/ros2_ws/install/robot_urdf_description' for CMake config files
[13.659s] Level 1:colcon.colcon_core.environment:checking '/home/user/ros2_ws/install/robot_urdf_description/lib'
[13.659s] Level 1:colcon.colcon_core.environment:checking '/home/user/ros2_ws/install/robot_urdf_description/bin'
[13.659s] Level 1:colcon.colcon_core.environment:checking '/home/user/ros2_ws/install/robot_urdf_description/lib/pkgconfig/robot_urdf_description.pc'
[13.660s] Level 1:colcon.colcon_core.environment:checking '/home/user/ros2_ws/install/robot_urdf_description/lib/python3.12/site-packages'
[13.660s] Level 1:colcon.colcon_core.shell:create_environment_hook('robot_urdf_description', 'pythonpath')
[13.660s] INFO:colcon.colcon_core.shell:Creating environment hook '/home/user/ros2_ws/install/robot_urdf_description/share/robot_urdf_description/hook/pythonpath.ps1'
[13.661s] INFO:colcon.colcon_core.shell:Creating environment descriptor '/home/user/ros2_ws/install/robot_urdf_description/share/robot_urdf_description/hook/pythonpath.dsv'
[13.661s] INFO:colcon.colcon_core.shell:Creating environment hook '/home/user/ros2_ws/install/robot_urdf_description/share/robot_urdf_description/hook/pythonpath.sh'
[13.663s] Level 1:colcon.colcon_core.environment:checking '/home/user/ros2_ws/install/robot_urdf_description/bin'
[13.663s] Level 1:colcon.colcon_core.environment:create_environment_scripts_only(robot_urdf_description)
[13.663s] INFO:colcon.colcon_core.shell:Creating package script '/home/user/ros2_ws/install/robot_urdf_description/share/robot_urdf_description/package.ps1'
[13.664s] INFO:colcon.colcon_core.shell:Creating package descriptor '/home/user/ros2_ws/install/robot_urdf_description/share/robot_urdf_description/package.dsv'
[13.665s] INFO:colcon.colcon_core.shell:Creating package script '/home/user/ros2_ws/install/robot_urdf_description/share/robot_urdf_description/package.sh'
[13.666s] INFO:colcon.colcon_core.shell:Creating package script '/home/user/ros2_ws/install/robot_urdf_description/share/robot_urdf_description/package.bash'
[13.666s] INFO:colcon.colcon_core.shell:Creating package script '/home/user/ros2_ws/install/robot_urdf_description/share/robot_urdf_description/package.zsh'
[13.667s] Level 1:colcon.colcon_core.environment:create_file_with_runtime_dependencies(/home/user/ros2_ws/install/robot_urdf_description/share/colcon-core/packages/robot_urdf_description)
[14.201s] Level 1:colcon.colcon_core.environment:checking '/home/user/ros2_ws/install/rosbot_mk3_description' for CMake module files
[14.202s] DEBUG:colcon.colcon_core.event_handler.log_command:Invoked command in '/home/user/ros2_ws/src/rosbot_mk3_description' returned '0': PYTHONPATH=/home/user/ros2_ws/build/rosbot_mk3_description/prefix_override:/usr/lib/python3/dist-packages/colcon_core/task/python/colcon_distutils_commands:/home/user/ros2_ws/install/rosbot_mk3_description/lib/python3.12/site-packages:${PYTHONPATH} _=/usr/bin/env /usr/bin/python3 -W ignore:setup.py install is deprecated -W ignore:easy_install command is deprecated setup.py egg_info --egg-base ../../build/rosbot_mk3_description build --build-base /home/user/ros2_ws/build/rosbot_mk3_description/build install --record /home/user/ros2_ws/build/rosbot_mk3_description/install.log --single-version-externally-managed install_data
[14.203s] Level 1:colcon.colcon_core.environment:checking '/home/user/ros2_ws/install/rosbot_mk3_description' for CMake config files
[14.203s] Level 1:colcon.colcon_core.environment:checking '/home/user/ros2_ws/install/rosbot_mk3_description/lib'
[14.203s] Level 1:colcon.colcon_core.environment:checking '/home/user/ros2_ws/install/rosbot_mk3_description/bin'
[14.204s] Level 1:colcon.colcon_core.environment:checking '/home/user/ros2_ws/install/rosbot_mk3_description/lib/pkgconfig/rosbot_mk3_description.pc'
[14.204s] Level 1:colcon.colcon_core.environment:checking '/home/user/ros2_ws/install/rosbot_mk3_description/lib/python3.12/site-packages'
[14.204s] Level 1:colcon.colcon_core.shell:create_environment_hook('rosbot_mk3_description', 'pythonpath')
[14.204s] INFO:colcon.colcon_core.shell:Creating environment hook '/home/user/ros2_ws/install/rosbot_mk3_description/share/rosbot_mk3_description/hook/pythonpath.ps1'
[14.205s] INFO:colcon.colcon_core.shell:Creating environment descriptor '/home/user/ros2_ws/install/rosbot_mk3_description/share/rosbot_mk3_description/hook/pythonpath.dsv'
[14.205s] INFO:colcon.colcon_core.shell:Creating environment hook '/home/user/ros2_ws/install/rosbot_mk3_description/share/rosbot_mk3_description/hook/pythonpath.sh'
[14.206s] Level 1:colcon.colcon_core.environment:checking '/home/user/ros2_ws/install/rosbot_mk3_description/bin'
[14.206s] Level 1:colcon.colcon_core.environment:create_environment_scripts_only(rosbot_mk3_description)
[14.206s] INFO:colcon.colcon_core.shell:Creating package script '/home/user/ros2_ws/install/rosbot_mk3_description/share/rosbot_mk3_description/package.ps1'
[14.207s] INFO:colcon.colcon_core.shell:Creating package descriptor '/home/user/ros2_ws/install/rosbot_mk3_description/share/rosbot_mk3_description/package.dsv'
[14.207s] INFO:colcon.colcon_core.shell:Creating package script '/home/user/ros2_ws/install/rosbot_mk3_description/share/rosbot_mk3_description/package.sh'
[14.208s] INFO:colcon.colcon_core.shell:Creating package script '/home/user/ros2_ws/install/rosbot_mk3_description/share/rosbot_mk3_description/package.bash'
[14.208s] INFO:colcon.colcon_core.shell:Creating package script '/home/user/ros2_ws/install/rosbot_mk3_description/share/rosbot_mk3_description/package.zsh'
[14.208s] Level 1:colcon.colcon_core.environment:create_file_with_runtime_dependencies(/home/user/ros2_ws/install/rosbot_mk3_description/share/colcon-core/packages/rosbot_mk3_description)
[14.280s] Level 1:colcon.colcon_core.environment:checking '/home/user/ros2_ws/install/rosbot_description' for CMake module files
[14.281s] DEBUG:colcon.colcon_core.event_handler.log_command:Invoked command in '/home/user/ros2_ws/src/rosbot_description' returned '0': PYTHONPATH=/home/user/ros2_ws/build/rosbot_description/prefix_override:/usr/lib/python3/dist-packages/colcon_core/task/python/colcon_distutils_commands:/home/user/ros2_ws/install/rosbot_description/lib/python3.12/site-packages:${PYTHONPATH} _=/usr/bin/env /usr/bin/python3 -W ignore:setup.py install is deprecated -W ignore:easy_install command is deprecated setup.py egg_info --egg-base ../../build/rosbot_description build --build-base /home/user/ros2_ws/build/rosbot_description/build install --record /home/user/ros2_ws/build/rosbot_description/install.log --single-version-externally-managed install_data
[14.281s] Level 1:colcon.colcon_core.environment:checking '/home/user/ros2_ws/install/rosbot_description' for CMake config files
[14.282s] Level 1:colcon.colcon_core.environment:checking '/home/user/ros2_ws/install/rosbot_description/lib'
[14.282s] Level 1:colcon.colcon_core.environment:checking '/home/user/ros2_ws/install/rosbot_description/bin'
[14.282s] Level 1:colcon.colcon_core.environment:checking '/home/user/ros2_ws/install/rosbot_description/lib/pkgconfig/rosbot_description.pc'
[14.282s] Level 1:colcon.colcon_core.environment:checking '/home/user/ros2_ws/install/rosbot_description/lib/python3.12/site-packages'
[14.282s] Level 1:colcon.colcon_core.shell:create_environment_hook('rosbot_description', 'pythonpath')
[14.283s] INFO:colcon.colcon_core.shell:Creating environment hook '/home/user/ros2_ws/install/rosbot_description/share/rosbot_description/hook/pythonpath.ps1'
[14.283s] INFO:colcon.colcon_core.shell:Creating environment descriptor '/home/user/ros2_ws/install/rosbot_description/share/rosbot_description/hook/pythonpath.dsv'
[14.284s] INFO:colcon.colcon_core.shell:Creating environment hook '/home/user/ros2_ws/install/rosbot_description/share/rosbot_description/hook/pythonpath.sh'
[14.284s] Level 1:colcon.colcon_core.environment:checking '/home/user/ros2_ws/install/rosbot_description/bin'
[14.285s] Level 1:colcon.colcon_core.environment:create_environment_scripts_only(rosbot_description)
[14.285s] INFO:colcon.colcon_core.shell:Creating package script '/home/user/ros2_ws/install/rosbot_description/share/rosbot_description/package.ps1'
[14.285s] INFO:colcon.colcon_core.shell:Creating package descriptor '/home/user/ros2_ws/install/rosbot_description/share/rosbot_description/package.dsv'
[14.286s] INFO:colcon.colcon_core.shell:Creating package script '/home/user/ros2_ws/install/rosbot_description/share/rosbot_description/package.sh'
[14.286s] INFO:colcon.colcon_core.shell:Creating package script '/home/user/ros2_ws/install/rosbot_description/share/rosbot_description/package.bash'
[14.287s] INFO:colcon.colcon_core.shell:Creating package script '/home/user/ros2_ws/install/rosbot_description/share/rosbot_description/package.zsh'
[14.287s] Level 1:colcon.colcon_core.environment:create_file_with_runtime_dependencies(/home/user/ros2_ws/install/rosbot_description/share/colcon-core/packages/rosbot_description)
[15.829s] DEBUG:colcon.colcon_core.event_handler.log_command:Invoked command in '/home/user/ros2_ws/build/oppressor_api' returned '2': CMAKE_PREFIX_PATH=${CMAKE_PREFIX_PATH}:/home/user/ros2_ws/install/rosbot_mk3_description:/home/user/ros2_ws/install/rosbot_description:/home/user/ros2_ws/install/robot_urdf_description:/home/user/ros2_ws/install/robot_mk1_description:/home/user/ros2_ws/install/qube_1_description:/home/user/ros2_ws/install/oppressor_mk3_description:/home/user/ros2_ws/install/oppressor_mk1_description:/home/user/ros2_ws/install/bullet_arm_description:/home/user/ros2_ws/install/ARM_MK1_description:/opt/ros/jazzy _=/usr/bin/env /usr/bin/cmake --build /home/user/ros2_ws/build/oppressor_api -- -j8 -l8
[15.830s] Level 1:colcon.colcon_core.environment:create_environment_scripts_only(oppressor_api)
[15.830s] Level 1:colcon.colcon_core.environment:checking '/home/user/ros2_ws/install/oppressor_api' for CMake module files
[15.831s] Level 1:colcon.colcon_core.environment:checking '/home/user/ros2_ws/install/oppressor_api' for CMake config files
[15.831s] Level 1:colcon.colcon_core.shell:create_environment_hook('oppressor_api', 'cmake_prefix_path')
[15.831s] INFO:colcon.colcon_core.shell:Creating environment hook '/home/user/ros2_ws/install/oppressor_api/share/oppressor_api/hook/cmake_prefix_path.ps1'
[15.832s] INFO:colcon.colcon_core.shell:Creating environment descriptor '/home/user/ros2_ws/install/oppressor_api/share/oppressor_api/hook/cmake_prefix_path.dsv'
[15.833s] INFO:colcon.colcon_core.shell:Creating environment hook '/home/user/ros2_ws/install/oppressor_api/share/oppressor_api/hook/cmake_prefix_path.sh'
[15.833s] Level 1:colcon.colcon_core.environment:checking '/home/user/ros2_ws/install/oppressor_api/lib'
[15.833s] Level 1:colcon.colcon_core.environment:checking '/home/user/ros2_ws/install/oppressor_api/bin'
[15.834s] Level 1:colcon.colcon_core.environment:checking '/home/user/ros2_ws/install/oppressor_api/lib/pkgconfig/oppressor_api.pc'
[15.834s] Level 1:colcon.colcon_core.environment:checking '/home/user/ros2_ws/install/oppressor_api/lib/python3.12/site-packages'
[15.834s] Level 1:colcon.colcon_core.environment:checking '/home/user/ros2_ws/install/oppressor_api/bin'
[15.834s] INFO:colcon.colcon_core.shell:Creating package script '/home/user/ros2_ws/install/oppressor_api/share/oppressor_api/package.ps1'
[15.835s] INFO:colcon.colcon_core.shell:Creating package descriptor '/home/user/ros2_ws/install/oppressor_api/share/oppressor_api/package.dsv'
[15.836s] INFO:colcon.colcon_core.shell:Creating package script '/home/user/ros2_ws/install/oppressor_api/share/oppressor_api/package.sh'
[15.837s] INFO:colcon.colcon_core.shell:Creating package script '/home/user/ros2_ws/install/oppressor_api/share/oppressor_api/package.bash'
[15.837s] INFO:colcon.colcon_core.shell:Creating package script '/home/user/ros2_ws/install/oppressor_api/share/oppressor_api/package.zsh'
[15.838s] Level 1:colcon.colcon_core.environment:create_file_with_runtime_dependencies(/home/user/ros2_ws/install/oppressor_api/share/colcon-core/packages/oppressor_api)
[15.848s] DEBUG:colcon.colcon_parallel_executor.executor.parallel:closing loop
[15.848s] DEBUG:colcon.colcon_parallel_executor.executor.parallel:loop closed
[15.848s] DEBUG:colcon.colcon_parallel_executor.executor.parallel:run_until_complete finished with '2'
[15.848s] DEBUG:colcon.colcon_core.event_reactor:joining thread
[15.856s] INFO:colcon.colcon_core.plugin_system:Skipping extension 'colcon_notification.desktop_notification.notify_send': Could not find 'notify-send'
[15.856s] INFO:colcon.colcon_core.plugin_system:Skipping extension 'colcon_notification.desktop_notification.terminal_notifier': Not used on non-Darwin systems
[15.856s] INFO:colcon.colcon_core.plugin_system:Skipping extension 'colcon_notification.desktop_notification.win32': Not used on non-Windows systems
[15.856s] INFO:colcon.colcon_notification.desktop_notification:Sending desktop notification using 'notify2'
[15.859s] DEBUG:colcon.colcon_notification.desktop_notification.notify2:Failed to initialize notify2: org.freedesktop.DBus.Error.Spawn.ExecFailed: /usr/bin/dbus-launch terminated abnormally without any error message
[15.859s] DEBUG:colcon.colcon_core.event_reactor:joined thread
[15.860s] INFO:colcon.colcon_core.shell:Creating prefix script '/home/user/ros2_ws/install/local_setup.ps1'
[15.861s] INFO:colcon.colcon_core.shell:Creating prefix util module '/home/user/ros2_ws/install/_local_setup_util_ps1.py'
[15.862s] INFO:colcon.colcon_core.shell:Creating prefix chain script '/home/user/ros2_ws/install/setup.ps1'
[15.864s] INFO:colcon.colcon_core.shell:Creating prefix script '/home/user/ros2_ws/install/local_setup.sh'
[15.864s] INFO:colcon.colcon_core.shell:Creating prefix util module '/home/user/ros2_ws/install/_local_setup_util_sh.py'
[15.865s] INFO:colcon.colcon_core.shell:Creating prefix chain script '/home/user/ros2_ws/install/setup.sh'
[15.867s] INFO:colcon.colcon_core.shell:Creating prefix script '/home/user/ros2_ws/install/local_setup.bash'
[15.867s] INFO:colcon.colcon_core.shell:Creating prefix chain script '/home/user/ros2_ws/install/setup.bash'
[15.869s] INFO:colcon.colcon_core.shell:Creating prefix script '/home/user/ros2_ws/install/local_setup.zsh'
[15.870s] INFO:colcon.colcon_core.shell:Creating prefix chain script '/home/user/ros2_ws/install/setup.zsh'
