[0.119s] DEBUG:colcon:Command line arguments: ['/usr/bin/colcon', 'build']
[0.119s] DEBUG:colcon:Parsed command line arguments: Namespace(log_base=None, log_level=None, verb_name='build', build_base='build', install_base='install', merge_install=False, symlink_install=False, test_result_base=None, continue_on_error=False, executor='parallel', parallel_workers=8, event_handlers=None, ignore_user_meta=False, metas=['./colcon.meta'], base_paths=['.'], packages_ignore=None, packages_ignore_regex=None, paths=None, packages_up_to=None, packages_up_to_regex=None, packages_above=None, packages_above_and_dependencies=None, packages_above_depth=None, packages_select_by_dep=None, packages_skip_by_dep=None, packages_skip_up_to=None, packages_select_build_failed=False, packages_skip_build_finished=False, packages_select_test_failures=False, packages_skip_test_passed=False, packages_select=None, packages_skip=None, packages_select_regex=None, packages_skip_regex=None, packages_start=None, packages_end=None, cmake_args=None, cmake_target=None, cmake_target_skip_unavailable=False, cmake_clean_cache=False, cmake_clean_first=False, cmake_force_configure=False, ament_cmake_args=None, catkin_cmake_args=None, catkin_skip_building_tests=False, mixin_files=None, mixin=None, verb_parser=<colcon_mixin.mixin.mixin_argument.MixinArgumentDecorator object at 0x7fd11b9c0080>, verb_extension=<colcon_core.verb.build.BuildVerb object at 0x7fd11b993d40>, main=<bound method BuildVerb.main of <colcon_core.verb.build.BuildVerb object at 0x7fd11b993d40>>, mixin_verb=('build',))
[0.161s] Level 1:colcon.colcon_core.package_discovery:discover_packages(colcon_meta) check parameters
[0.161s] Level 1:colcon.colcon_core.package_discovery:discover_packages(recursive) check parameters
[0.161s] Level 1:colcon.colcon_core.package_discovery:discover_packages(ignore) check parameters
[0.161s] Level 1:colcon.colcon_core.package_discovery:discover_packages(path) check parameters
[0.161s] Level 1:colcon.colcon_core.package_discovery:discover_packages(colcon_meta) discover
[0.161s] Level 1:colcon.colcon_core.package_discovery:discover_packages(recursive) discover
[0.161s] INFO:colcon.colcon_core.package_discovery:Crawling recursively for packages in '/home/user/ros2_ws'
[0.161s] Level 1:colcon.colcon_core.package_identification:_identify(.) by extensions ['ignore', 'ignore_ament_install']
[0.162s] Level 1:colcon.colcon_core.package_identification:_identify(.) by extension 'ignore'
[0.162s] Level 1:colcon.colcon_core.package_identification:_identify(.) by extension 'ignore_ament_install'
[0.162s] Level 1:colcon.colcon_core.package_identification:_identify(.) by extensions ['colcon_pkg']
[0.162s] Level 1:colcon.colcon_core.package_identification:_identify(.) by extension 'colcon_pkg'
[0.162s] Level 1:colcon.colcon_core.package_identification:_identify(.) by extensions ['colcon_meta']
[0.162s] Level 1:colcon.colcon_core.package_identification:_identify(.) by extension 'colcon_meta'
[0.162s] Level 1:colcon.colcon_core.package_identification:_identify(.) by extensions ['ros']
[0.162s] Level 1:colcon.colcon_core.package_identification:_identify(.) by extension 'ros'
[0.190s] Level 1:colcon.colcon_core.package_identification:_identify(.) by extensions ['cmake', 'python']
[0.190s] Level 1:colcon.colcon_core.package_identification:_identify(.) by extension 'cmake'
[0.190s] Level 1:colcon.colcon_core.package_identification:_identify(.) by extension 'python'
[0.190s] Level 1:colcon.colcon_core.package_identification:_identify(.) by extensions ['python_setup_py']
[0.190s] Level 1:colcon.colcon_core.package_identification:_identify(.) by extension 'python_setup_py'
[0.190s] Level 1:colcon.colcon_core.package_identification:_identify(build) by extensions ['ignore', 'ignore_ament_install']
[0.191s] Level 1:colcon.colcon_core.package_identification:_identify(build) by extension 'ignore'
[0.191s] Level 1:colcon.colcon_core.package_identification:_identify(build) ignored
[0.191s] Level 1:colcon.colcon_core.package_identification:_identify(install) by extensions ['ignore', 'ignore_ament_install']
[0.191s] Level 1:colcon.colcon_core.package_identification:_identify(install) by extension 'ignore'
[0.191s] Level 1:colcon.colcon_core.package_identification:_identify(install) ignored
[0.191s] Level 1:colcon.colcon_core.package_identification:_identify(log) by extensions ['ignore', 'ignore_ament_install']
[0.191s] Level 1:colcon.colcon_core.package_identification:_identify(log) by extension 'ignore'
[0.191s] Level 1:colcon.colcon_core.package_identification:_identify(log) ignored
[0.191s] Level 1:colcon.colcon_core.package_identification:_identify(src) by extensions ['ignore', 'ignore_ament_install']
[0.191s] Level 1:colcon.colcon_core.package_identification:_identify(src) by extension 'ignore'
[0.191s] Level 1:colcon.colcon_core.package_identification:_identify(src) by extension 'ignore_ament_install'
[0.192s] Level 1:colcon.colcon_core.package_identification:_identify(src) by extensions ['colcon_pkg']
[0.192s] Level 1:colcon.colcon_core.package_identification:_identify(src) by extension 'colcon_pkg'
[0.192s] Level 1:colcon.colcon_core.package_identification:_identify(src) by extensions ['colcon_meta']
[0.192s] Level 1:colcon.colcon_core.package_identification:_identify(src) by extension 'colcon_meta'
[0.192s] Level 1:colcon.colcon_core.package_identification:_identify(src) by extensions ['ros']
[0.192s] Level 1:colcon.colcon_core.package_identification:_identify(src) by extension 'ros'
[0.192s] Level 1:colcon.colcon_core.package_identification:_identify(src) by extensions ['cmake', 'python']
[0.192s] Level 1:colcon.colcon_core.package_identification:_identify(src) by extension 'cmake'
[0.192s] Level 1:colcon.colcon_core.package_identification:_identify(src) by extension 'python'
[0.192s] Level 1:colcon.colcon_core.package_identification:_identify(src) by extensions ['python_setup_py']
[0.192s] Level 1:colcon.colcon_core.package_identification:_identify(src) by extension 'python_setup_py'
[0.192s] Level 1:colcon.colcon_core.package_identification:_identify(src/ARM_MK1_description) by extensions ['ignore', 'ignore_ament_install']
[0.192s] Level 1:colcon.colcon_core.package_identification:_identify(src/ARM_MK1_description) by extension 'ignore'
[0.192s] Level 1:colcon.colcon_core.package_identification:_identify(src/ARM_MK1_description) by extension 'ignore_ament_install'
[0.192s] Level 1:colcon.colcon_core.package_identification:_identify(src/ARM_MK1_description) by extensions ['colcon_pkg']
[0.192s] Level 1:colcon.colcon_core.package_identification:_identify(src/ARM_MK1_description) by extension 'colcon_pkg'
[0.192s] Level 1:colcon.colcon_core.package_identification:_identify(src/ARM_MK1_description) by extensions ['colcon_meta']
[0.192s] Level 1:colcon.colcon_core.package_identification:_identify(src/ARM_MK1_description) by extension 'colcon_meta'
[0.193s] Level 1:colcon.colcon_core.package_identification:_identify(src/ARM_MK1_description) by extensions ['ros']
[0.193s] Level 1:colcon.colcon_core.package_identification:_identify(src/ARM_MK1_description) by extension 'ros'
[0.195s] DEBUG:colcon.colcon_core.package_identification:Package 'src/ARM_MK1_description' with type 'ros.ament_python' and name 'ARM_MK1_description'
[0.195s] Level 1:colcon.colcon_core.package_identification:_identify(src/build) by extensions ['ignore', 'ignore_ament_install']
[0.196s] Level 1:colcon.colcon_core.package_identification:_identify(src/build) by extension 'ignore'
[0.196s] Level 1:colcon.colcon_core.package_identification:_identify(src/build) ignored
[0.196s] Level 1:colcon.colcon_core.package_identification:_identify(src/bullet_arm_description) by extensions ['ignore', 'ignore_ament_install']
[0.196s] Level 1:colcon.colcon_core.package_identification:_identify(src/bullet_arm_description) by extension 'ignore'
[0.196s] Level 1:colcon.colcon_core.package_identification:_identify(src/bullet_arm_description) by extension 'ignore_ament_install'
[0.196s] Level 1:colcon.colcon_core.package_identification:_identify(src/bullet_arm_description) by extensions ['colcon_pkg']
[0.196s] Level 1:colcon.colcon_core.package_identification:_identify(src/bullet_arm_description) by extension 'colcon_pkg'
[0.196s] Level 1:colcon.colcon_core.package_identification:_identify(src/bullet_arm_description) by extensions ['colcon_meta']
[0.196s] Level 1:colcon.colcon_core.package_identification:_identify(src/bullet_arm_description) by extension 'colcon_meta'
[0.196s] Level 1:colcon.colcon_core.package_identification:_identify(src/bullet_arm_description) by extensions ['ros']
[0.196s] Level 1:colcon.colcon_core.package_identification:_identify(src/bullet_arm_description) by extension 'ros'
[0.197s] DEBUG:colcon.colcon_core.package_identification:Package 'src/bullet_arm_description' with type 'ros.ament_python' and name 'bullet_arm_description'
[0.197s] Level 1:colcon.colcon_core.package_identification:_identify(src/install) by extensions ['ignore', 'ignore_ament_install']
[0.197s] Level 1:colcon.colcon_core.package_identification:_identify(src/install) by extension 'ignore'
[0.197s] Level 1:colcon.colcon_core.package_identification:_identify(src/install) ignored
[0.197s] Level 1:colcon.colcon_core.package_identification:_identify(src/log) by extensions ['ignore', 'ignore_ament_install']
[0.197s] Level 1:colcon.colcon_core.package_identification:_identify(src/log) by extension 'ignore'
[0.197s] Level 1:colcon.colcon_core.package_identification:_identify(src/log) ignored
[0.197s] Level 1:colcon.colcon_core.package_identification:_identify(src/oppressor_api) by extensions ['ignore', 'ignore_ament_install']
[0.198s] Level 1:colcon.colcon_core.package_identification:_identify(src/oppressor_api) by extension 'ignore'
[0.198s] Level 1:colcon.colcon_core.package_identification:_identify(src/oppressor_api) by extension 'ignore_ament_install'
[0.198s] Level 1:colcon.colcon_core.package_identification:_identify(src/oppressor_api) by extensions ['colcon_pkg']
[0.198s] Level 1:colcon.colcon_core.package_identification:_identify(src/oppressor_api) by extension 'colcon_pkg'
[0.198s] Level 1:colcon.colcon_core.package_identification:_identify(src/oppressor_api) by extensions ['colcon_meta']
[0.198s] Level 1:colcon.colcon_core.package_identification:_identify(src/oppressor_api) by extension 'colcon_meta'
[0.198s] Level 1:colcon.colcon_core.package_identification:_identify(src/oppressor_api) by extensions ['ros']
[0.198s] Level 1:colcon.colcon_core.package_identification:_identify(src/oppressor_api) by extension 'ros'
[0.199s] DEBUG:colcon.colcon_core.package_identification:Package 'src/oppressor_api' with type 'ros.ament_cmake' and name 'oppressor_api'
[0.199s] Level 1:colcon.colcon_core.package_identification:_identify(src/oppressor_mk1_description) by extensions ['ignore', 'ignore_ament_install']
[0.199s] Level 1:colcon.colcon_core.package_identification:_identify(src/oppressor_mk1_description) by extension 'ignore'
[0.199s] Level 1:colcon.colcon_core.package_identification:_identify(src/oppressor_mk1_description) by extension 'ignore_ament_install'
[0.199s] Level 1:colcon.colcon_core.package_identification:_identify(src/oppressor_mk1_description) by extensions ['colcon_pkg']
[0.199s] Level 1:colcon.colcon_core.package_identification:_identify(src/oppressor_mk1_description) by extension 'colcon_pkg'
[0.199s] Level 1:colcon.colcon_core.package_identification:_identify(src/oppressor_mk1_description) by extensions ['colcon_meta']
[0.199s] Level 1:colcon.colcon_core.package_identification:_identify(src/oppressor_mk1_description) by extension 'colcon_meta'
[0.199s] Level 1:colcon.colcon_core.package_identification:_identify(src/oppressor_mk1_description) by extensions ['ros']
[0.199s] Level 1:colcon.colcon_core.package_identification:_identify(src/oppressor_mk1_description) by extension 'ros'
[0.200s] DEBUG:colcon.colcon_core.package_identification:Package 'src/oppressor_mk1_description' with type 'ros.ament_python' and name 'oppressor_mk1_description'
[0.200s] Level 1:colcon.colcon_core.package_identification:_identify(src/oppressor_mk3_description) by extensions ['ignore', 'ignore_ament_install']
[0.200s] Level 1:colcon.colcon_core.package_identification:_identify(src/oppressor_mk3_description) by extension 'ignore'
[0.200s] Level 1:colcon.colcon_core.package_identification:_identify(src/oppressor_mk3_description) by extension 'ignore_ament_install'
[0.200s] Level 1:colcon.colcon_core.package_identification:_identify(src/oppressor_mk3_description) by extensions ['colcon_pkg']
[0.200s] Level 1:colcon.colcon_core.package_identification:_identify(src/oppressor_mk3_description) by extension 'colcon_pkg'
[0.200s] Level 1:colcon.colcon_core.package_identification:_identify(src/oppressor_mk3_description) by extensions ['colcon_meta']
[0.200s] Level 1:colcon.colcon_core.package_identification:_identify(src/oppressor_mk3_description) by extension 'colcon_meta'
[0.200s] Level 1:colcon.colcon_core.package_identification:_identify(src/oppressor_mk3_description) by extensions ['ros']
[0.200s] Level 1:colcon.colcon_core.package_identification:_identify(src/oppressor_mk3_description) by extension 'ros'
[0.201s] DEBUG:colcon.colcon_core.package_identification:Package 'src/oppressor_mk3_description' with type 'ros.ament_python' and name 'oppressor_mk3_description'
[0.201s] Level 1:colcon.colcon_core.package_identification:_identify(src/qube_1_description) by extensions ['ignore', 'ignore_ament_install']
[0.201s] Level 1:colcon.colcon_core.package_identification:_identify(src/qube_1_description) by extension 'ignore'
[0.201s] Level 1:colcon.colcon_core.package_identification:_identify(src/qube_1_description) by extension 'ignore_ament_install'
[0.201s] Level 1:colcon.colcon_core.package_identification:_identify(src/qube_1_description) by extensions ['colcon_pkg']
[0.201s] Level 1:colcon.colcon_core.package_identification:_identify(src/qube_1_description) by extension 'colcon_pkg'
[0.201s] Level 1:colcon.colcon_core.package_identification:_identify(src/qube_1_description) by extensions ['colcon_meta']
[0.201s] Level 1:colcon.colcon_core.package_identification:_identify(src/qube_1_description) by extension 'colcon_meta'
[0.201s] Level 1:colcon.colcon_core.package_identification:_identify(src/qube_1_description) by extensions ['ros']
[0.201s] Level 1:colcon.colcon_core.package_identification:_identify(src/qube_1_description) by extension 'ros'
[0.202s] DEBUG:colcon.colcon_core.package_identification:Package 'src/qube_1_description' with type 'ros.ament_python' and name 'qube_1_description'
[0.202s] Level 1:colcon.colcon_core.package_identification:_identify(src/r_arm_description) by extensions ['ignore', 'ignore_ament_install']
[0.202s] Level 1:colcon.colcon_core.package_identification:_identify(src/r_arm_description) by extension 'ignore'
[0.202s] Level 1:colcon.colcon_core.package_identification:_identify(src/r_arm_description) by extension 'ignore_ament_install'
[0.202s] Level 1:colcon.colcon_core.package_identification:_identify(src/r_arm_description) by extensions ['colcon_pkg']
[0.202s] Level 1:colcon.colcon_core.package_identification:_identify(src/r_arm_description) by extension 'colcon_pkg'
[0.202s] Level 1:colcon.colcon_core.package_identification:_identify(src/r_arm_description) by extensions ['colcon_meta']
[0.203s] Level 1:colcon.colcon_core.package_identification:_identify(src/r_arm_description) by extension 'colcon_meta'
[0.203s] Level 1:colcon.colcon_core.package_identification:_identify(src/r_arm_description) by extensions ['ros']
[0.203s] Level 1:colcon.colcon_core.package_identification:_identify(src/r_arm_description) by extension 'ros'
[0.203s] DEBUG:colcon.colcon_core.package_identification:Found ROS schema reference in package manifest in 'src/r_arm_description'
[0.203s] WARNING:colcon.colcon_core.package_identification:Failed to parse ROS package manifest in 'src/r_arm_description': Error(s) in package 'src/r_arm_description/package.xml':
Error(s):
- The manifest of package "r_arm_description" (with format version 3) must not contain the following tags: depand
[0.204s] Level 1:colcon.colcon_core.package_identification:_identify(src/r_arm_description) by extensions ['cmake', 'python']
[0.204s] Level 1:colcon.colcon_core.package_identification:_identify(src/r_arm_description) by extension 'cmake'
[0.204s] Level 1:colcon.colcon_core.package_identification:_identify(src/r_arm_description) by extension 'python'
[0.204s] DEBUG:colcon.colcon_core.package_identification:Python package in 'src/r_arm_description' passes arguments to the setup() function which requires a different identification extension than 'python'
[0.204s] Level 1:colcon.colcon_core.package_identification:_identify(src/r_arm_description) by extensions ['python_setup_py']
[0.204s] Level 1:colcon.colcon_core.package_identification:_identify(src/r_arm_description) by extension 'python_setup_py'
[0.437s] DEBUG:colcon.colcon_core.package_identification:Package 'src/r_arm_description' with type 'python' and name 'r_arm_description'
[0.437s] Level 1:colcon.colcon_core.package_identification:_identify(src/robot_mk1_description) by extensions ['ignore', 'ignore_ament_install']
[0.437s] Level 1:colcon.colcon_core.package_identification:_identify(src/robot_mk1_description) by extension 'ignore'
[0.437s] Level 1:colcon.colcon_core.package_identification:_identify(src/robot_mk1_description) by extension 'ignore_ament_install'
[0.437s] Level 1:colcon.colcon_core.package_identification:_identify(src/robot_mk1_description) by extensions ['colcon_pkg']
[0.437s] Level 1:colcon.colcon_core.package_identification:_identify(src/robot_mk1_description) by extension 'colcon_pkg'
[0.437s] Level 1:colcon.colcon_core.package_identification:_identify(src/robot_mk1_description) by extensions ['colcon_meta']
[0.438s] Level 1:colcon.colcon_core.package_identification:_identify(src/robot_mk1_description) by extension 'colcon_meta'
[0.438s] Level 1:colcon.colcon_core.package_identification:_identify(src/robot_mk1_description) by extensions ['ros']
[0.438s] Level 1:colcon.colcon_core.package_identification:_identify(src/robot_mk1_description) by extension 'ros'
[0.438s] DEBUG:colcon.colcon_core.package_identification:Package 'src/robot_mk1_description' with type 'ros.ament_python' and name 'robot_mk1_description'
[0.438s] Level 1:colcon.colcon_core.package_identification:_identify(src/robot_urdf_description) by extensions ['ignore', 'ignore_ament_install']
[0.438s] Level 1:colcon.colcon_core.package_identification:_identify(src/robot_urdf_description) by extension 'ignore'
[0.439s] Level 1:colcon.colcon_core.package_identification:_identify(src/robot_urdf_description) by extension 'ignore_ament_install'
[0.439s] Level 1:colcon.colcon_core.package_identification:_identify(src/robot_urdf_description) by extensions ['colcon_pkg']
[0.439s] Level 1:colcon.colcon_core.package_identification:_identify(src/robot_urdf_description) by extension 'colcon_pkg'
[0.439s] Level 1:colcon.colcon_core.package_identification:_identify(src/robot_urdf_description) by extensions ['colcon_meta']
[0.439s] Level 1:colcon.colcon_core.package_identification:_identify(src/robot_urdf_description) by extension 'colcon_meta'
[0.439s] Level 1:colcon.colcon_core.package_identification:_identify(src/robot_urdf_description) by extensions ['ros']
[0.439s] Level 1:colcon.colcon_core.package_identification:_identify(src/robot_urdf_description) by extension 'ros'
[0.440s] DEBUG:colcon.colcon_core.package_identification:Package 'src/robot_urdf_description' with type 'ros.ament_python' and name 'robot_urdf_description'
[0.440s] Level 1:colcon.colcon_core.package_identification:_identify(src/rosbot_api) by extensions ['ignore', 'ignore_ament_install']
[0.440s] Level 1:colcon.colcon_core.package_identification:_identify(src/rosbot_api) by extension 'ignore'
[0.440s] Level 1:colcon.colcon_core.package_identification:_identify(src/rosbot_api) by extension 'ignore_ament_install'
[0.440s] Level 1:colcon.colcon_core.package_identification:_identify(src/rosbot_api) by extensions ['colcon_pkg']
[0.440s] Level 1:colcon.colcon_core.package_identification:_identify(src/rosbot_api) by extension 'colcon_pkg'
[0.440s] Level 1:colcon.colcon_core.package_identification:_identify(src/rosbot_api) by extensions ['colcon_meta']
[0.440s] Level 1:colcon.colcon_core.package_identification:_identify(src/rosbot_api) by extension 'colcon_meta'
[0.440s] Level 1:colcon.colcon_core.package_identification:_identify(src/rosbot_api) by extensions ['ros']
[0.440s] Level 1:colcon.colcon_core.package_identification:_identify(src/rosbot_api) by extension 'ros'
[0.441s] DEBUG:colcon.colcon_core.package_identification:Package 'src/rosbot_api' with type 'ros.ament_cmake' and name 'rosbot_api'
[0.441s] Level 1:colcon.colcon_core.package_identification:_identify(src/rosbot_description) by extensions ['ignore', 'ignore_ament_install']
[0.441s] Level 1:colcon.colcon_core.package_identification:_identify(src/rosbot_description) by extension 'ignore'
[0.441s] Level 1:colcon.colcon_core.package_identification:_identify(src/rosbot_description) by extension 'ignore_ament_install'
[0.441s] Level 1:colcon.colcon_core.package_identification:_identify(src/rosbot_description) by extensions ['colcon_pkg']
[0.441s] Level 1:colcon.colcon_core.package_identification:_identify(src/rosbot_description) by extension 'colcon_pkg'
[0.441s] Level 1:colcon.colcon_core.package_identification:_identify(src/rosbot_description) by extensions ['colcon_meta']
[0.441s] Level 1:colcon.colcon_core.package_identification:_identify(src/rosbot_description) by extension 'colcon_meta'
[0.441s] Level 1:colcon.colcon_core.package_identification:_identify(src/rosbot_description) by extensions ['ros']
[0.441s] Level 1:colcon.colcon_core.package_identification:_identify(src/rosbot_description) by extension 'ros'
[0.442s] DEBUG:colcon.colcon_core.package_identification:Package 'src/rosbot_description' with type 'ros.ament_python' and name 'rosbot_description'
[0.442s] Level 1:colcon.colcon_core.package_identification:_identify(src/rosbot_mk3_description) by extensions ['ignore', 'ignore_ament_install']
[0.442s] Level 1:colcon.colcon_core.package_identification:_identify(src/rosbot_mk3_description) by extension 'ignore'
[0.442s] Level 1:colcon.colcon_core.package_identification:_identify(src/rosbot_mk3_description) by extension 'ignore_ament_install'
[0.442s] Level 1:colcon.colcon_core.package_identification:_identify(src/rosbot_mk3_description) by extensions ['colcon_pkg']
[0.442s] Level 1:colcon.colcon_core.package_identification:_identify(src/rosbot_mk3_description) by extension 'colcon_pkg'
[0.442s] Level 1:colcon.colcon_core.package_identification:_identify(src/rosbot_mk3_description) by extensions ['colcon_meta']
[0.442s] Level 1:colcon.colcon_core.package_identification:_identify(src/rosbot_mk3_description) by extension 'colcon_meta'
[0.442s] Level 1:colcon.colcon_core.package_identification:_identify(src/rosbot_mk3_description) by extensions ['ros']
[0.442s] Level 1:colcon.colcon_core.package_identification:_identify(src/rosbot_mk3_description) by extension 'ros'
[0.443s] DEBUG:colcon.colcon_core.package_identification:Package 'src/rosbot_mk3_description' with type 'ros.ament_python' and name 'rosbot_mk3_description'
[0.443s] Level 1:colcon.colcon_core.package_discovery:discover_packages(recursive) using defaults
[0.443s] Level 1:colcon.colcon_core.package_discovery:discover_packages(ignore) discover
[0.443s] Level 1:colcon.colcon_core.package_discovery:discover_packages(ignore) using defaults
[0.443s] Level 1:colcon.colcon_core.package_discovery:discover_packages(path) discover
[0.443s] Level 1:colcon.colcon_core.package_discovery:discover_packages(path) using defaults
[0.466s] Level 5:colcon.colcon_core.verb:set package 'ARM_MK1_description' build argument 'cmake_args' from command line to 'None'
[0.466s] Level 5:colcon.colcon_core.verb:set package 'ARM_MK1_description' build argument 'cmake_target' from command line to 'None'
[0.466s] Level 5:colcon.colcon_core.verb:set package 'ARM_MK1_description' build argument 'cmake_target_skip_unavailable' from command line to 'False'
[0.466s] Level 5:colcon.colcon_core.verb:set package 'ARM_MK1_description' build argument 'cmake_clean_cache' from command line to 'False'
[0.466s] Level 5:colcon.colcon_core.verb:set package 'ARM_MK1_description' build argument 'cmake_clean_first' from command line to 'False'
[0.466s] Level 5:colcon.colcon_core.verb:set package 'ARM_MK1_description' build argument 'cmake_force_configure' from command line to 'False'
[0.466s] Level 5:colcon.colcon_core.verb:set package 'ARM_MK1_description' build argument 'ament_cmake_args' from command line to 'None'
[0.466s] Level 5:colcon.colcon_core.verb:set package 'ARM_MK1_description' build argument 'catkin_cmake_args' from command line to 'None'
[0.466s] Level 5:colcon.colcon_core.verb:set package 'ARM_MK1_description' build argument 'catkin_skip_building_tests' from command line to 'False'
[0.466s] DEBUG:colcon.colcon_core.verb:Building package 'ARM_MK1_description' with the following arguments: {'ament_cmake_args': None, 'build_base': '/home/user/ros2_ws/build/ARM_MK1_description', 'catkin_cmake_args': None, 'catkin_skip_building_tests': False, 'cmake_args': None, 'cmake_clean_cache': False, 'cmake_clean_first': False, 'cmake_force_configure': False, 'cmake_target': None, 'cmake_target_skip_unavailable': False, 'install_base': '/home/user/ros2_ws/install/ARM_MK1_description', 'merge_install': False, 'path': '/home/user/ros2_ws/src/ARM_MK1_description', 'symlink_install': False, 'test_result_base': None}
[0.466s] Level 5:colcon.colcon_core.verb:set package 'bullet_arm_description' build argument 'cmake_args' from command line to 'None'
[0.466s] Level 5:colcon.colcon_core.verb:set package 'bullet_arm_description' build argument 'cmake_target' from command line to 'None'
[0.466s] Level 5:colcon.colcon_core.verb:set package 'bullet_arm_description' build argument 'cmake_target_skip_unavailable' from command line to 'False'
[0.466s] Level 5:colcon.colcon_core.verb:set package 'bullet_arm_description' build argument 'cmake_clean_cache' from command line to 'False'
[0.467s] Level 5:colcon.colcon_core.verb:set package 'bullet_arm_description' build argument 'cmake_clean_first' from command line to 'False'
[0.467s] Level 5:colcon.colcon_core.verb:set package 'bullet_arm_description' build argument 'cmake_force_configure' from command line to 'False'
[0.467s] Level 5:colcon.colcon_core.verb:set package 'bullet_arm_description' build argument 'ament_cmake_args' from command line to 'None'
[0.467s] Level 5:colcon.colcon_core.verb:set package 'bullet_arm_description' build argument 'catkin_cmake_args' from command line to 'None'
[0.467s] Level 5:colcon.colcon_core.verb:set package 'bullet_arm_description' build argument 'catkin_skip_building_tests' from command line to 'False'
[0.467s] DEBUG:colcon.colcon_core.verb:Building package 'bullet_arm_description' with the following arguments: {'ament_cmake_args': None, 'build_base': '/home/user/ros2_ws/build/bullet_arm_description', 'catkin_cmake_args': None, 'catkin_skip_building_tests': False, 'cmake_args': None, 'cmake_clean_cache': False, 'cmake_clean_first': False, 'cmake_force_configure': False, 'cmake_target': None, 'cmake_target_skip_unavailable': False, 'install_base': '/home/user/ros2_ws/install/bullet_arm_description', 'merge_install': False, 'path': '/home/user/ros2_ws/src/bullet_arm_description', 'symlink_install': False, 'test_result_base': None}
[0.467s] Level 5:colcon.colcon_core.verb:set package 'oppressor_api' build argument 'cmake_args' from command line to 'None'
[0.467s] Level 5:colcon.colcon_core.verb:set package 'oppressor_api' build argument 'cmake_target' from command line to 'None'
[0.467s] Level 5:colcon.colcon_core.verb:set package 'oppressor_api' build argument 'cmake_target_skip_unavailable' from command line to 'False'
[0.467s] Level 5:colcon.colcon_core.verb:set package 'oppressor_api' build argument 'cmake_clean_cache' from command line to 'False'
[0.467s] Level 5:colcon.colcon_core.verb:set package 'oppressor_api' build argument 'cmake_clean_first' from command line to 'False'
[0.467s] Level 5:colcon.colcon_core.verb:set package 'oppressor_api' build argument 'cmake_force_configure' from command line to 'False'
[0.467s] Level 5:colcon.colcon_core.verb:set package 'oppressor_api' build argument 'ament_cmake_args' from command line to 'None'
[0.467s] Level 5:colcon.colcon_core.verb:set package 'oppressor_api' build argument 'catkin_cmake_args' from command line to 'None'
[0.467s] Level 5:colcon.colcon_core.verb:set package 'oppressor_api' build argument 'catkin_skip_building_tests' from command line to 'False'
[0.467s] DEBUG:colcon.colcon_core.verb:Building package 'oppressor_api' with the following arguments: {'ament_cmake_args': None, 'build_base': '/home/user/ros2_ws/build/oppressor_api', 'catkin_cmake_args': None, 'catkin_skip_building_tests': False, 'cmake_args': None, 'cmake_clean_cache': False, 'cmake_clean_first': False, 'cmake_force_configure': False, 'cmake_target': None, 'cmake_target_skip_unavailable': False, 'install_base': '/home/user/ros2_ws/install/oppressor_api', 'merge_install': False, 'path': '/home/user/ros2_ws/src/oppressor_api', 'symlink_install': False, 'test_result_base': None}
[0.467s] Level 5:colcon.colcon_core.verb:set package 'oppressor_mk1_description' build argument 'cmake_args' from command line to 'None'
[0.468s] Level 5:colcon.colcon_core.verb:set package 'oppressor_mk1_description' build argument 'cmake_target' from command line to 'None'
[0.468s] Level 5:colcon.colcon_core.verb:set package 'oppressor_mk1_description' build argument 'cmake_target_skip_unavailable' from command line to 'False'
[0.468s] Level 5:colcon.colcon_core.verb:set package 'oppressor_mk1_description' build argument 'cmake_clean_cache' from command line to 'False'
[0.468s] Level 5:colcon.colcon_core.verb:set package 'oppressor_mk1_description' build argument 'cmake_clean_first' from command line to 'False'
[0.468s] Level 5:colcon.colcon_core.verb:set package 'oppressor_mk1_description' build argument 'cmake_force_configure' from command line to 'False'
[0.468s] Level 5:colcon.colcon_core.verb:set package 'oppressor_mk1_description' build argument 'ament_cmake_args' from command line to 'None'
[0.468s] Level 5:colcon.colcon_core.verb:set package 'oppressor_mk1_description' build argument 'catkin_cmake_args' from command line to 'None'
[0.468s] Level 5:colcon.colcon_core.verb:set package 'oppressor_mk1_description' build argument 'catkin_skip_building_tests' from command line to 'False'
[0.468s] DEBUG:colcon.colcon_core.verb:Building package 'oppressor_mk1_description' with the following arguments: {'ament_cmake_args': None, 'build_base': '/home/user/ros2_ws/build/oppressor_mk1_description', 'catkin_cmake_args': None, 'catkin_skip_building_tests': False, 'cmake_args': None, 'cmake_clean_cache': False, 'cmake_clean_first': False, 'cmake_force_configure': False, 'cmake_target': None, 'cmake_target_skip_unavailable': False, 'install_base': '/home/user/ros2_ws/install/oppressor_mk1_description', 'merge_install': False, 'path': '/home/user/ros2_ws/src/oppressor_mk1_description', 'symlink_install': False, 'test_result_base': None}
[0.468s] Level 5:colcon.colcon_core.verb:set package 'oppressor_mk3_description' build argument 'cmake_args' from command line to 'None'
[0.468s] Level 5:colcon.colcon_core.verb:set package 'oppressor_mk3_description' build argument 'cmake_target' from command line to 'None'
[0.468s] Level 5:colcon.colcon_core.verb:set package 'oppressor_mk3_description' build argument 'cmake_target_skip_unavailable' from command line to 'False'
[0.468s] Level 5:colcon.colcon_core.verb:set package 'oppressor_mk3_description' build argument 'cmake_clean_cache' from command line to 'False'
[0.468s] Level 5:colcon.colcon_core.verb:set package 'oppressor_mk3_description' build argument 'cmake_clean_first' from command line to 'False'
[0.468s] Level 5:colcon.colcon_core.verb:set package 'oppressor_mk3_description' build argument 'cmake_force_configure' from command line to 'False'
[0.468s] Level 5:colcon.colcon_core.verb:set package 'oppressor_mk3_description' build argument 'ament_cmake_args' from command line to 'None'
[0.468s] Level 5:colcon.colcon_core.verb:set package 'oppressor_mk3_description' build argument 'catkin_cmake_args' from command line to 'None'
[0.468s] Level 5:colcon.colcon_core.verb:set package 'oppressor_mk3_description' build argument 'catkin_skip_building_tests' from command line to 'False'
[0.468s] DEBUG:colcon.colcon_core.verb:Building package 'oppressor_mk3_description' with the following arguments: {'ament_cmake_args': None, 'build_base': '/home/user/ros2_ws/build/oppressor_mk3_description', 'catkin_cmake_args': None, 'catkin_skip_building_tests': False, 'cmake_args': None, 'cmake_clean_cache': False, 'cmake_clean_first': False, 'cmake_force_configure': False, 'cmake_target': None, 'cmake_target_skip_unavailable': False, 'install_base': '/home/user/ros2_ws/install/oppressor_mk3_description', 'merge_install': False, 'path': '/home/user/ros2_ws/src/oppressor_mk3_description', 'symlink_install': False, 'test_result_base': None}
[0.468s] Level 5:colcon.colcon_core.verb:set package 'qube_1_description' build argument 'cmake_args' from command line to 'None'
[0.468s] Level 5:colcon.colcon_core.verb:set package 'qube_1_description' build argument 'cmake_target' from command line to 'None'
[0.468s] Level 5:colcon.colcon_core.verb:set package 'qube_1_description' build argument 'cmake_target_skip_unavailable' from command line to 'False'
[0.469s] Level 5:colcon.colcon_core.verb:set package 'qube_1_description' build argument 'cmake_clean_cache' from command line to 'False'
[0.469s] Level 5:colcon.colcon_core.verb:set package 'qube_1_description' build argument 'cmake_clean_first' from command line to 'False'
[0.469s] Level 5:colcon.colcon_core.verb:set package 'qube_1_description' build argument 'cmake_force_configure' from command line to 'False'
[0.469s] Level 5:colcon.colcon_core.verb:set package 'qube_1_description' build argument 'ament_cmake_args' from command line to 'None'
[0.469s] Level 5:colcon.colcon_core.verb:set package 'qube_1_description' build argument 'catkin_cmake_args' from command line to 'None'
[0.469s] Level 5:colcon.colcon_core.verb:set package 'qube_1_description' build argument 'catkin_skip_building_tests' from command line to 'False'
[0.469s] DEBUG:colcon.colcon_core.verb:Building package 'qube_1_description' with the following arguments: {'ament_cmake_args': None, 'build_base': '/home/user/ros2_ws/build/qube_1_description', 'catkin_cmake_args': None, 'catkin_skip_building_tests': False, 'cmake_args': None, 'cmake_clean_cache': False, 'cmake_clean_first': False, 'cmake_force_configure': False, 'cmake_target': None, 'cmake_target_skip_unavailable': False, 'install_base': '/home/user/ros2_ws/install/qube_1_description', 'merge_install': False, 'path': '/home/user/ros2_ws/src/qube_1_description', 'symlink_install': False, 'test_result_base': None}
[0.469s] Level 5:colcon.colcon_core.verb:set package 'r_arm_description' build argument 'cmake_args' from command line to 'None'
[0.469s] Level 5:colcon.colcon_core.verb:set package 'r_arm_description' build argument 'cmake_target' from command line to 'None'
[0.469s] Level 5:colcon.colcon_core.verb:set package 'r_arm_description' build argument 'cmake_target_skip_unavailable' from command line to 'False'
[0.469s] Level 5:colcon.colcon_core.verb:set package 'r_arm_description' build argument 'cmake_clean_cache' from command line to 'False'
[0.469s] Level 5:colcon.colcon_core.verb:set package 'r_arm_description' build argument 'cmake_clean_first' from command line to 'False'
[0.469s] Level 5:colcon.colcon_core.verb:set package 'r_arm_description' build argument 'cmake_force_configure' from command line to 'False'
[0.469s] Level 5:colcon.colcon_core.verb:set package 'r_arm_description' build argument 'ament_cmake_args' from command line to 'None'
[0.469s] Level 5:colcon.colcon_core.verb:set package 'r_arm_description' build argument 'catkin_cmake_args' from command line to 'None'
[0.469s] Level 5:colcon.colcon_core.verb:set package 'r_arm_description' build argument 'catkin_skip_building_tests' from command line to 'False'
[0.469s] DEBUG:colcon.colcon_core.verb:Building package 'r_arm_description' with the following arguments: {'ament_cmake_args': None, 'build_base': '/home/user/ros2_ws/build/r_arm_description', 'catkin_cmake_args': None, 'catkin_skip_building_tests': False, 'cmake_args': None, 'cmake_clean_cache': False, 'cmake_clean_first': False, 'cmake_force_configure': False, 'cmake_target': None, 'cmake_target_skip_unavailable': False, 'install_base': '/home/user/ros2_ws/install/r_arm_description', 'merge_install': False, 'path': '/home/user/ros2_ws/src/r_arm_description', 'symlink_install': False, 'test_result_base': None}
[0.469s] Level 5:colcon.colcon_core.verb:set package 'robot_mk1_description' build argument 'cmake_args' from command line to 'None'
[0.469s] Level 5:colcon.colcon_core.verb:set package 'robot_mk1_description' build argument 'cmake_target' from command line to 'None'
[0.469s] Level 5:colcon.colcon_core.verb:set package 'robot_mk1_description' build argument 'cmake_target_skip_unavailable' from command line to 'False'
[0.469s] Level 5:colcon.colcon_core.verb:set package 'robot_mk1_description' build argument 'cmake_clean_cache' from command line to 'False'
[0.470s] Level 5:colcon.colcon_core.verb:set package 'robot_mk1_description' build argument 'cmake_clean_first' from command line to 'False'
[0.470s] Level 5:colcon.colcon_core.verb:set package 'robot_mk1_description' build argument 'cmake_force_configure' from command line to 'False'
[0.470s] Level 5:colcon.colcon_core.verb:set package 'robot_mk1_description' build argument 'ament_cmake_args' from command line to 'None'
[0.470s] Level 5:colcon.colcon_core.verb:set package 'robot_mk1_description' build argument 'catkin_cmake_args' from command line to 'None'
[0.470s] Level 5:colcon.colcon_core.verb:set package 'robot_mk1_description' build argument 'catkin_skip_building_tests' from command line to 'False'
[0.470s] DEBUG:colcon.colcon_core.verb:Building package 'robot_mk1_description' with the following arguments: {'ament_cmake_args': None, 'build_base': '/home/user/ros2_ws/build/robot_mk1_description', 'catkin_cmake_args': None, 'catkin_skip_building_tests': False, 'cmake_args': None, 'cmake_clean_cache': False, 'cmake_clean_first': False, 'cmake_force_configure': False, 'cmake_target': None, 'cmake_target_skip_unavailable': False, 'install_base': '/home/user/ros2_ws/install/robot_mk1_description', 'merge_install': False, 'path': '/home/user/ros2_ws/src/robot_mk1_description', 'symlink_install': False, 'test_result_base': None}
[0.470s] Level 5:colcon.colcon_core.verb:set package 'robot_urdf_description' build argument 'cmake_args' from command line to 'None'
[0.470s] Level 5:colcon.colcon_core.verb:set package 'robot_urdf_description' build argument 'cmake_target' from command line to 'None'
[0.470s] Level 5:colcon.colcon_core.verb:set package 'robot_urdf_description' build argument 'cmake_target_skip_unavailable' from command line to 'False'
[0.470s] Level 5:colcon.colcon_core.verb:set package 'robot_urdf_description' build argument 'cmake_clean_cache' from command line to 'False'
[0.470s] Level 5:colcon.colcon_core.verb:set package 'robot_urdf_description' build argument 'cmake_clean_first' from command line to 'False'
[0.470s] Level 5:colcon.colcon_core.verb:set package 'robot_urdf_description' build argument 'cmake_force_configure' from command line to 'False'
[0.470s] Level 5:colcon.colcon_core.verb:set package 'robot_urdf_description' build argument 'ament_cmake_args' from command line to 'None'
[0.470s] Level 5:colcon.colcon_core.verb:set package 'robot_urdf_description' build argument 'catkin_cmake_args' from command line to 'None'
[0.470s] Level 5:colcon.colcon_core.verb:set package 'robot_urdf_description' build argument 'catkin_skip_building_tests' from command line to 'False'
[0.470s] DEBUG:colcon.colcon_core.verb:Building package 'robot_urdf_description' with the following arguments: {'ament_cmake_args': None, 'build_base': '/home/user/ros2_ws/build/robot_urdf_description', 'catkin_cmake_args': None, 'catkin_skip_building_tests': False, 'cmake_args': None, 'cmake_clean_cache': False, 'cmake_clean_first': False, 'cmake_force_configure': False, 'cmake_target': None, 'cmake_target_skip_unavailable': False, 'install_base': '/home/user/ros2_ws/install/robot_urdf_description', 'merge_install': False, 'path': '/home/user/ros2_ws/src/robot_urdf_description', 'symlink_install': False, 'test_result_base': None}
[0.470s] Level 5:colcon.colcon_core.verb:set package 'rosbot_api' build argument 'cmake_args' from command line to 'None'
[0.470s] Level 5:colcon.colcon_core.verb:set package 'rosbot_api' build argument 'cmake_target' from command line to 'None'
[0.470s] Level 5:colcon.colcon_core.verb:set package 'rosbot_api' build argument 'cmake_target_skip_unavailable' from command line to 'False'
[0.470s] Level 5:colcon.colcon_core.verb:set package 'rosbot_api' build argument 'cmake_clean_cache' from command line to 'False'
[0.470s] Level 5:colcon.colcon_core.verb:set package 'rosbot_api' build argument 'cmake_clean_first' from command line to 'False'
[0.470s] Level 5:colcon.colcon_core.verb:set package 'rosbot_api' build argument 'cmake_force_configure' from command line to 'False'
[0.471s] Level 5:colcon.colcon_core.verb:set package 'rosbot_api' build argument 'ament_cmake_args' from command line to 'None'
[0.471s] Level 5:colcon.colcon_core.verb:set package 'rosbot_api' build argument 'catkin_cmake_args' from command line to 'None'
[0.471s] Level 5:colcon.colcon_core.verb:set package 'rosbot_api' build argument 'catkin_skip_building_tests' from command line to 'False'
[0.471s] DEBUG:colcon.colcon_core.verb:Building package 'rosbot_api' with the following arguments: {'ament_cmake_args': None, 'build_base': '/home/user/ros2_ws/build/rosbot_api', 'catkin_cmake_args': None, 'catkin_skip_building_tests': False, 'cmake_args': None, 'cmake_clean_cache': False, 'cmake_clean_first': False, 'cmake_force_configure': False, 'cmake_target': None, 'cmake_target_skip_unavailable': False, 'install_base': '/home/user/ros2_ws/install/rosbot_api', 'merge_install': False, 'path': '/home/user/ros2_ws/src/rosbot_api', 'symlink_install': False, 'test_result_base': None}
[0.471s] Level 5:colcon.colcon_core.verb:set package 'rosbot_description' build argument 'cmake_args' from command line to 'None'
[0.471s] Level 5:colcon.colcon_core.verb:set package 'rosbot_description' build argument 'cmake_target' from command line to 'None'
[0.471s] Level 5:colcon.colcon_core.verb:set package 'rosbot_description' build argument 'cmake_target_skip_unavailable' from command line to 'False'
[0.471s] Level 5:colcon.colcon_core.verb:set package 'rosbot_description' build argument 'cmake_clean_cache' from command line to 'False'
[0.471s] Level 5:colcon.colcon_core.verb:set package 'rosbot_description' build argument 'cmake_clean_first' from command line to 'False'
[0.471s] Level 5:colcon.colcon_core.verb:set package 'rosbot_description' build argument 'cmake_force_configure' from command line to 'False'
[0.471s] Level 5:colcon.colcon_core.verb:set package 'rosbot_description' build argument 'ament_cmake_args' from command line to 'None'
[0.471s] Level 5:colcon.colcon_core.verb:set package 'rosbot_description' build argument 'catkin_cmake_args' from command line to 'None'
[0.471s] Level 5:colcon.colcon_core.verb:set package 'rosbot_description' build argument 'catkin_skip_building_tests' from command line to 'False'
[0.471s] DEBUG:colcon.colcon_core.verb:Building package 'rosbot_description' with the following arguments: {'ament_cmake_args': None, 'build_base': '/home/user/ros2_ws/build/rosbot_description', 'catkin_cmake_args': None, 'catkin_skip_building_tests': False, 'cmake_args': None, 'cmake_clean_cache': False, 'cmake_clean_first': False, 'cmake_force_configure': False, 'cmake_target': None, 'cmake_target_skip_unavailable': False, 'install_base': '/home/user/ros2_ws/install/rosbot_description', 'merge_install': False, 'path': '/home/user/ros2_ws/src/rosbot_description', 'symlink_install': False, 'test_result_base': None}
[0.471s] Level 5:colcon.colcon_core.verb:set package 'rosbot_mk3_description' build argument 'cmake_args' from command line to 'None'
[0.471s] Level 5:colcon.colcon_core.verb:set package 'rosbot_mk3_description' build argument 'cmake_target' from command line to 'None'
[0.471s] Level 5:colcon.colcon_core.verb:set package 'rosbot_mk3_description' build argument 'cmake_target_skip_unavailable' from command line to 'False'
[0.471s] Level 5:colcon.colcon_core.verb:set package 'rosbot_mk3_description' build argument 'cmake_clean_cache' from command line to 'False'
[0.471s] Level 5:colcon.colcon_core.verb:set package 'rosbot_mk3_description' build argument 'cmake_clean_first' from command line to 'False'
[0.471s] Level 5:colcon.colcon_core.verb:set package 'rosbot_mk3_description' build argument 'cmake_force_configure' from command line to 'False'
[0.472s] Level 5:colcon.colcon_core.verb:set package 'rosbot_mk3_description' build argument 'ament_cmake_args' from command line to 'None'
[0.472s] Level 5:colcon.colcon_core.verb:set package 'rosbot_mk3_description' build argument 'catkin_cmake_args' from command line to 'None'
[0.472s] Level 5:colcon.colcon_core.verb:set package 'rosbot_mk3_description' build argument 'catkin_skip_building_tests' from command line to 'False'
[0.472s] DEBUG:colcon.colcon_core.verb:Building package 'rosbot_mk3_description' with the following arguments: {'ament_cmake_args': None, 'build_base': '/home/user/ros2_ws/build/rosbot_mk3_description', 'catkin_cmake_args': None, 'catkin_skip_building_tests': False, 'cmake_args': None, 'cmake_clean_cache': False, 'cmake_clean_first': False, 'cmake_force_configure': False, 'cmake_target': None, 'cmake_target_skip_unavailable': False, 'install_base': '/home/user/ros2_ws/install/rosbot_mk3_description', 'merge_install': False, 'path': '/home/user/ros2_ws/src/rosbot_mk3_description', 'symlink_install': False, 'test_result_base': None}
[0.472s] INFO:colcon.colcon_core.executor:Executing jobs using 'parallel' executor
[0.473s] DEBUG:colcon.colcon_parallel_executor.executor.parallel:run_until_complete
[0.473s] INFO:colcon.colcon_ros.task.ament_python.build:Building ROS package in '/home/user/ros2_ws/src/ARM_MK1_description' with build type 'ament_python'
[0.473s] Level 1:colcon.colcon_core.shell:create_environment_hook('ARM_MK1_description', 'ament_prefix_path')
[0.477s] INFO:colcon.colcon_core.plugin_system:Skipping extension 'colcon_core.shell.bat': Not used on non-Windows systems
[0.477s] INFO:colcon.colcon_core.shell:Creating environment hook '/home/user/ros2_ws/install/ARM_MK1_description/share/ARM_MK1_description/hook/ament_prefix_path.ps1'
[0.478s] INFO:colcon.colcon_core.shell:Creating environment descriptor '/home/user/ros2_ws/install/ARM_MK1_description/share/ARM_MK1_description/hook/ament_prefix_path.dsv'
[0.478s] INFO:colcon.colcon_core.shell:Creating environment hook '/home/user/ros2_ws/install/ARM_MK1_description/share/ARM_MK1_description/hook/ament_prefix_path.sh'
[0.479s] INFO:colcon.colcon_core.shell:Skip shell extension 'powershell' for command environment: Not usable outside of PowerShell
[0.479s] DEBUG:colcon.colcon_core.shell:Skip shell extension 'dsv' for command environment
[0.485s] INFO:colcon.colcon_ros.task.ament_python.build:Building ROS package in '/home/user/ros2_ws/src/bullet_arm_description' with build type 'ament_python'
[0.485s] Level 1:colcon.colcon_core.shell:create_environment_hook('bullet_arm_description', 'ament_prefix_path')
[0.485s] INFO:colcon.colcon_core.shell:Creating environment hook '/home/user/ros2_ws/install/bullet_arm_description/share/bullet_arm_description/hook/ament_prefix_path.ps1'
[0.486s] INFO:colcon.colcon_core.shell:Creating environment descriptor '/home/user/ros2_ws/install/bullet_arm_description/share/bullet_arm_description/hook/ament_prefix_path.dsv'
[0.486s] INFO:colcon.colcon_core.shell:Creating environment hook '/home/user/ros2_ws/install/bullet_arm_description/share/bullet_arm_description/hook/ament_prefix_path.sh'
[0.487s] INFO:colcon.colcon_core.shell:Skip shell extension 'powershell' for command environment: Not usable outside of PowerShell
[0.487s] DEBUG:colcon.colcon_core.shell:Skip shell extension 'dsv' for command environment
[0.492s] INFO:colcon.colcon_ros.task.ament_cmake.build:Building ROS package in '/home/user/ros2_ws/src/oppressor_api' with build type 'ament_cmake'
[0.492s] INFO:colcon.colcon_cmake.task.cmake.build:Building CMake package in '/home/user/ros2_ws/src/oppressor_api'
[0.492s] INFO:colcon.colcon_core.shell:Skip shell extension 'powershell' for command environment: Not usable outside of PowerShell
[0.492s] DEBUG:colcon.colcon_core.shell:Skip shell extension 'dsv' for command environment
[0.497s] INFO:colcon.colcon_ros.task.ament_python.build:Building ROS package in '/home/user/ros2_ws/src/oppressor_mk1_description' with build type 'ament_python'
[0.498s] Level 1:colcon.colcon_core.shell:create_environment_hook('oppressor_mk1_description', 'ament_prefix_path')
[0.498s] INFO:colcon.colcon_core.shell:Creating environment hook '/home/user/ros2_ws/install/oppressor_mk1_description/share/oppressor_mk1_description/hook/ament_prefix_path.ps1'
[0.498s] INFO:colcon.colcon_core.shell:Creating environment descriptor '/home/user/ros2_ws/install/oppressor_mk1_description/share/oppressor_mk1_description/hook/ament_prefix_path.dsv'
[0.499s] INFO:colcon.colcon_core.shell:Creating environment hook '/home/user/ros2_ws/install/oppressor_mk1_description/share/oppressor_mk1_description/hook/ament_prefix_path.sh'
[0.500s] INFO:colcon.colcon_core.shell:Skip shell extension 'powershell' for command environment: Not usable outside of PowerShell
[0.500s] DEBUG:colcon.colcon_core.shell:Skip shell extension 'dsv' for command environment
[0.505s] INFO:colcon.colcon_ros.task.ament_python.build:Building ROS package in '/home/user/ros2_ws/src/oppressor_mk3_description' with build type 'ament_python'
[0.505s] Level 1:colcon.colcon_core.shell:create_environment_hook('oppressor_mk3_description', 'ament_prefix_path')
[0.505s] INFO:colcon.colcon_core.shell:Creating environment hook '/home/user/ros2_ws/install/oppressor_mk3_description/share/oppressor_mk3_description/hook/ament_prefix_path.ps1'
[0.506s] INFO:colcon.colcon_core.shell:Creating environment descriptor '/home/user/ros2_ws/install/oppressor_mk3_description/share/oppressor_mk3_description/hook/ament_prefix_path.dsv'
[0.506s] INFO:colcon.colcon_core.shell:Creating environment hook '/home/user/ros2_ws/install/oppressor_mk3_description/share/oppressor_mk3_description/hook/ament_prefix_path.sh'
[0.507s] INFO:colcon.colcon_core.shell:Skip shell extension 'powershell' for command environment: Not usable outside of PowerShell
[0.507s] DEBUG:colcon.colcon_core.shell:Skip shell extension 'dsv' for command environment
[0.511s] INFO:colcon.colcon_ros.task.ament_python.build:Building ROS package in '/home/user/ros2_ws/src/qube_1_description' with build type 'ament_python'
[0.512s] Level 1:colcon.colcon_core.shell:create_environment_hook('qube_1_description', 'ament_prefix_path')
[0.512s] INFO:colcon.colcon_core.shell:Creating environment hook '/home/user/ros2_ws/install/qube_1_description/share/qube_1_description/hook/ament_prefix_path.ps1'
[0.513s] INFO:colcon.colcon_core.shell:Creating environment descriptor '/home/user/ros2_ws/install/qube_1_description/share/qube_1_description/hook/ament_prefix_path.dsv'
[0.513s] INFO:colcon.colcon_core.shell:Creating environment hook '/home/user/ros2_ws/install/qube_1_description/share/qube_1_description/hook/ament_prefix_path.sh'
[0.513s] INFO:colcon.colcon_core.shell:Skip shell extension 'powershell' for command environment: Not usable outside of PowerShell
[0.514s] DEBUG:colcon.colcon_core.shell:Skip shell extension 'dsv' for command environment
[0.519s] INFO:colcon.colcon_core.task.python.build:Building Python package in '/home/user/ros2_ws/src/r_arm_description'
[0.519s] INFO:colcon.colcon_core.shell:Skip shell extension 'powershell' for command environment: Not usable outside of PowerShell
[0.519s] DEBUG:colcon.colcon_core.shell:Skip shell extension 'dsv' for command environment
[0.524s] INFO:colcon.colcon_ros.task.ament_python.build:Building ROS package in '/home/user/ros2_ws/src/robot_mk1_description' with build type 'ament_python'
[0.524s] Level 1:colcon.colcon_core.shell:create_environment_hook('robot_mk1_description', 'ament_prefix_path')
[0.524s] INFO:colcon.colcon_core.shell:Creating environment hook '/home/user/ros2_ws/install/robot_mk1_description/share/robot_mk1_description/hook/ament_prefix_path.ps1'
[0.525s] INFO:colcon.colcon_core.shell:Creating environment descriptor '/home/user/ros2_ws/install/robot_mk1_description/share/robot_mk1_description/hook/ament_prefix_path.dsv'
[0.525s] INFO:colcon.colcon_core.shell:Creating environment hook '/home/user/ros2_ws/install/robot_mk1_description/share/robot_mk1_description/hook/ament_prefix_path.sh'
[0.526s] INFO:colcon.colcon_core.shell:Skip shell extension 'powershell' for command environment: Not usable outside of PowerShell
[0.526s] DEBUG:colcon.colcon_core.shell:Skip shell extension 'dsv' for command environment
[0.766s] INFO:colcon.colcon_core.task.python.build:Building Python package in '/home/user/ros2_ws/src/ARM_MK1_description'
[0.766s] INFO:colcon.colcon_core.shell:Skip shell extension 'powershell' for command environment: Not usable outside of PowerShell
[0.766s] DEBUG:colcon.colcon_core.shell:Skip shell extension 'dsv' for command environment
[1.010s] INFO:colcon.colcon_core.task.python.build:Building Python package in '/home/user/ros2_ws/src/bullet_arm_description'
[1.011s] INFO:colcon.colcon_core.shell:Skip shell extension 'powershell' for command environment: Not usable outside of PowerShell
[1.011s] DEBUG:colcon.colcon_core.shell:Skip shell extension 'dsv' for command environment
[1.020s] DEBUG:colcon.colcon_core.event_handler.log_command:Invoking command in '/home/user/ros2_ws/build/oppressor_api': CMAKE_PREFIX_PATH=${CMAKE_PREFIX_PATH}:/home/user/ros2_ws/install/rosbot_mk3_description:/home/user/ros2_ws/install/rosbot_description:/home/user/ros2_ws/install/robot_urdf_description:/home/user/ros2_ws/install/robot_mk1_description:/home/user/ros2_ws/install/qube_1_description:/home/user/ros2_ws/install/oppressor_mk3_description:/home/user/ros2_ws/install/oppressor_mk1_description:/home/user/ros2_ws/install/bullet_arm_description:/home/user/ros2_ws/install/ARM_MK1_description:/opt/ros/jazzy _=/usr/bin/env /usr/bin/cmake --build /home/user/ros2_ws/build/oppressor_api -- -j8 -l8
[1.304s] INFO:colcon.colcon_core.task.python.build:Building Python package in '/home/user/ros2_ws/src/oppressor_mk1_description'
[1.304s] INFO:colcon.colcon_core.shell:Skip shell extension 'powershell' for command environment: Not usable outside of PowerShell
[1.304s] DEBUG:colcon.colcon_core.shell:Skip shell extension 'dsv' for command environment
[1.543s] INFO:colcon.colcon_core.task.python.build:Building Python package in '/home/user/ros2_ws/src/oppressor_mk3_description'
[1.543s] INFO:colcon.colcon_core.shell:Skip shell extension 'powershell' for command environment: Not usable outside of PowerShell
[1.543s] DEBUG:colcon.colcon_core.shell:Skip shell extension 'dsv' for command environment
[1.791s] INFO:colcon.colcon_core.task.python.build:Building Python package in '/home/user/ros2_ws/src/qube_1_description'
[1.791s] INFO:colcon.colcon_core.shell:Skip shell extension 'powershell' for command environment: Not usable outside of PowerShell
[1.791s] DEBUG:colcon.colcon_core.shell:Skip shell extension 'dsv' for command environment
[2.441s] INFO:colcon.colcon_core.task.python.build:Building Python package in '/home/user/ros2_ws/src/robot_mk1_description'
[2.442s] INFO:colcon.colcon_core.shell:Skip shell extension 'powershell' for command environment: Not usable outside of PowerShell
[2.442s] DEBUG:colcon.colcon_core.shell:Skip shell extension 'dsv' for command environment
[5.038s] DEBUG:colcon.colcon_core.event_handler.log_command:Invoking command in '/home/user/ros2_ws/src/r_arm_description': PYTHONPATH=/home/user/ros2_ws/build/r_arm_description/prefix_override:/usr/lib/python3/dist-packages/colcon_core/task/python/colcon_distutils_commands:/home/user/ros2_ws/install/r_arm_description/lib/python3.12/site-packages:${PYTHONPATH} _=/usr/bin/env /usr/bin/python3 -W ignore:setup.py install is deprecated -W ignore:easy_install command is deprecated setup.py egg_info --egg-base ../../build/r_arm_description build --build-base /home/user/ros2_ws/build/r_arm_description/build install --record /home/user/ros2_ws/build/r_arm_description/install.log --single-version-externally-managed install_data
[6.354s] DEBUG:colcon.colcon_core.event_handler.log_command:Invoking command in '/home/user/ros2_ws/src/oppressor_mk1_description': PYTHONPATH=/home/user/ros2_ws/build/oppressor_mk1_description/prefix_override:/usr/lib/python3/dist-packages/colcon_core/task/python/colcon_distutils_commands:/home/user/ros2_ws/install/oppressor_mk1_description/lib/python3.12/site-packages:${PYTHONPATH} _=/usr/bin/env /usr/bin/python3 -W ignore:setup.py install is deprecated -W ignore:easy_install command is deprecated setup.py egg_info --egg-base ../../build/oppressor_mk1_description build --build-base /home/user/ros2_ws/build/oppressor_mk1_description/build install --record /home/user/ros2_ws/build/oppressor_mk1_description/install.log --single-version-externally-managed install_data
[6.539s] DEBUG:colcon.colcon_core.event_handler.log_command:Invoking command in '/home/user/ros2_ws/src/bullet_arm_description': PYTHONPATH=/home/user/ros2_ws/build/bullet_arm_description/prefix_override:/usr/lib/python3/dist-packages/colcon_core/task/python/colcon_distutils_commands:/home/user/ros2_ws/install/bullet_arm_description/lib/python3.12/site-packages:${PYTHONPATH} _=/usr/bin/env /usr/bin/python3 -W ignore:setup.py install is deprecated -W ignore:easy_install command is deprecated setup.py egg_info --egg-base ../../build/bullet_arm_description build --build-base /home/user/ros2_ws/build/bullet_arm_description/build install --record /home/user/ros2_ws/build/bullet_arm_description/install.log --single-version-externally-managed install_data
[6.545s] DEBUG:colcon.colcon_core.event_handler.log_command:Invoking command in '/home/user/ros2_ws/src/robot_mk1_description': PYTHONPATH=/home/user/ros2_ws/build/robot_mk1_description/prefix_override:/usr/lib/python3/dist-packages/colcon_core/task/python/colcon_distutils_commands:/home/user/ros2_ws/install/robot_mk1_description/lib/python3.12/site-packages:${PYTHONPATH} _=/usr/bin/env /usr/bin/python3 -W ignore:setup.py install is deprecated -W ignore:easy_install command is deprecated setup.py egg_info --egg-base ../../build/robot_mk1_description build --build-base /home/user/ros2_ws/build/robot_mk1_description/build install --record /home/user/ros2_ws/build/robot_mk1_description/install.log --single-version-externally-managed install_data
[6.551s] DEBUG:colcon.colcon_core.event_handler.log_command:Invoking command in '/home/user/ros2_ws/src/qube_1_description': PYTHONPATH=/home/user/ros2_ws/build/qube_1_description/prefix_override:/usr/lib/python3/dist-packages/colcon_core/task/python/colcon_distutils_commands:/home/user/ros2_ws/install/qube_1_description/lib/python3.12/site-packages:${PYTHONPATH} _=/usr/bin/env /usr/bin/python3 -W ignore:setup.py install is deprecated -W ignore:easy_install command is deprecated setup.py egg_info --egg-base ../../build/qube_1_description build --build-base /home/user/ros2_ws/build/qube_1_description/build install --record /home/user/ros2_ws/build/qube_1_description/install.log --single-version-externally-managed install_data
[6.638s] DEBUG:colcon.colcon_core.event_handler.log_command:Invoking command in '/home/user/ros2_ws/src/ARM_MK1_description': PYTHONPATH=/home/user/ros2_ws/build/ARM_MK1_description/prefix_override:/usr/lib/python3/dist-packages/colcon_core/task/python/colcon_distutils_commands:/home/user/ros2_ws/install/ARM_MK1_description/lib/python3.12/site-packages:${PYTHONPATH} _=/usr/bin/env /usr/bin/python3 -W ignore:setup.py install is deprecated -W ignore:easy_install command is deprecated setup.py egg_info --egg-base ../../build/ARM_MK1_description build --build-base /home/user/ros2_ws/build/ARM_MK1_description/build install --record /home/user/ros2_ws/build/ARM_MK1_description/install.log --single-version-externally-managed install_data
[7.047s] DEBUG:colcon.colcon_core.event_handler.log_command:Invoking command in '/home/user/ros2_ws/src/oppressor_mk3_description': PYTHONPATH=/home/user/ros2_ws/build/oppressor_mk3_description/prefix_override:/usr/lib/python3/dist-packages/colcon_core/task/python/colcon_distutils_commands:/home/user/ros2_ws/install/oppressor_mk3_description/lib/python3.12/site-packages:${PYTHONPATH} _=/usr/bin/env /usr/bin/python3 -W ignore:setup.py install is deprecated -W ignore:easy_install command is deprecated setup.py egg_info --egg-base ../../build/oppressor_mk3_description build --build-base /home/user/ros2_ws/build/oppressor_mk3_description/build install --record /home/user/ros2_ws/build/oppressor_mk3_description/install.log --single-version-externally-managed install_data
[9.058s] Level 1:colcon.colcon_core.environment:checking '/home/user/ros2_ws/install/r_arm_description' for CMake module files
[9.058s] Level 1:colcon.colcon_core.environment:checking '/home/user/ros2_ws/install/r_arm_description' for CMake config files
[9.137s] DEBUG:colcon.colcon_core.event_handler.log_command:Invoked command in '/home/user/ros2_ws/src/r_arm_description' returned '0': PYTHONPATH=/home/user/ros2_ws/build/r_arm_description/prefix_override:/usr/lib/python3/dist-packages/colcon_core/task/python/colcon_distutils_commands:/home/user/ros2_ws/install/r_arm_description/lib/python3.12/site-packages:${PYTHONPATH} _=/usr/bin/env /usr/bin/python3 -W ignore:setup.py install is deprecated -W ignore:easy_install command is deprecated setup.py egg_info --egg-base ../../build/r_arm_description build --build-base /home/user/ros2_ws/build/r_arm_description/build install --record /home/user/ros2_ws/build/r_arm_description/install.log --single-version-externally-managed install_data
[9.139s] Level 1:colcon.colcon_core.environment:checking '/home/user/ros2_ws/install/r_arm_description/lib'
[9.140s] Level 1:colcon.colcon_core.environment:checking '/home/user/ros2_ws/install/r_arm_description/bin'
[9.140s] Level 1:colcon.colcon_core.environment:checking '/home/user/ros2_ws/install/r_arm_description/lib/pkgconfig/r_arm_description.pc'
[9.141s] Level 1:colcon.colcon_core.environment:checking '/home/user/ros2_ws/install/r_arm_description/lib/python3.12/site-packages'
[9.141s] Level 1:colcon.colcon_core.shell:create_environment_hook('r_arm_description', 'pythonpath')
[9.142s] INFO:colcon.colcon_core.shell:Creating environment hook '/home/user/ros2_ws/install/r_arm_description/share/r_arm_description/hook/pythonpath.ps1'
[9.143s] INFO:colcon.colcon_core.shell:Creating environment descriptor '/home/user/ros2_ws/install/r_arm_description/share/r_arm_description/hook/pythonpath.dsv'
[9.143s] INFO:colcon.colcon_core.shell:Creating environment hook '/home/user/ros2_ws/install/r_arm_description/share/r_arm_description/hook/pythonpath.sh'
[9.146s] Level 1:colcon.colcon_core.environment:checking '/home/user/ros2_ws/install/r_arm_description/bin'
[9.146s] Level 1:colcon.colcon_core.environment:create_environment_scripts_only(r_arm_description)
[9.146s] INFO:colcon.colcon_core.shell:Creating package script '/home/user/ros2_ws/install/r_arm_description/share/r_arm_description/package.ps1'
[9.148s] INFO:colcon.colcon_core.shell:Creating package descriptor '/home/user/ros2_ws/install/r_arm_description/share/r_arm_description/package.dsv'
[9.149s] INFO:colcon.colcon_core.shell:Creating package script '/home/user/ros2_ws/install/r_arm_description/share/r_arm_description/package.sh'
[9.150s] INFO:colcon.colcon_core.shell:Creating package script '/home/user/ros2_ws/install/r_arm_description/share/r_arm_description/package.bash'
[9.151s] INFO:colcon.colcon_core.shell:Creating package script '/home/user/ros2_ws/install/r_arm_description/share/r_arm_description/package.zsh'
[9.152s] Level 1:colcon.colcon_core.environment:create_file_with_runtime_dependencies(/home/user/ros2_ws/install/r_arm_description/share/colcon-core/packages/r_arm_description)
[9.154s] INFO:colcon.colcon_ros.task.ament_python.build:Building ROS package in '/home/user/ros2_ws/src/robot_urdf_description' with build type 'ament_python'
[9.155s] Level 1:colcon.colcon_core.shell:create_environment_hook('robot_urdf_description', 'ament_prefix_path')
[9.155s] INFO:colcon.colcon_core.shell:Creating environment hook '/home/user/ros2_ws/install/robot_urdf_description/share/robot_urdf_description/hook/ament_prefix_path.ps1'
[9.156s] INFO:colcon.colcon_core.shell:Creating environment descriptor '/home/user/ros2_ws/install/robot_urdf_description/share/robot_urdf_description/hook/ament_prefix_path.dsv'
[9.156s] INFO:colcon.colcon_core.shell:Creating environment hook '/home/user/ros2_ws/install/robot_urdf_description/share/robot_urdf_description/hook/ament_prefix_path.sh'
[9.157s] INFO:colcon.colcon_core.shell:Skip shell extension 'powershell' for command environment: Not usable outside of PowerShell
[9.238s] DEBUG:colcon.colcon_core.shell:Skip shell extension 'dsv' for command environment
[10.477s] INFO:colcon.colcon_core.task.python.build:Building Python package in '/home/user/ros2_ws/src/robot_urdf_description'
[10.478s] INFO:colcon.colcon_core.shell:Skip shell extension 'powershell' for command environment: Not usable outside of PowerShell
[10.478s] DEBUG:colcon.colcon_core.shell:Skip shell extension 'dsv' for command environment
[10.487s] Level 1:colcon.colcon_core.environment:checking '/home/user/ros2_ws/install/oppressor_mk1_description' for CMake module files
[10.489s] Level 1:colcon.colcon_core.environment:checking '/home/user/ros2_ws/install/oppressor_mk1_description' for CMake config files
[10.492s] Level 1:colcon.colcon_core.environment:checking '/home/user/ros2_ws/install/oppressor_mk1_description/lib'
[10.492s] Level 1:colcon.colcon_core.environment:checking '/home/user/ros2_ws/install/oppressor_mk1_description/bin'
[10.493s] Level 1:colcon.colcon_core.environment:checking '/home/user/ros2_ws/install/oppressor_mk1_description/lib/pkgconfig/oppressor_mk1_description.pc'
[10.493s] Level 1:colcon.colcon_core.environment:checking '/home/user/ros2_ws/install/oppressor_mk1_description/lib/python3.12/site-packages'
[10.493s] Level 1:colcon.colcon_core.shell:create_environment_hook('oppressor_mk1_description', 'pythonpath')
[10.493s] INFO:colcon.colcon_core.shell:Creating environment hook '/home/user/ros2_ws/install/oppressor_mk1_description/share/oppressor_mk1_description/hook/pythonpath.ps1'
[10.494s] DEBUG:colcon.colcon_core.event_handler.log_command:Invoked command in '/home/user/ros2_ws/src/oppressor_mk1_description' returned '0': PYTHONPATH=/home/user/ros2_ws/build/oppressor_mk1_description/prefix_override:/usr/lib/python3/dist-packages/colcon_core/task/python/colcon_distutils_commands:/home/user/ros2_ws/install/oppressor_mk1_description/lib/python3.12/site-packages:${PYTHONPATH} _=/usr/bin/env /usr/bin/python3 -W ignore:setup.py install is deprecated -W ignore:easy_install command is deprecated setup.py egg_info --egg-base ../../build/oppressor_mk1_description build --build-base /home/user/ros2_ws/build/oppressor_mk1_description/build install --record /home/user/ros2_ws/build/oppressor_mk1_description/install.log --single-version-externally-managed install_data
[10.494s] INFO:colcon.colcon_core.shell:Creating environment descriptor '/home/user/ros2_ws/install/oppressor_mk1_description/share/oppressor_mk1_description/hook/pythonpath.dsv'
[10.495s] INFO:colcon.colcon_core.shell:Creating environment hook '/home/user/ros2_ws/install/oppressor_mk1_description/share/oppressor_mk1_description/hook/pythonpath.sh'
[10.496s] Level 1:colcon.colcon_core.environment:checking '/home/user/ros2_ws/install/oppressor_mk1_description/bin'
[10.496s] Level 1:colcon.colcon_core.environment:create_environment_scripts_only(oppressor_mk1_description)
[10.496s] INFO:colcon.colcon_core.shell:Creating package script '/home/user/ros2_ws/install/oppressor_mk1_description/share/oppressor_mk1_description/package.ps1'
[10.497s] INFO:colcon.colcon_core.shell:Creating package descriptor '/home/user/ros2_ws/install/oppressor_mk1_description/share/oppressor_mk1_description/package.dsv'
[10.497s] INFO:colcon.colcon_core.shell:Creating package script '/home/user/ros2_ws/install/oppressor_mk1_description/share/oppressor_mk1_description/package.sh'
[10.498s] INFO:colcon.colcon_core.shell:Creating package script '/home/user/ros2_ws/install/oppressor_mk1_description/share/oppressor_mk1_description/package.bash'
[10.498s] INFO:colcon.colcon_core.shell:Creating package script '/home/user/ros2_ws/install/oppressor_mk1_description/share/oppressor_mk1_description/package.zsh'
[10.498s] Level 1:colcon.colcon_core.environment:create_file_with_runtime_dependencies(/home/user/ros2_ws/install/oppressor_mk1_description/share/colcon-core/packages/oppressor_mk1_description)
[10.535s] Level 1:colcon.colcon_core.environment:checking '/home/user/ros2_ws/install/qube_1_description' for CMake module files
[10.536s] Level 1:colcon.colcon_core.environment:checking '/home/user/ros2_ws/install/qube_1_description' for CMake config files
[10.537s] DEBUG:colcon.colcon_core.event_handler.log_command:Invoked command in '/home/user/ros2_ws/src/qube_1_description' returned '0': PYTHONPATH=/home/user/ros2_ws/build/qube_1_description/prefix_override:/usr/lib/python3/dist-packages/colcon_core/task/python/colcon_distutils_commands:/home/user/ros2_ws/install/qube_1_description/lib/python3.12/site-packages:${PYTHONPATH} _=/usr/bin/env /usr/bin/python3 -W ignore:setup.py install is deprecated -W ignore:easy_install command is deprecated setup.py egg_info --egg-base ../../build/qube_1_description build --build-base /home/user/ros2_ws/build/qube_1_description/build install --record /home/user/ros2_ws/build/qube_1_description/install.log --single-version-externally-managed install_data
[10.538s] Level 1:colcon.colcon_core.environment:checking '/home/user/ros2_ws/install/qube_1_description/lib'
[10.538s] Level 1:colcon.colcon_core.environment:checking '/home/user/ros2_ws/install/qube_1_description/bin'
[10.538s] Level 1:colcon.colcon_core.environment:checking '/home/user/ros2_ws/install/qube_1_description/lib/pkgconfig/qube_1_description.pc'
[10.538s] Level 1:colcon.colcon_core.environment:checking '/home/user/ros2_ws/install/qube_1_description/lib/python3.12/site-packages'
[10.538s] Level 1:colcon.colcon_core.shell:create_environment_hook('qube_1_description', 'pythonpath')
[10.539s] INFO:colcon.colcon_core.shell:Creating environment hook '/home/user/ros2_ws/install/qube_1_description/share/qube_1_description/hook/pythonpath.ps1'
[10.539s] INFO:colcon.colcon_core.shell:Creating environment descriptor '/home/user/ros2_ws/install/qube_1_description/share/qube_1_description/hook/pythonpath.dsv'
[10.540s] INFO:colcon.colcon_core.shell:Creating environment hook '/home/user/ros2_ws/install/qube_1_description/share/qube_1_description/hook/pythonpath.sh'
[10.541s] Level 1:colcon.colcon_core.environment:checking '/home/user/ros2_ws/install/qube_1_description/bin'
[10.541s] Level 1:colcon.colcon_core.environment:create_environment_scripts_only(qube_1_description)
[10.541s] INFO:colcon.colcon_core.shell:Creating package script '/home/user/ros2_ws/install/qube_1_description/share/qube_1_description/package.ps1'
[10.542s] INFO:colcon.colcon_core.shell:Creating package descriptor '/home/user/ros2_ws/install/qube_1_description/share/qube_1_description/package.dsv'
[10.542s] INFO:colcon.colcon_core.shell:Creating package script '/home/user/ros2_ws/install/qube_1_description/share/qube_1_description/package.sh'
[10.542s] INFO:colcon.colcon_core.shell:Creating package script '/home/user/ros2_ws/install/qube_1_description/share/qube_1_description/package.bash'
[10.543s] INFO:colcon.colcon_core.shell:Creating package script '/home/user/ros2_ws/install/qube_1_description/share/qube_1_description/package.zsh'
[10.543s] Level 1:colcon.colcon_core.environment:create_file_with_runtime_dependencies(/home/user/ros2_ws/install/qube_1_description/share/colcon-core/packages/qube_1_description)
[10.544s] INFO:colcon.colcon_ros.task.ament_cmake.build:Building ROS package in '/home/user/ros2_ws/src/rosbot_api' with build type 'ament_cmake'
[10.544s] INFO:colcon.colcon_cmake.task.cmake.build:Building CMake package in '/home/user/ros2_ws/src/rosbot_api'
[10.545s] INFO:colcon.colcon_core.shell:Skip shell extension 'powershell' for command environment: Not usable outside of PowerShell
[10.545s] DEBUG:colcon.colcon_core.shell:Skip shell extension 'dsv' for command environment
[10.551s] INFO:colcon.colcon_ros.task.ament_python.build:Building ROS package in '/home/user/ros2_ws/src/rosbot_description' with build type 'ament_python'
[10.551s] Level 1:colcon.colcon_core.shell:create_environment_hook('rosbot_description', 'ament_prefix_path')
[10.551s] INFO:colcon.colcon_core.shell:Creating environment hook '/home/user/ros2_ws/install/rosbot_description/share/rosbot_description/hook/ament_prefix_path.ps1'
[10.552s] INFO:colcon.colcon_core.shell:Creating environment descriptor '/home/user/ros2_ws/install/rosbot_description/share/rosbot_description/hook/ament_prefix_path.dsv'
[10.552s] INFO:colcon.colcon_core.shell:Creating environment hook '/home/user/ros2_ws/install/rosbot_description/share/rosbot_description/hook/ament_prefix_path.sh'
[10.553s] INFO:colcon.colcon_core.shell:Skip shell extension 'powershell' for command environment: Not usable outside of PowerShell
[10.553s] DEBUG:colcon.colcon_core.shell:Skip shell extension 'dsv' for command environment
[10.559s] Level 1:colcon.colcon_core.environment:checking '/home/user/ros2_ws/install/bullet_arm_description' for CMake module files
[10.560s] DEBUG:colcon.colcon_core.event_handler.log_command:Invoked command in '/home/user/ros2_ws/src/bullet_arm_description' returned '0': PYTHONPATH=/home/user/ros2_ws/build/bullet_arm_description/prefix_override:/usr/lib/python3/dist-packages/colcon_core/task/python/colcon_distutils_commands:/home/user/ros2_ws/install/bullet_arm_description/lib/python3.12/site-packages:${PYTHONPATH} _=/usr/bin/env /usr/bin/python3 -W ignore:setup.py install is deprecated -W ignore:easy_install command is deprecated setup.py egg_info --egg-base ../../build/bullet_arm_description build --build-base /home/user/ros2_ws/build/bullet_arm_description/build install --record /home/user/ros2_ws/build/bullet_arm_description/install.log --single-version-externally-managed install_data
[10.560s] Level 1:colcon.colcon_core.environment:checking '/home/user/ros2_ws/install/bullet_arm_description' for CMake config files
[10.561s] Level 1:colcon.colcon_core.environment:checking '/home/user/ros2_ws/install/bullet_arm_description/lib'
[10.561s] Level 1:colcon.colcon_core.environment:checking '/home/user/ros2_ws/install/bullet_arm_description/bin'
[10.562s] Level 1:colcon.colcon_core.environment:checking '/home/user/ros2_ws/install/bullet_arm_description/lib/pkgconfig/bullet_arm_description.pc'
[10.562s] Level 1:colcon.colcon_core.environment:checking '/home/user/ros2_ws/install/bullet_arm_description/lib/python3.12/site-packages'
[10.562s] Level 1:colcon.colcon_core.shell:create_environment_hook('bullet_arm_description', 'pythonpath')
[10.562s] INFO:colcon.colcon_core.shell:Creating environment hook '/home/user/ros2_ws/install/bullet_arm_description/share/bullet_arm_description/hook/pythonpath.ps1'
[10.562s] INFO:colcon.colcon_core.shell:Creating environment descriptor '/home/user/ros2_ws/install/bullet_arm_description/share/bullet_arm_description/hook/pythonpath.dsv'
[10.563s] INFO:colcon.colcon_core.shell:Creating environment hook '/home/user/ros2_ws/install/bullet_arm_description/share/bullet_arm_description/hook/pythonpath.sh'
[10.564s] Level 1:colcon.colcon_core.environment:checking '/home/user/ros2_ws/install/bullet_arm_description/bin'
[10.564s] Level 1:colcon.colcon_core.environment:create_environment_scripts_only(bullet_arm_description)
[10.564s] INFO:colcon.colcon_core.shell:Creating package script '/home/user/ros2_ws/install/bullet_arm_description/share/bullet_arm_description/package.ps1'
[10.564s] INFO:colcon.colcon_core.shell:Creating package descriptor '/home/user/ros2_ws/install/bullet_arm_description/share/bullet_arm_description/package.dsv'
[10.565s] INFO:colcon.colcon_core.shell:Creating package script '/home/user/ros2_ws/install/bullet_arm_description/share/bullet_arm_description/package.sh'
[10.565s] INFO:colcon.colcon_core.shell:Creating package script '/home/user/ros2_ws/install/bullet_arm_description/share/bullet_arm_description/package.bash'
[10.566s] INFO:colcon.colcon_core.shell:Creating package script '/home/user/ros2_ws/install/bullet_arm_description/share/bullet_arm_description/package.zsh'
[10.566s] Level 1:colcon.colcon_core.environment:create_file_with_runtime_dependencies(/home/user/ros2_ws/install/bullet_arm_description/share/colcon-core/packages/bullet_arm_description)
[10.566s] Level 1:colcon.colcon_core.environment:checking '/home/user/ros2_ws/install/robot_mk1_description' for CMake module files
[10.567s] Level 1:colcon.colcon_core.environment:checking '/home/user/ros2_ws/install/robot_mk1_description' for CMake config files
[10.568s] DEBUG:colcon.colcon_core.event_handler.log_command:Invoked command in '/home/user/ros2_ws/src/robot_mk1_description' returned '0': PYTHONPATH=/home/user/ros2_ws/build/robot_mk1_description/prefix_override:/usr/lib/python3/dist-packages/colcon_core/task/python/colcon_distutils_commands:/home/user/ros2_ws/install/robot_mk1_description/lib/python3.12/site-packages:${PYTHONPATH} _=/usr/bin/env /usr/bin/python3 -W ignore:setup.py install is deprecated -W ignore:easy_install command is deprecated setup.py egg_info --egg-base ../../build/robot_mk1_description build --build-base /home/user/ros2_ws/build/robot_mk1_description/build install --record /home/user/ros2_ws/build/robot_mk1_description/install.log --single-version-externally-managed install_data
[10.569s] Level 1:colcon.colcon_core.environment:checking '/home/user/ros2_ws/install/robot_mk1_description/lib'
[10.569s] Level 1:colcon.colcon_core.environment:checking '/home/user/ros2_ws/install/robot_mk1_description/bin'
[10.569s] Level 1:colcon.colcon_core.environment:checking '/home/user/ros2_ws/install/robot_mk1_description/lib/pkgconfig/robot_mk1_description.pc'
[10.569s] Level 1:colcon.colcon_core.environment:checking '/home/user/ros2_ws/install/robot_mk1_description/lib/python3.12/site-packages'
[10.569s] Level 1:colcon.colcon_core.shell:create_environment_hook('robot_mk1_description', 'pythonpath')
[10.569s] INFO:colcon.colcon_core.shell:Creating environment hook '/home/user/ros2_ws/install/robot_mk1_description/share/robot_mk1_description/hook/pythonpath.ps1'
[10.570s] INFO:colcon.colcon_core.shell:Creating environment descriptor '/home/user/ros2_ws/install/robot_mk1_description/share/robot_mk1_description/hook/pythonpath.dsv'
[10.570s] INFO:colcon.colcon_core.shell:Creating environment hook '/home/user/ros2_ws/install/robot_mk1_description/share/robot_mk1_description/hook/pythonpath.sh'
[10.571s] Level 1:colcon.colcon_core.environment:checking '/home/user/ros2_ws/install/robot_mk1_description/bin'
[10.571s] Level 1:colcon.colcon_core.environment:create_environment_scripts_only(robot_mk1_description)
[10.572s] INFO:colcon.colcon_core.shell:Creating package script '/home/user/ros2_ws/install/robot_mk1_description/share/robot_mk1_description/package.ps1'
[10.572s] INFO:colcon.colcon_core.shell:Creating package descriptor '/home/user/ros2_ws/install/robot_mk1_description/share/robot_mk1_description/package.dsv'
[10.573s] INFO:colcon.colcon_core.shell:Creating package script '/home/user/ros2_ws/install/robot_mk1_description/share/robot_mk1_description/package.sh'
[10.573s] INFO:colcon.colcon_core.shell:Creating package script '/home/user/ros2_ws/install/robot_mk1_description/share/robot_mk1_description/package.bash'
[10.573s] INFO:colcon.colcon_core.shell:Creating package script '/home/user/ros2_ws/install/robot_mk1_description/share/robot_mk1_description/package.zsh'
[10.574s] Level 1:colcon.colcon_core.environment:create_file_with_runtime_dependencies(/home/user/ros2_ws/install/robot_mk1_description/share/colcon-core/packages/robot_mk1_description)
[10.574s] Level 1:colcon.colcon_core.environment:checking '/home/user/ros2_ws/install/ARM_MK1_description' for CMake module files
[10.575s] Level 1:colcon.colcon_core.environment:checking '/home/user/ros2_ws/install/ARM_MK1_description' for CMake config files
[10.576s] DEBUG:colcon.colcon_core.event_handler.log_command:Invoked command in '/home/user/ros2_ws/src/ARM_MK1_description' returned '0': PYTHONPATH=/home/user/ros2_ws/build/ARM_MK1_description/prefix_override:/usr/lib/python3/dist-packages/colcon_core/task/python/colcon_distutils_commands:/home/user/ros2_ws/install/ARM_MK1_description/lib/python3.12/site-packages:${PYTHONPATH} _=/usr/bin/env /usr/bin/python3 -W ignore:setup.py install is deprecated -W ignore:easy_install command is deprecated setup.py egg_info --egg-base ../../build/ARM_MK1_description build --build-base /home/user/ros2_ws/build/ARM_MK1_description/build install --record /home/user/ros2_ws/build/ARM_MK1_description/install.log --single-version-externally-managed install_data
[10.577s] Level 1:colcon.colcon_core.environment:checking '/home/user/ros2_ws/install/ARM_MK1_description/lib'
[10.577s] Level 1:colcon.colcon_core.environment:checking '/home/user/ros2_ws/install/ARM_MK1_description/bin'
[10.577s] Level 1:colcon.colcon_core.environment:checking '/home/user/ros2_ws/install/ARM_MK1_description/lib/pkgconfig/ARM_MK1_description.pc'
[10.577s] Level 1:colcon.colcon_core.environment:checking '/home/user/ros2_ws/install/ARM_MK1_description/lib/python3.12/site-packages'
[10.577s] Level 1:colcon.colcon_core.shell:create_environment_hook('ARM_MK1_description', 'pythonpath')
[10.578s] INFO:colcon.colcon_core.shell:Creating environment hook '/home/user/ros2_ws/install/ARM_MK1_description/share/ARM_MK1_description/hook/pythonpath.ps1'
[10.578s] INFO:colcon.colcon_core.shell:Creating environment descriptor '/home/user/ros2_ws/install/ARM_MK1_description/share/ARM_MK1_description/hook/pythonpath.dsv'
[10.578s] INFO:colcon.colcon_core.shell:Creating environment hook '/home/user/ros2_ws/install/ARM_MK1_description/share/ARM_MK1_description/hook/pythonpath.sh'
[10.579s] Level 1:colcon.colcon_core.environment:checking '/home/user/ros2_ws/install/ARM_MK1_description/bin'
[10.579s] Level 1:colcon.colcon_core.environment:create_environment_scripts_only(ARM_MK1_description)
[10.579s] INFO:colcon.colcon_core.shell:Creating package script '/home/user/ros2_ws/install/ARM_MK1_description/share/ARM_MK1_description/package.ps1'
[10.580s] INFO:colcon.colcon_core.shell:Creating package descriptor '/home/user/ros2_ws/install/ARM_MK1_description/share/ARM_MK1_description/package.dsv'
[10.580s] INFO:colcon.colcon_core.shell:Creating package script '/home/user/ros2_ws/install/ARM_MK1_description/share/ARM_MK1_description/package.sh'
[10.581s] INFO:colcon.colcon_core.shell:Creating package script '/home/user/ros2_ws/install/ARM_MK1_description/share/ARM_MK1_description/package.bash'
[10.581s] INFO:colcon.colcon_core.shell:Creating package script '/home/user/ros2_ws/install/ARM_MK1_description/share/ARM_MK1_description/package.zsh'
[10.581s] Level 1:colcon.colcon_core.environment:create_file_with_runtime_dependencies(/home/user/ros2_ws/install/ARM_MK1_description/share/colcon-core/packages/ARM_MK1_description)
[10.584s] INFO:colcon.colcon_ros.task.ament_python.build:Building ROS package in '/home/user/ros2_ws/src/rosbot_mk3_description' with build type 'ament_python'
[10.584s] Level 1:colcon.colcon_core.shell:create_environment_hook('rosbot_mk3_description', 'ament_prefix_path')
[10.584s] INFO:colcon.colcon_core.shell:Creating environment hook '/home/user/ros2_ws/install/rosbot_mk3_description/share/rosbot_mk3_description/hook/ament_prefix_path.ps1'
[10.585s] INFO:colcon.colcon_core.shell:Creating environment descriptor '/home/user/ros2_ws/install/rosbot_mk3_description/share/rosbot_mk3_description/hook/ament_prefix_path.dsv'
[10.586s] INFO:colcon.colcon_core.shell:Creating environment hook '/home/user/ros2_ws/install/rosbot_mk3_description/share/rosbot_mk3_description/hook/ament_prefix_path.sh'
[10.586s] INFO:colcon.colcon_core.shell:Skip shell extension 'powershell' for command environment: Not usable outside of PowerShell
[10.586s] DEBUG:colcon.colcon_core.shell:Skip shell extension 'dsv' for command environment
[10.592s] Level 1:colcon.colcon_core.environment:checking '/home/user/ros2_ws/install/oppressor_mk3_description' for CMake module files
[10.593s] DEBUG:colcon.colcon_core.event_handler.log_command:Invoked command in '/home/user/ros2_ws/src/oppressor_mk3_description' returned '0': PYTHONPATH=/home/user/ros2_ws/build/oppressor_mk3_description/prefix_override:/usr/lib/python3/dist-packages/colcon_core/task/python/colcon_distutils_commands:/home/user/ros2_ws/install/oppressor_mk3_description/lib/python3.12/site-packages:${PYTHONPATH} _=/usr/bin/env /usr/bin/python3 -W ignore:setup.py install is deprecated -W ignore:easy_install command is deprecated setup.py egg_info --egg-base ../../build/oppressor_mk3_description build --build-base /home/user/ros2_ws/build/oppressor_mk3_description/build install --record /home/user/ros2_ws/build/oppressor_mk3_description/install.log --single-version-externally-managed install_data
[10.593s] Level 1:colcon.colcon_core.environment:checking '/home/user/ros2_ws/install/oppressor_mk3_description' for CMake config files
[10.594s] Level 1:colcon.colcon_core.environment:checking '/home/user/ros2_ws/install/oppressor_mk3_description/lib'
[10.594s] Level 1:colcon.colcon_core.environment:checking '/home/user/ros2_ws/install/oppressor_mk3_description/bin'
[10.594s] Level 1:colcon.colcon_core.environment:checking '/home/user/ros2_ws/install/oppressor_mk3_description/lib/pkgconfig/oppressor_mk3_description.pc'
[10.595s] Level 1:colcon.colcon_core.environment:checking '/home/user/ros2_ws/install/oppressor_mk3_description/lib/python3.12/site-packages'
[10.595s] Level 1:colcon.colcon_core.shell:create_environment_hook('oppressor_mk3_description', 'pythonpath')
[10.595s] INFO:colcon.colcon_core.shell:Creating environment hook '/home/user/ros2_ws/install/oppressor_mk3_description/share/oppressor_mk3_description/hook/pythonpath.ps1'
[10.595s] INFO:colcon.colcon_core.shell:Creating environment descriptor '/home/user/ros2_ws/install/oppressor_mk3_description/share/oppressor_mk3_description/hook/pythonpath.dsv'
[10.596s] INFO:colcon.colcon_core.shell:Creating environment hook '/home/user/ros2_ws/install/oppressor_mk3_description/share/oppressor_mk3_description/hook/pythonpath.sh'
[10.597s] Level 1:colcon.colcon_core.environment:checking '/home/user/ros2_ws/install/oppressor_mk3_description/bin'
[10.597s] Level 1:colcon.colcon_core.environment:create_environment_scripts_only(oppressor_mk3_description)
[10.597s] INFO:colcon.colcon_core.shell:Creating package script '/home/user/ros2_ws/install/oppressor_mk3_description/share/oppressor_mk3_description/package.ps1'
[10.597s] INFO:colcon.colcon_core.shell:Creating package descriptor '/home/user/ros2_ws/install/oppressor_mk3_description/share/oppressor_mk3_description/package.dsv'
[10.598s] INFO:colcon.colcon_core.shell:Creating package script '/home/user/ros2_ws/install/oppressor_mk3_description/share/oppressor_mk3_description/package.sh'
[10.598s] INFO:colcon.colcon_core.shell:Creating package script '/home/user/ros2_ws/install/oppressor_mk3_description/share/oppressor_mk3_description/package.bash'
[10.599s] INFO:colcon.colcon_core.shell:Creating package script '/home/user/ros2_ws/install/oppressor_mk3_description/share/oppressor_mk3_description/package.zsh'
[10.599s] Level 1:colcon.colcon_core.environment:create_file_with_runtime_dependencies(/home/user/ros2_ws/install/oppressor_mk3_description/share/colcon-core/packages/oppressor_mk3_description)
[10.638s] DEBUG:colcon.colcon_core.event_handler.log_command:Invoking command in '/home/user/ros2_ws/build/rosbot_api': CMAKE_PREFIX_PATH=${CMAKE_PREFIX_PATH}:/home/user/ros2_ws/install/rosbot_mk3_description:/home/user/ros2_ws/install/rosbot_description:/home/user/ros2_ws/install/robot_urdf_description:/home/user/ros2_ws/install/robot_mk1_description:/home/user/ros2_ws/install/qube_1_description:/home/user/ros2_ws/install/oppressor_mk3_description:/home/user/ros2_ws/install/oppressor_mk1_description:/home/user/ros2_ws/install/bullet_arm_description:/home/user/ros2_ws/install/ARM_MK1_description:/opt/ros/jazzy _=/usr/bin/env /usr/bin/cmake --build /home/user/ros2_ws/build/rosbot_api -- -j8 -l8
[11.058s] INFO:colcon.colcon_core.task.python.build:Building Python package in '/home/user/ros2_ws/src/rosbot_description'
[11.059s] INFO:colcon.colcon_core.shell:Skip shell extension 'powershell' for command environment: Not usable outside of PowerShell
[11.059s] DEBUG:colcon.colcon_core.shell:Skip shell extension 'dsv' for command environment
[11.395s] INFO:colcon.colcon_core.task.python.build:Building Python package in '/home/user/ros2_ws/src/rosbot_mk3_description'
[11.396s] INFO:colcon.colcon_core.shell:Skip shell extension 'powershell' for command environment: Not usable outside of PowerShell
[11.396s] DEBUG:colcon.colcon_core.shell:Skip shell extension 'dsv' for command environment
[11.439s] DEBUG:colcon.colcon_core.event_handler.log_command:Invoked command in '/home/user/ros2_ws/build/rosbot_api' returned '0': CMAKE_PREFIX_PATH=${CMAKE_PREFIX_PATH}:/home/user/ros2_ws/install/rosbot_mk3_description:/home/user/ros2_ws/install/rosbot_description:/home/user/ros2_ws/install/robot_urdf_description:/home/user/ros2_ws/install/robot_mk1_description:/home/user/ros2_ws/install/qube_1_description:/home/user/ros2_ws/install/oppressor_mk3_description:/home/user/ros2_ws/install/oppressor_mk1_description:/home/user/ros2_ws/install/bullet_arm_description:/home/user/ros2_ws/install/ARM_MK1_description:/opt/ros/jazzy _=/usr/bin/env /usr/bin/cmake --build /home/user/ros2_ws/build/rosbot_api -- -j8 -l8
[11.456s] DEBUG:colcon.colcon_core.event_handler.log_command:Invoking command in '/home/user/ros2_ws/build/rosbot_api': CMAKE_PREFIX_PATH=${CMAKE_PREFIX_PATH}:/home/user/ros2_ws/install/rosbot_mk3_description:/home/user/ros2_ws/install/rosbot_description:/home/user/ros2_ws/install/robot_urdf_description:/home/user/ros2_ws/install/robot_mk1_description:/home/user/ros2_ws/install/qube_1_description:/home/user/ros2_ws/install/oppressor_mk3_description:/home/user/ros2_ws/install/oppressor_mk1_description:/home/user/ros2_ws/install/bullet_arm_description:/home/user/ros2_ws/install/ARM_MK1_description:/opt/ros/jazzy _=/usr/bin/env /usr/bin/cmake --install /home/user/ros2_ws/build/rosbot_api
[11.468s] Level 1:colcon.colcon_core.environment:create_environment_scripts_only(rosbot_api)
[11.469s] Level 1:colcon.colcon_core.environment:checking '/home/user/ros2_ws/install/rosbot_api' for CMake module files
[11.471s] Level 1:colcon.colcon_core.environment:checking '/home/user/ros2_ws/install/rosbot_api' for CMake config files
[11.471s] DEBUG:colcon.colcon_core.event_handler.log_command:Invoked command in '/home/user/ros2_ws/build/rosbot_api' returned '0': CMAKE_PREFIX_PATH=${CMAKE_PREFIX_PATH}:/home/user/ros2_ws/install/rosbot_mk3_description:/home/user/ros2_ws/install/rosbot_description:/home/user/ros2_ws/install/robot_urdf_description:/home/user/ros2_ws/install/robot_mk1_description:/home/user/ros2_ws/install/qube_1_description:/home/user/ros2_ws/install/oppressor_mk3_description:/home/user/ros2_ws/install/oppressor_mk1_description:/home/user/ros2_ws/install/bullet_arm_description:/home/user/ros2_ws/install/ARM_MK1_description:/opt/ros/jazzy _=/usr/bin/env /usr/bin/cmake --install /home/user/ros2_ws/build/rosbot_api
[11.472s] Level 1:colcon.colcon_core.shell:create_environment_hook('rosbot_api', 'cmake_prefix_path')
[11.472s] INFO:colcon.colcon_core.shell:Creating environment hook '/home/user/ros2_ws/install/rosbot_api/share/rosbot_api/hook/cmake_prefix_path.ps1'
[11.473s] INFO:colcon.colcon_core.shell:Creating environment descriptor '/home/user/ros2_ws/install/rosbot_api/share/rosbot_api/hook/cmake_prefix_path.dsv'
[11.473s] INFO:colcon.colcon_core.shell:Creating environment hook '/home/user/ros2_ws/install/rosbot_api/share/rosbot_api/hook/cmake_prefix_path.sh'
[11.474s] Level 1:colcon.colcon_core.environment:checking '/home/user/ros2_ws/install/rosbot_api/lib'
[11.474s] Level 1:colcon.colcon_core.environment:checking '/home/user/ros2_ws/install/rosbot_api/bin'
[11.474s] Level 1:colcon.colcon_core.environment:checking '/home/user/ros2_ws/install/rosbot_api/lib/pkgconfig/rosbot_api.pc'
[11.475s] Level 1:colcon.colcon_core.environment:checking '/home/user/ros2_ws/install/rosbot_api/lib/python3.12/site-packages'
[11.475s] Level 1:colcon.colcon_core.environment:checking '/home/user/ros2_ws/install/rosbot_api/bin'
[11.475s] INFO:colcon.colcon_core.shell:Creating package script '/home/user/ros2_ws/install/rosbot_api/share/rosbot_api/package.ps1'
[11.476s] INFO:colcon.colcon_core.shell:Creating package descriptor '/home/user/ros2_ws/install/rosbot_api/share/rosbot_api/package.dsv'
[11.477s] INFO:colcon.colcon_core.shell:Creating package script '/home/user/ros2_ws/install/rosbot_api/share/rosbot_api/package.sh'
[11.477s] INFO:colcon.colcon_core.shell:Creating package script '/home/user/ros2_ws/install/rosbot_api/share/rosbot_api/package.bash'
[11.478s] INFO:colcon.colcon_core.shell:Creating package script '/home/user/ros2_ws/install/rosbot_api/share/rosbot_api/package.zsh'
[11.478s] Level 1:colcon.colcon_core.environment:create_file_with_runtime_dependencies(/home/user/ros2_ws/install/rosbot_api/share/colcon-core/packages/rosbot_api)
[11.479s] Level 1:colcon.colcon_core.environment:create_environment_scripts_only(rosbot_api)
[11.479s] Level 1:colcon.colcon_core.environment:checking '/home/user/ros2_ws/install/rosbot_api' for CMake module files
[11.480s] Level 1:colcon.colcon_core.environment:checking '/home/user/ros2_ws/install/rosbot_api' for CMake config files
[11.480s] Level 1:colcon.colcon_core.shell:create_environment_hook('rosbot_api', 'cmake_prefix_path')
[11.480s] INFO:colcon.colcon_core.shell:Creating environment hook '/home/user/ros2_ws/install/rosbot_api/share/rosbot_api/hook/cmake_prefix_path.ps1'
[11.481s] INFO:colcon.colcon_core.shell:Creating environment descriptor '/home/user/ros2_ws/install/rosbot_api/share/rosbot_api/hook/cmake_prefix_path.dsv'
[11.481s] INFO:colcon.colcon_core.shell:Creating environment hook '/home/user/ros2_ws/install/rosbot_api/share/rosbot_api/hook/cmake_prefix_path.sh'
[11.482s] Level 1:colcon.colcon_core.environment:checking '/home/user/ros2_ws/install/rosbot_api/lib'
[11.482s] Level 1:colcon.colcon_core.environment:checking '/home/user/ros2_ws/install/rosbot_api/bin'
[11.482s] Level 1:colcon.colcon_core.environment:checking '/home/user/ros2_ws/install/rosbot_api/lib/pkgconfig/rosbot_api.pc'
[11.535s] Level 1:colcon.colcon_core.environment:checking '/home/user/ros2_ws/install/rosbot_api/lib/python3.12/site-packages'
[11.535s] Level 1:colcon.colcon_core.environment:checking '/home/user/ros2_ws/install/rosbot_api/bin'
[11.536s] INFO:colcon.colcon_core.shell:Creating package script '/home/user/ros2_ws/install/rosbot_api/share/rosbot_api/package.ps1'
[11.537s] INFO:colcon.colcon_core.shell:Creating package descriptor '/home/user/ros2_ws/install/rosbot_api/share/rosbot_api/package.dsv'
[11.538s] INFO:colcon.colcon_core.shell:Creating package script '/home/user/ros2_ws/install/rosbot_api/share/rosbot_api/package.sh'
[11.539s] INFO:colcon.colcon_core.shell:Creating package script '/home/user/ros2_ws/install/rosbot_api/share/rosbot_api/package.bash'
[11.539s] INFO:colcon.colcon_core.shell:Creating package script '/home/user/ros2_ws/install/rosbot_api/share/rosbot_api/package.zsh'
[11.540s] Level 1:colcon.colcon_core.environment:create_file_with_runtime_dependencies(/home/user/ros2_ws/install/rosbot_api/share/colcon-core/packages/rosbot_api)
[11.836s] DEBUG:colcon.colcon_core.event_handler.log_command:Invoking command in '/home/user/ros2_ws/src/robot_urdf_description': PYTHONPATH=/home/user/ros2_ws/build/robot_urdf_description/prefix_override:/usr/lib/python3/dist-packages/colcon_core/task/python/colcon_distutils_commands:/home/user/ros2_ws/install/robot_urdf_description/lib/python3.12/site-packages:${PYTHONPATH} _=/usr/bin/env /usr/bin/python3 -W ignore:setup.py install is deprecated -W ignore:easy_install command is deprecated setup.py egg_info --egg-base ../../build/robot_urdf_description build --build-base /home/user/ros2_ws/build/robot_urdf_description/build install --record /home/user/ros2_ws/build/robot_urdf_description/install.log --single-version-externally-managed install_data
[12.871s] DEBUG:colcon.colcon_core.event_handler.log_command:Invoking command in '/home/user/ros2_ws/src/rosbot_mk3_description': PYTHONPATH=/home/user/ros2_ws/build/rosbot_mk3_description/prefix_override:/usr/lib/python3/dist-packages/colcon_core/task/python/colcon_distutils_commands:/home/user/ros2_ws/install/rosbot_mk3_description/lib/python3.12/site-packages:${PYTHONPATH} _=/usr/bin/env /usr/bin/python3 -W ignore:setup.py install is deprecated -W ignore:easy_install command is deprecated setup.py egg_info --egg-base ../../build/rosbot_mk3_description build --build-base /home/user/ros2_ws/build/rosbot_mk3_description/build install --record /home/user/ros2_ws/build/rosbot_mk3_description/install.log --single-version-externally-managed install_data
[12.946s] DEBUG:colcon.colcon_core.event_handler.log_command:Invoking command in '/home/user/ros2_ws/src/rosbot_description': PYTHONPATH=/home/user/ros2_ws/build/rosbot_description/prefix_override:/usr/lib/python3/dist-packages/colcon_core/task/python/colcon_distutils_commands:/home/user/ros2_ws/install/rosbot_description/lib/python3.12/site-packages:${PYTHONPATH} _=/usr/bin/env /usr/bin/python3 -W ignore:setup.py install is deprecated -W ignore:easy_install command is deprecated setup.py egg_info --egg-base ../../build/rosbot_description build --build-base /home/user/ros2_ws/build/rosbot_description/build install --record /home/user/ros2_ws/build/rosbot_description/install.log --single-version-externally-managed install_data
[13.082s] Level 1:colcon.colcon_core.environment:checking '/home/user/ros2_ws/install/robot_urdf_description' for CMake module files
[13.083s] DEBUG:colcon.colcon_core.event_handler.log_command:Invoked command in '/home/user/ros2_ws/src/robot_urdf_description' returned '0': PYTHONPATH=/home/user/ros2_ws/build/robot_urdf_description/prefix_override:/usr/lib/python3/dist-packages/colcon_core/task/python/colcon_distutils_commands:/home/user/ros2_ws/install/robot_urdf_description/lib/python3.12/site-packages:${PYTHONPATH} _=/usr/bin/env /usr/bin/python3 -W ignore:setup.py install is deprecated -W ignore:easy_install command is deprecated setup.py egg_info --egg-base ../../build/robot_urdf_description build --build-base /home/user/ros2_ws/build/robot_urdf_description/build install --record /home/user/ros2_ws/build/robot_urdf_description/install.log --single-version-externally-managed install_data
[13.084s] Level 1:colcon.colcon_core.environment:checking '/home/user/ros2_ws/install/robot_urdf_description' for CMake config files
[13.084s] Level 1:colcon.colcon_core.environment:checking '/home/user/ros2_ws/install/robot_urdf_description/lib'
[13.085s] Level 1:colcon.colcon_core.environment:checking '/home/user/ros2_ws/install/robot_urdf_description/bin'
[13.085s] Level 1:colcon.colcon_core.environment:checking '/home/user/ros2_ws/install/robot_urdf_description/lib/pkgconfig/robot_urdf_description.pc'
[13.085s] Level 1:colcon.colcon_core.environment:checking '/home/user/ros2_ws/install/robot_urdf_description/lib/python3.12/site-packages'
[13.085s] Level 1:colcon.colcon_core.shell:create_environment_hook('robot_urdf_description', 'pythonpath')
[13.086s] INFO:colcon.colcon_core.shell:Creating environment hook '/home/user/ros2_ws/install/robot_urdf_description/share/robot_urdf_description/hook/pythonpath.ps1'
[13.086s] INFO:colcon.colcon_core.shell:Creating environment descriptor '/home/user/ros2_ws/install/robot_urdf_description/share/robot_urdf_description/hook/pythonpath.dsv'
[13.136s] INFO:colcon.colcon_core.shell:Creating environment hook '/home/user/ros2_ws/install/robot_urdf_description/share/robot_urdf_description/hook/pythonpath.sh'
[13.137s] Level 1:colcon.colcon_core.environment:checking '/home/user/ros2_ws/install/robot_urdf_description/bin'
[13.137s] Level 1:colcon.colcon_core.environment:create_environment_scripts_only(robot_urdf_description)
[13.138s] INFO:colcon.colcon_core.shell:Creating package script '/home/user/ros2_ws/install/robot_urdf_description/share/robot_urdf_description/package.ps1'
[13.139s] INFO:colcon.colcon_core.shell:Creating package descriptor '/home/user/ros2_ws/install/robot_urdf_description/share/robot_urdf_description/package.dsv'
[13.139s] INFO:colcon.colcon_core.shell:Creating package script '/home/user/ros2_ws/install/robot_urdf_description/share/robot_urdf_description/package.sh'
[13.140s] INFO:colcon.colcon_core.shell:Creating package script '/home/user/ros2_ws/install/robot_urdf_description/share/robot_urdf_description/package.bash'
[13.141s] INFO:colcon.colcon_core.shell:Creating package script '/home/user/ros2_ws/install/robot_urdf_description/share/robot_urdf_description/package.zsh'
[13.141s] Level 1:colcon.colcon_core.environment:create_file_with_runtime_dependencies(/home/user/ros2_ws/install/robot_urdf_description/share/colcon-core/packages/robot_urdf_description)
[13.946s] Level 1:colcon.colcon_core.environment:checking '/home/user/ros2_ws/install/rosbot_description' for CMake module files
[13.947s] DEBUG:colcon.colcon_core.event_handler.log_command:Invoked command in '/home/user/ros2_ws/src/rosbot_description' returned '0': PYTHONPATH=/home/user/ros2_ws/build/rosbot_description/prefix_override:/usr/lib/python3/dist-packages/colcon_core/task/python/colcon_distutils_commands:/home/user/ros2_ws/install/rosbot_description/lib/python3.12/site-packages:${PYTHONPATH} _=/usr/bin/env /usr/bin/python3 -W ignore:setup.py install is deprecated -W ignore:easy_install command is deprecated setup.py egg_info --egg-base ../../build/rosbot_description build --build-base /home/user/ros2_ws/build/rosbot_description/build install --record /home/user/ros2_ws/build/rosbot_description/install.log --single-version-externally-managed install_data
[13.948s] Level 1:colcon.colcon_core.environment:checking '/home/user/ros2_ws/install/rosbot_description' for CMake config files
[13.948s] Level 1:colcon.colcon_core.environment:checking '/home/user/ros2_ws/install/rosbot_description/lib'
[13.948s] Level 1:colcon.colcon_core.environment:checking '/home/user/ros2_ws/install/rosbot_description/bin'
[13.949s] Level 1:colcon.colcon_core.environment:checking '/home/user/ros2_ws/install/rosbot_description/lib/pkgconfig/rosbot_description.pc'
[13.949s] Level 1:colcon.colcon_core.environment:checking '/home/user/ros2_ws/install/rosbot_description/lib/python3.12/site-packages'
[13.949s] Level 1:colcon.colcon_core.shell:create_environment_hook('rosbot_description', 'pythonpath')
[13.949s] INFO:colcon.colcon_core.shell:Creating environment hook '/home/user/ros2_ws/install/rosbot_description/share/rosbot_description/hook/pythonpath.ps1'
[13.950s] INFO:colcon.colcon_core.shell:Creating environment descriptor '/home/user/ros2_ws/install/rosbot_description/share/rosbot_description/hook/pythonpath.dsv'
[13.951s] INFO:colcon.colcon_core.shell:Creating environment hook '/home/user/ros2_ws/install/rosbot_description/share/rosbot_description/hook/pythonpath.sh'
[13.952s] Level 1:colcon.colcon_core.environment:checking '/home/user/ros2_ws/install/rosbot_description/bin'
[13.952s] Level 1:colcon.colcon_core.environment:create_environment_scripts_only(rosbot_description)
[13.952s] INFO:colcon.colcon_core.shell:Creating package script '/home/user/ros2_ws/install/rosbot_description/share/rosbot_description/package.ps1'
[13.953s] INFO:colcon.colcon_core.shell:Creating package descriptor '/home/user/ros2_ws/install/rosbot_description/share/rosbot_description/package.dsv'
[13.954s] INFO:colcon.colcon_core.shell:Creating package script '/home/user/ros2_ws/install/rosbot_description/share/rosbot_description/package.sh'
[13.955s] INFO:colcon.colcon_core.shell:Creating package script '/home/user/ros2_ws/install/rosbot_description/share/rosbot_description/package.bash'
[13.955s] INFO:colcon.colcon_core.shell:Creating package script '/home/user/ros2_ws/install/rosbot_description/share/rosbot_description/package.zsh'
[13.955s] Level 1:colcon.colcon_core.environment:create_file_with_runtime_dependencies(/home/user/ros2_ws/install/rosbot_description/share/colcon-core/packages/rosbot_description)
[13.957s] Level 1:colcon.colcon_core.environment:checking '/home/user/ros2_ws/install/rosbot_mk3_description' for CMake module files
[13.958s] Level 1:colcon.colcon_core.environment:checking '/home/user/ros2_ws/install/rosbot_mk3_description' for CMake config files
[13.958s] DEBUG:colcon.colcon_core.event_handler.log_command:Invoked command in '/home/user/ros2_ws/src/rosbot_mk3_description' returned '0': PYTHONPATH=/home/user/ros2_ws/build/rosbot_mk3_description/prefix_override:/usr/lib/python3/dist-packages/colcon_core/task/python/colcon_distutils_commands:/home/user/ros2_ws/install/rosbot_mk3_description/lib/python3.12/site-packages:${PYTHONPATH} _=/usr/bin/env /usr/bin/python3 -W ignore:setup.py install is deprecated -W ignore:easy_install command is deprecated setup.py egg_info --egg-base ../../build/rosbot_mk3_description build --build-base /home/user/ros2_ws/build/rosbot_mk3_description/build install --record /home/user/ros2_ws/build/rosbot_mk3_description/install.log --single-version-externally-managed install_data
[13.959s] Level 1:colcon.colcon_core.environment:checking '/home/user/ros2_ws/install/rosbot_mk3_description/lib'
[13.959s] Level 1:colcon.colcon_core.environment:checking '/home/user/ros2_ws/install/rosbot_mk3_description/bin'
[13.959s] Level 1:colcon.colcon_core.environment:checking '/home/user/ros2_ws/install/rosbot_mk3_description/lib/pkgconfig/rosbot_mk3_description.pc'
[13.959s] Level 1:colcon.colcon_core.environment:checking '/home/user/ros2_ws/install/rosbot_mk3_description/lib/python3.12/site-packages'
[13.959s] Level 1:colcon.colcon_core.shell:create_environment_hook('rosbot_mk3_description', 'pythonpath')
[13.959s] INFO:colcon.colcon_core.shell:Creating environment hook '/home/user/ros2_ws/install/rosbot_mk3_description/share/rosbot_mk3_description/hook/pythonpath.ps1'
[13.960s] INFO:colcon.colcon_core.shell:Creating environment descriptor '/home/user/ros2_ws/install/rosbot_mk3_description/share/rosbot_mk3_description/hook/pythonpath.dsv'
[13.960s] INFO:colcon.colcon_core.shell:Creating environment hook '/home/user/ros2_ws/install/rosbot_mk3_description/share/rosbot_mk3_description/hook/pythonpath.sh'
[13.961s] Level 1:colcon.colcon_core.environment:checking '/home/user/ros2_ws/install/rosbot_mk3_description/bin'
[13.961s] Level 1:colcon.colcon_core.environment:create_environment_scripts_only(rosbot_mk3_description)
[13.962s] INFO:colcon.colcon_core.shell:Creating package script '/home/user/ros2_ws/install/rosbot_mk3_description/share/rosbot_mk3_description/package.ps1'
[13.962s] INFO:colcon.colcon_core.shell:Creating package descriptor '/home/user/ros2_ws/install/rosbot_mk3_description/share/rosbot_mk3_description/package.dsv'
[13.963s] INFO:colcon.colcon_core.shell:Creating package script '/home/user/ros2_ws/install/rosbot_mk3_description/share/rosbot_mk3_description/package.sh'
[13.963s] INFO:colcon.colcon_core.shell:Creating package script '/home/user/ros2_ws/install/rosbot_mk3_description/share/rosbot_mk3_description/package.bash'
[13.963s] INFO:colcon.colcon_core.shell:Creating package script '/home/user/ros2_ws/install/rosbot_mk3_description/share/rosbot_mk3_description/package.zsh'
[13.964s] Level 1:colcon.colcon_core.environment:create_file_with_runtime_dependencies(/home/user/ros2_ws/install/rosbot_mk3_description/share/colcon-core/packages/rosbot_mk3_description)
[14.816s] DEBUG:colcon.colcon_core.event_handler.log_command:Invoked command in '/home/user/ros2_ws/build/oppressor_api' returned '2': CMAKE_PREFIX_PATH=${CMAKE_PREFIX_PATH}:/home/user/ros2_ws/install/rosbot_mk3_description:/home/user/ros2_ws/install/rosbot_description:/home/user/ros2_ws/install/robot_urdf_description:/home/user/ros2_ws/install/robot_mk1_description:/home/user/ros2_ws/install/qube_1_description:/home/user/ros2_ws/install/oppressor_mk3_description:/home/user/ros2_ws/install/oppressor_mk1_description:/home/user/ros2_ws/install/bullet_arm_description:/home/user/ros2_ws/install/ARM_MK1_description:/opt/ros/jazzy _=/usr/bin/env /usr/bin/cmake --build /home/user/ros2_ws/build/oppressor_api -- -j8 -l8
[14.816s] Level 1:colcon.colcon_core.environment:create_environment_scripts_only(oppressor_api)
[14.816s] Level 1:colcon.colcon_core.environment:checking '/home/user/ros2_ws/install/oppressor_api' for CMake module files
[14.817s] Level 1:colcon.colcon_core.environment:checking '/home/user/ros2_ws/install/oppressor_api' for CMake config files
[14.817s] Level 1:colcon.colcon_core.shell:create_environment_hook('oppressor_api', 'cmake_prefix_path')
[14.817s] INFO:colcon.colcon_core.shell:Creating environment hook '/home/user/ros2_ws/install/oppressor_api/share/oppressor_api/hook/cmake_prefix_path.ps1'
[14.818s] INFO:colcon.colcon_core.shell:Creating environment descriptor '/home/user/ros2_ws/install/oppressor_api/share/oppressor_api/hook/cmake_prefix_path.dsv'
[14.818s] INFO:colcon.colcon_core.shell:Creating environment hook '/home/user/ros2_ws/install/oppressor_api/share/oppressor_api/hook/cmake_prefix_path.sh'
[14.819s] Level 1:colcon.colcon_core.environment:checking '/home/user/ros2_ws/install/oppressor_api/lib'
[14.819s] Level 1:colcon.colcon_core.environment:checking '/home/user/ros2_ws/install/oppressor_api/bin'
[14.819s] Level 1:colcon.colcon_core.environment:checking '/home/user/ros2_ws/install/oppressor_api/lib/pkgconfig/oppressor_api.pc'
[14.819s] Level 1:colcon.colcon_core.environment:checking '/home/user/ros2_ws/install/oppressor_api/lib/python3.12/site-packages'
[14.820s] Level 1:colcon.colcon_core.environment:checking '/home/user/ros2_ws/install/oppressor_api/bin'
[14.820s] INFO:colcon.colcon_core.shell:Creating package script '/home/user/ros2_ws/install/oppressor_api/share/oppressor_api/package.ps1'
[14.820s] INFO:colcon.colcon_core.shell:Creating package descriptor '/home/user/ros2_ws/install/oppressor_api/share/oppressor_api/package.dsv'
[14.821s] INFO:colcon.colcon_core.shell:Creating package script '/home/user/ros2_ws/install/oppressor_api/share/oppressor_api/package.sh'
[14.821s] INFO:colcon.colcon_core.shell:Creating package script '/home/user/ros2_ws/install/oppressor_api/share/oppressor_api/package.bash'
[14.822s] INFO:colcon.colcon_core.shell:Creating package script '/home/user/ros2_ws/install/oppressor_api/share/oppressor_api/package.zsh'
[14.822s] Level 1:colcon.colcon_core.environment:create_file_with_runtime_dependencies(/home/user/ros2_ws/install/oppressor_api/share/colcon-core/packages/oppressor_api)
[14.833s] DEBUG:colcon.colcon_parallel_executor.executor.parallel:closing loop
[14.833s] DEBUG:colcon.colcon_parallel_executor.executor.parallel:loop closed
[14.833s] DEBUG:colcon.colcon_parallel_executor.executor.parallel:run_until_complete finished with '2'
[14.833s] DEBUG:colcon.colcon_core.event_reactor:joining thread
[14.841s] INFO:colcon.colcon_core.plugin_system:Skipping extension 'colcon_notification.desktop_notification.notify_send': Could not find 'notify-send'
[14.841s] INFO:colcon.colcon_core.plugin_system:Skipping extension 'colcon_notification.desktop_notification.terminal_notifier': Not used on non-Darwin systems
[14.841s] INFO:colcon.colcon_core.plugin_system:Skipping extension 'colcon_notification.desktop_notification.win32': Not used on non-Windows systems
[14.841s] INFO:colcon.colcon_notification.desktop_notification:Sending desktop notification using 'notify2'
[14.843s] DEBUG:colcon.colcon_notification.desktop_notification.notify2:Failed to initialize notify2: org.freedesktop.DBus.Error.Spawn.ExecFailed: /usr/bin/dbus-launch terminated abnormally without any error message
[14.843s] DEBUG:colcon.colcon_core.event_reactor:joined thread
[14.844s] INFO:colcon.colcon_core.shell:Creating prefix script '/home/user/ros2_ws/install/local_setup.ps1'
[14.845s] INFO:colcon.colcon_core.shell:Creating prefix util module '/home/user/ros2_ws/install/_local_setup_util_ps1.py'
[14.846s] INFO:colcon.colcon_core.shell:Creating prefix chain script '/home/user/ros2_ws/install/setup.ps1'
[14.848s] INFO:colcon.colcon_core.shell:Creating prefix script '/home/user/ros2_ws/install/local_setup.sh'
[14.849s] INFO:colcon.colcon_core.shell:Creating prefix util module '/home/user/ros2_ws/install/_local_setup_util_sh.py'
[14.849s] INFO:colcon.colcon_core.shell:Creating prefix chain script '/home/user/ros2_ws/install/setup.sh'
[14.851s] INFO:colcon.colcon_core.shell:Creating prefix script '/home/user/ros2_ws/install/local_setup.bash'
[14.851s] INFO:colcon.colcon_core.shell:Creating prefix chain script '/home/user/ros2_ws/install/setup.bash'
[14.853s] INFO:colcon.colcon_core.shell:Creating prefix script '/home/user/ros2_ws/install/local_setup.zsh'
[14.853s] INFO:colcon.colcon_core.shell:Creating prefix chain script '/home/user/ros2_ws/install/setup.zsh'
