[0.410s] DEBUG:colcon:Command line arguments: ['/usr/bin/colcon', 'build']
[0.410s] DEBUG:colcon:Parsed command line arguments: Namespace(log_base=None, log_level=None, verb_name='build', build_base='build', install_base='install', merge_install=False, symlink_install=False, test_result_base=None, continue_on_error=False, executor='parallel', parallel_workers=8, event_handlers=None, ignore_user_meta=False, metas=['./colcon.meta'], base_paths=['.'], packages_ignore=None, packages_ignore_regex=None, paths=None, packages_up_to=None, packages_up_to_regex=None, packages_above=None, packages_above_and_dependencies=None, packages_above_depth=None, packages_select_by_dep=None, packages_skip_by_dep=None, packages_skip_up_to=None, packages_select_build_failed=False, packages_skip_build_finished=False, packages_select_test_failures=False, packages_skip_test_passed=False, packages_select=None, packages_skip=None, packages_select_regex=None, packages_skip_regex=None, packages_start=None, packages_end=None, cmake_args=None, cmake_target=None, cmake_target_skip_unavailable=False, cmake_clean_cache=False, cmake_clean_first=False, cmake_force_configure=False, ament_cmake_args=None, catkin_cmake_args=None, catkin_skip_building_tests=False, mixin_files=None, mixin=None, verb_parser=<colcon_mixin.mixin.mixin_argument.MixinArgumentDecorator object at 0x7ff17a41c1d0>, verb_extension=<colcon_core.verb.build.BuildVerb object at 0x7ff17a3f3ec0>, main=<bound method BuildVerb.main of <colcon_core.verb.build.BuildVerb object at 0x7ff17a3f3ec0>>, mixin_verb=('build',))
[0.588s] Level 1:colcon.colcon_core.package_discovery:discover_packages(colcon_meta) check parameters
[0.589s] Level 1:colcon.colcon_core.package_discovery:discover_packages(recursive) check parameters
[0.589s] Level 1:colcon.colcon_core.package_discovery:discover_packages(ignore) check parameters
[0.589s] Level 1:colcon.colcon_core.package_discovery:discover_packages(path) check parameters
[0.589s] Level 1:colcon.colcon_core.package_discovery:discover_packages(colcon_meta) discover
[0.589s] Level 1:colcon.colcon_core.package_discovery:discover_packages(recursive) discover
[0.589s] INFO:colcon.colcon_core.package_discovery:Crawling recursively for packages in '/home/user/ros2_ws'
[0.589s] Level 1:colcon.colcon_core.package_identification:_identify(.) by extensions ['ignore', 'ignore_ament_install']
[0.589s] Level 1:colcon.colcon_core.package_identification:_identify(.) by extension 'ignore'
[0.589s] Level 1:colcon.colcon_core.package_identification:_identify(.) by extension 'ignore_ament_install'
[0.589s] Level 1:colcon.colcon_core.package_identification:_identify(.) by extensions ['colcon_pkg']
[0.589s] Level 1:colcon.colcon_core.package_identification:_identify(.) by extension 'colcon_pkg'
[0.589s] Level 1:colcon.colcon_core.package_identification:_identify(.) by extensions ['colcon_meta']
[0.589s] Level 1:colcon.colcon_core.package_identification:_identify(.) by extension 'colcon_meta'
[0.590s] Level 1:colcon.colcon_core.package_identification:_identify(.) by extensions ['ros']
[0.590s] Level 1:colcon.colcon_core.package_identification:_identify(.) by extension 'ros'
[0.686s] Level 1:colcon.colcon_core.package_identification:_identify(.) by extensions ['cmake', 'python']
[0.686s] Level 1:colcon.colcon_core.package_identification:_identify(.) by extension 'cmake'
[0.686s] Level 1:colcon.colcon_core.package_identification:_identify(.) by extension 'python'
[0.686s] Level 1:colcon.colcon_core.package_identification:_identify(.) by extensions ['python_setup_py']
[0.686s] Level 1:colcon.colcon_core.package_identification:_identify(.) by extension 'python_setup_py'
[0.686s] Level 1:colcon.colcon_core.package_identification:_identify(build) by extensions ['ignore', 'ignore_ament_install']
[0.687s] Level 1:colcon.colcon_core.package_identification:_identify(build) by extension 'ignore'
[0.687s] Level 1:colcon.colcon_core.package_identification:_identify(build) ignored
[0.687s] Level 1:colcon.colcon_core.package_identification:_identify(install) by extensions ['ignore', 'ignore_ament_install']
[0.687s] Level 1:colcon.colcon_core.package_identification:_identify(install) by extension 'ignore'
[0.687s] Level 1:colcon.colcon_core.package_identification:_identify(install) ignored
[0.687s] Level 1:colcon.colcon_core.package_identification:_identify(log) by extensions ['ignore', 'ignore_ament_install']
[0.688s] Level 1:colcon.colcon_core.package_identification:_identify(log) by extension 'ignore'
[0.688s] Level 1:colcon.colcon_core.package_identification:_identify(log) ignored
[0.688s] Level 1:colcon.colcon_core.package_identification:_identify(src) by extensions ['ignore', 'ignore_ament_install']
[0.688s] Level 1:colcon.colcon_core.package_identification:_identify(src) by extension 'ignore'
[0.688s] Level 1:colcon.colcon_core.package_identification:_identify(src) by extension 'ignore_ament_install'
[0.688s] Level 1:colcon.colcon_core.package_identification:_identify(src) by extensions ['colcon_pkg']
[0.688s] Level 1:colcon.colcon_core.package_identification:_identify(src) by extension 'colcon_pkg'
[0.688s] Level 1:colcon.colcon_core.package_identification:_identify(src) by extensions ['colcon_meta']
[0.688s] Level 1:colcon.colcon_core.package_identification:_identify(src) by extension 'colcon_meta'
[0.688s] Level 1:colcon.colcon_core.package_identification:_identify(src) by extensions ['ros']
[0.689s] Level 1:colcon.colcon_core.package_identification:_identify(src) by extension 'ros'
[0.689s] Level 1:colcon.colcon_core.package_identification:_identify(src) by extensions ['cmake', 'python']
[0.689s] Level 1:colcon.colcon_core.package_identification:_identify(src) by extension 'cmake'
[0.689s] Level 1:colcon.colcon_core.package_identification:_identify(src) by extension 'python'
[0.689s] Level 1:colcon.colcon_core.package_identification:_identify(src) by extensions ['python_setup_py']
[0.689s] Level 1:colcon.colcon_core.package_identification:_identify(src) by extension 'python_setup_py'
[0.689s] Level 1:colcon.colcon_core.package_identification:_identify(src/ARM_MK1_description) by extensions ['ignore', 'ignore_ament_install']
[0.689s] Level 1:colcon.colcon_core.package_identification:_identify(src/ARM_MK1_description) by extension 'ignore'
[0.689s] Level 1:colcon.colcon_core.package_identification:_identify(src/ARM_MK1_description) by extension 'ignore_ament_install'
[0.689s] Level 1:colcon.colcon_core.package_identification:_identify(src/ARM_MK1_description) by extensions ['colcon_pkg']
[0.689s] Level 1:colcon.colcon_core.package_identification:_identify(src/ARM_MK1_description) by extension 'colcon_pkg'
[0.690s] Level 1:colcon.colcon_core.package_identification:_identify(src/ARM_MK1_description) by extensions ['colcon_meta']
[0.690s] Level 1:colcon.colcon_core.package_identification:_identify(src/ARM_MK1_description) by extension 'colcon_meta'
[0.690s] Level 1:colcon.colcon_core.package_identification:_identify(src/ARM_MK1_description) by extensions ['ros']
[0.690s] Level 1:colcon.colcon_core.package_identification:_identify(src/ARM_MK1_description) by extension 'ros'
[0.694s] DEBUG:colcon.colcon_core.package_identification:Package 'src/ARM_MK1_description' with type 'ros.ament_python' and name 'ARM_MK1_description'
[0.694s] Level 1:colcon.colcon_core.package_identification:_identify(src/build) by extensions ['ignore', 'ignore_ament_install']
[0.694s] Level 1:colcon.colcon_core.package_identification:_identify(src/build) by extension 'ignore'
[0.694s] Level 1:colcon.colcon_core.package_identification:_identify(src/build) ignored
[0.695s] Level 1:colcon.colcon_core.package_identification:_identify(src/bullet_arm_description) by extensions ['ignore', 'ignore_ament_install']
[0.695s] Level 1:colcon.colcon_core.package_identification:_identify(src/bullet_arm_description) by extension 'ignore'
[0.695s] Level 1:colcon.colcon_core.package_identification:_identify(src/bullet_arm_description) by extension 'ignore_ament_install'
[0.695s] Level 1:colcon.colcon_core.package_identification:_identify(src/bullet_arm_description) by extensions ['colcon_pkg']
[0.695s] Level 1:colcon.colcon_core.package_identification:_identify(src/bullet_arm_description) by extension 'colcon_pkg'
[0.695s] Level 1:colcon.colcon_core.package_identification:_identify(src/bullet_arm_description) by extensions ['colcon_meta']
[0.695s] Level 1:colcon.colcon_core.package_identification:_identify(src/bullet_arm_description) by extension 'colcon_meta'
[0.695s] Level 1:colcon.colcon_core.package_identification:_identify(src/bullet_arm_description) by extensions ['ros']
[0.695s] Level 1:colcon.colcon_core.package_identification:_identify(src/bullet_arm_description) by extension 'ros'
[0.696s] DEBUG:colcon.colcon_core.package_identification:Package 'src/bullet_arm_description' with type 'ros.ament_python' and name 'bullet_arm_description'
[0.696s] Level 1:colcon.colcon_core.package_identification:_identify(src/install) by extensions ['ignore', 'ignore_ament_install']
[0.697s] Level 1:colcon.colcon_core.package_identification:_identify(src/install) by extension 'ignore'
[0.697s] Level 1:colcon.colcon_core.package_identification:_identify(src/install) ignored
[0.697s] Level 1:colcon.colcon_core.package_identification:_identify(src/log) by extensions ['ignore', 'ignore_ament_install']
[0.697s] Level 1:colcon.colcon_core.package_identification:_identify(src/log) by extension 'ignore'
[0.697s] Level 1:colcon.colcon_core.package_identification:_identify(src/log) ignored
[0.697s] Level 1:colcon.colcon_core.package_identification:_identify(src/oppressor_mk1_description) by extensions ['ignore', 'ignore_ament_install']
[0.697s] Level 1:colcon.colcon_core.package_identification:_identify(src/oppressor_mk1_description) by extension 'ignore'
[0.697s] Level 1:colcon.colcon_core.package_identification:_identify(src/oppressor_mk1_description) by extension 'ignore_ament_install'
[0.698s] Level 1:colcon.colcon_core.package_identification:_identify(src/oppressor_mk1_description) by extensions ['colcon_pkg']
[0.698s] Level 1:colcon.colcon_core.package_identification:_identify(src/oppressor_mk1_description) by extension 'colcon_pkg'
[0.698s] Level 1:colcon.colcon_core.package_identification:_identify(src/oppressor_mk1_description) by extensions ['colcon_meta']
[0.698s] Level 1:colcon.colcon_core.package_identification:_identify(src/oppressor_mk1_description) by extension 'colcon_meta'
[0.698s] Level 1:colcon.colcon_core.package_identification:_identify(src/oppressor_mk1_description) by extensions ['ros']
[0.698s] Level 1:colcon.colcon_core.package_identification:_identify(src/oppressor_mk1_description) by extension 'ros'
[0.699s] DEBUG:colcon.colcon_core.package_identification:Package 'src/oppressor_mk1_description' with type 'ros.ament_python' and name 'oppressor_mk1_description'
[0.699s] Level 1:colcon.colcon_core.package_identification:_identify(src/oppressor_mk3_description) by extensions ['ignore', 'ignore_ament_install']
[0.699s] Level 1:colcon.colcon_core.package_identification:_identify(src/oppressor_mk3_description) by extension 'ignore'
[0.699s] Level 1:colcon.colcon_core.package_identification:_identify(src/oppressor_mk3_description) by extension 'ignore_ament_install'
[0.699s] Level 1:colcon.colcon_core.package_identification:_identify(src/oppressor_mk3_description) by extensions ['colcon_pkg']
[0.699s] Level 1:colcon.colcon_core.package_identification:_identify(src/oppressor_mk3_description) by extension 'colcon_pkg'
[0.700s] Level 1:colcon.colcon_core.package_identification:_identify(src/oppressor_mk3_description) by extensions ['colcon_meta']
[0.700s] Level 1:colcon.colcon_core.package_identification:_identify(src/oppressor_mk3_description) by extension 'colcon_meta'
[0.700s] Level 1:colcon.colcon_core.package_identification:_identify(src/oppressor_mk3_description) by extensions ['ros']
[0.700s] Level 1:colcon.colcon_core.package_identification:_identify(src/oppressor_mk3_description) by extension 'ros'
[0.701s] DEBUG:colcon.colcon_core.package_identification:Package 'src/oppressor_mk3_description' with type 'ros.ament_python' and name 'oppressor_mk3_description'
[0.701s] Level 1:colcon.colcon_core.package_identification:_identify(src/qube_1_description) by extensions ['ignore', 'ignore_ament_install']
[0.701s] Level 1:colcon.colcon_core.package_identification:_identify(src/qube_1_description) by extension 'ignore'
[0.701s] Level 1:colcon.colcon_core.package_identification:_identify(src/qube_1_description) by extension 'ignore_ament_install'
[0.701s] Level 1:colcon.colcon_core.package_identification:_identify(src/qube_1_description) by extensions ['colcon_pkg']
[0.701s] Level 1:colcon.colcon_core.package_identification:_identify(src/qube_1_description) by extension 'colcon_pkg'
[0.701s] Level 1:colcon.colcon_core.package_identification:_identify(src/qube_1_description) by extensions ['colcon_meta']
[0.701s] Level 1:colcon.colcon_core.package_identification:_identify(src/qube_1_description) by extension 'colcon_meta'
[0.702s] Level 1:colcon.colcon_core.package_identification:_identify(src/qube_1_description) by extensions ['ros']
[0.702s] Level 1:colcon.colcon_core.package_identification:_identify(src/qube_1_description) by extension 'ros'
[0.703s] DEBUG:colcon.colcon_core.package_identification:Package 'src/qube_1_description' with type 'ros.ament_python' and name 'qube_1_description'
[0.703s] Level 1:colcon.colcon_core.package_identification:_identify(src/r_arm_description) by extensions ['ignore', 'ignore_ament_install']
[0.703s] Level 1:colcon.colcon_core.package_identification:_identify(src/r_arm_description) by extension 'ignore'
[0.703s] Level 1:colcon.colcon_core.package_identification:_identify(src/r_arm_description) by extension 'ignore_ament_install'
[0.703s] Level 1:colcon.colcon_core.package_identification:_identify(src/r_arm_description) by extensions ['colcon_pkg']
[0.703s] Level 1:colcon.colcon_core.package_identification:_identify(src/r_arm_description) by extension 'colcon_pkg'
[0.703s] Level 1:colcon.colcon_core.package_identification:_identify(src/r_arm_description) by extensions ['colcon_meta']
[0.703s] Level 1:colcon.colcon_core.package_identification:_identify(src/r_arm_description) by extension 'colcon_meta'
[0.703s] Level 1:colcon.colcon_core.package_identification:_identify(src/r_arm_description) by extensions ['ros']
[0.703s] Level 1:colcon.colcon_core.package_identification:_identify(src/r_arm_description) by extension 'ros'
[0.705s] DEBUG:colcon.colcon_core.package_identification:Found ROS schema reference in package manifest in 'src/r_arm_description'
[0.705s] WARNING:colcon.colcon_core.package_identification:Failed to parse ROS package manifest in 'src/r_arm_description': Error(s) in package 'src/r_arm_description/package.xml':
Error(s):
- The manifest of package "r_arm_description" (with format version 3) must not contain the following tags: depand
[0.705s] Level 1:colcon.colcon_core.package_identification:_identify(src/r_arm_description) by extensions ['cmake', 'python']
[0.705s] Level 1:colcon.colcon_core.package_identification:_identify(src/r_arm_description) by extension 'cmake'
[0.706s] Level 1:colcon.colcon_core.package_identification:_identify(src/r_arm_description) by extension 'python'
[0.706s] DEBUG:colcon.colcon_core.package_identification:Python package in 'src/r_arm_description' passes arguments to the setup() function which requires a different identification extension than 'python'
[0.706s] Level 1:colcon.colcon_core.package_identification:_identify(src/r_arm_description) by extensions ['python_setup_py']
[0.706s] Level 1:colcon.colcon_core.package_identification:_identify(src/r_arm_description) by extension 'python_setup_py'
[1.692s] DEBUG:colcon.colcon_core.package_identification:Package 'src/r_arm_description' with type 'python' and name 'r_arm_description'
[1.692s] Level 1:colcon.colcon_core.package_identification:_identify(src/robot_mk1_description) by extensions ['ignore', 'ignore_ament_install']
[1.692s] Level 1:colcon.colcon_core.package_identification:_identify(src/robot_mk1_description) by extension 'ignore'
[1.693s] Level 1:colcon.colcon_core.package_identification:_identify(src/robot_mk1_description) by extension 'ignore_ament_install'
[1.693s] Level 1:colcon.colcon_core.package_identification:_identify(src/robot_mk1_description) by extensions ['colcon_pkg']
[1.693s] Level 1:colcon.colcon_core.package_identification:_identify(src/robot_mk1_description) by extension 'colcon_pkg'
[1.693s] Level 1:colcon.colcon_core.package_identification:_identify(src/robot_mk1_description) by extensions ['colcon_meta']
[1.693s] Level 1:colcon.colcon_core.package_identification:_identify(src/robot_mk1_description) by extension 'colcon_meta'
[1.693s] Level 1:colcon.colcon_core.package_identification:_identify(src/robot_mk1_description) by extensions ['ros']
[1.693s] Level 1:colcon.colcon_core.package_identification:_identify(src/robot_mk1_description) by extension 'ros'
[1.694s] DEBUG:colcon.colcon_core.package_identification:Package 'src/robot_mk1_description' with type 'ros.ament_python' and name 'robot_mk1_description'
[1.694s] Level 1:colcon.colcon_core.package_identification:_identify(src/robot_urdf_description) by extensions ['ignore', 'ignore_ament_install']
[1.694s] Level 1:colcon.colcon_core.package_identification:_identify(src/robot_urdf_description) by extension 'ignore'
[1.694s] Level 1:colcon.colcon_core.package_identification:_identify(src/robot_urdf_description) by extension 'ignore_ament_install'
[1.694s] Level 1:colcon.colcon_core.package_identification:_identify(src/robot_urdf_description) by extensions ['colcon_pkg']
[1.695s] Level 1:colcon.colcon_core.package_identification:_identify(src/robot_urdf_description) by extension 'colcon_pkg'
[1.695s] Level 1:colcon.colcon_core.package_identification:_identify(src/robot_urdf_description) by extensions ['colcon_meta']
[1.695s] Level 1:colcon.colcon_core.package_identification:_identify(src/robot_urdf_description) by extension 'colcon_meta'
[1.695s] Level 1:colcon.colcon_core.package_identification:_identify(src/robot_urdf_description) by extensions ['ros']
[1.695s] Level 1:colcon.colcon_core.package_identification:_identify(src/robot_urdf_description) by extension 'ros'
[1.696s] DEBUG:colcon.colcon_core.package_identification:Package 'src/robot_urdf_description' with type 'ros.ament_python' and name 'robot_urdf_description'
[1.696s] Level 1:colcon.colcon_core.package_identification:_identify(src/rosbot_api) by extensions ['ignore', 'ignore_ament_install']
[1.696s] Level 1:colcon.colcon_core.package_identification:_identify(src/rosbot_api) by extension 'ignore'
[1.696s] Level 1:colcon.colcon_core.package_identification:_identify(src/rosbot_api) by extension 'ignore_ament_install'
[1.697s] Level 1:colcon.colcon_core.package_identification:_identify(src/rosbot_api) by extensions ['colcon_pkg']
[1.697s] Level 1:colcon.colcon_core.package_identification:_identify(src/rosbot_api) by extension 'colcon_pkg'
[1.697s] Level 1:colcon.colcon_core.package_identification:_identify(src/rosbot_api) by extensions ['colcon_meta']
[1.697s] Level 1:colcon.colcon_core.package_identification:_identify(src/rosbot_api) by extension 'colcon_meta'
[1.697s] Level 1:colcon.colcon_core.package_identification:_identify(src/rosbot_api) by extensions ['ros']
[1.697s] Level 1:colcon.colcon_core.package_identification:_identify(src/rosbot_api) by extension 'ros'
[1.698s] DEBUG:colcon.colcon_core.package_identification:Package 'src/rosbot_api' with type 'ros.ament_cmake' and name 'rosbot_api'
[1.698s] Level 1:colcon.colcon_core.package_identification:_identify(src/rosbot_description) by extensions ['ignore', 'ignore_ament_install']
[1.698s] Level 1:colcon.colcon_core.package_identification:_identify(src/rosbot_description) by extension 'ignore'
[1.698s] Level 1:colcon.colcon_core.package_identification:_identify(src/rosbot_description) by extension 'ignore_ament_install'
[1.698s] Level 1:colcon.colcon_core.package_identification:_identify(src/rosbot_description) by extensions ['colcon_pkg']
[1.698s] Level 1:colcon.colcon_core.package_identification:_identify(src/rosbot_description) by extension 'colcon_pkg'
[1.698s] Level 1:colcon.colcon_core.package_identification:_identify(src/rosbot_description) by extensions ['colcon_meta']
[1.699s] Level 1:colcon.colcon_core.package_identification:_identify(src/rosbot_description) by extension 'colcon_meta'
[1.699s] Level 1:colcon.colcon_core.package_identification:_identify(src/rosbot_description) by extensions ['ros']
[1.699s] Level 1:colcon.colcon_core.package_identification:_identify(src/rosbot_description) by extension 'ros'
[1.700s] DEBUG:colcon.colcon_core.package_identification:Package 'src/rosbot_description' with type 'ros.ament_python' and name 'rosbot_description'
[1.700s] Level 1:colcon.colcon_core.package_identification:_identify(src/rosbot_mk3_description) by extensions ['ignore', 'ignore_ament_install']
[1.700s] Level 1:colcon.colcon_core.package_identification:_identify(src/rosbot_mk3_description) by extension 'ignore'
[1.700s] Level 1:colcon.colcon_core.package_identification:_identify(src/rosbot_mk3_description) by extension 'ignore_ament_install'
[1.700s] Level 1:colcon.colcon_core.package_identification:_identify(src/rosbot_mk3_description) by extensions ['colcon_pkg']
[1.700s] Level 1:colcon.colcon_core.package_identification:_identify(src/rosbot_mk3_description) by extension 'colcon_pkg'
[1.700s] Level 1:colcon.colcon_core.package_identification:_identify(src/rosbot_mk3_description) by extensions ['colcon_meta']
[1.700s] Level 1:colcon.colcon_core.package_identification:_identify(src/rosbot_mk3_description) by extension 'colcon_meta'
[1.700s] Level 1:colcon.colcon_core.package_identification:_identify(src/rosbot_mk3_description) by extensions ['ros']
[1.700s] Level 1:colcon.colcon_core.package_identification:_identify(src/rosbot_mk3_description) by extension 'ros'
[1.701s] DEBUG:colcon.colcon_core.package_identification:Package 'src/rosbot_mk3_description' with type 'ros.ament_python' and name 'rosbot_mk3_description'
[1.702s] Level 1:colcon.colcon_core.package_discovery:discover_packages(recursive) using defaults
[1.702s] Level 1:colcon.colcon_core.package_discovery:discover_packages(ignore) discover
[1.702s] Level 1:colcon.colcon_core.package_discovery:discover_packages(ignore) using defaults
[1.702s] Level 1:colcon.colcon_core.package_discovery:discover_packages(path) discover
[1.702s] Level 1:colcon.colcon_core.package_discovery:discover_packages(path) using defaults
[1.799s] Level 5:colcon.colcon_core.verb:set package 'ARM_MK1_description' build argument 'cmake_args' from command line to 'None'
[1.800s] Level 5:colcon.colcon_core.verb:set package 'ARM_MK1_description' build argument 'cmake_target' from command line to 'None'
[1.800s] Level 5:colcon.colcon_core.verb:set package 'ARM_MK1_description' build argument 'cmake_target_skip_unavailable' from command line to 'False'
[1.800s] Level 5:colcon.colcon_core.verb:set package 'ARM_MK1_description' build argument 'cmake_clean_cache' from command line to 'False'
[1.800s] Level 5:colcon.colcon_core.verb:set package 'ARM_MK1_description' build argument 'cmake_clean_first' from command line to 'False'
[1.800s] Level 5:colcon.colcon_core.verb:set package 'ARM_MK1_description' build argument 'cmake_force_configure' from command line to 'False'
[1.800s] Level 5:colcon.colcon_core.verb:set package 'ARM_MK1_description' build argument 'ament_cmake_args' from command line to 'None'
[1.800s] Level 5:colcon.colcon_core.verb:set package 'ARM_MK1_description' build argument 'catkin_cmake_args' from command line to 'None'
[1.800s] Level 5:colcon.colcon_core.verb:set package 'ARM_MK1_description' build argument 'catkin_skip_building_tests' from command line to 'False'
[1.800s] DEBUG:colcon.colcon_core.verb:Building package 'ARM_MK1_description' with the following arguments: {'ament_cmake_args': None, 'build_base': '/home/user/ros2_ws/build/ARM_MK1_description', 'catkin_cmake_args': None, 'catkin_skip_building_tests': False, 'cmake_args': None, 'cmake_clean_cache': False, 'cmake_clean_first': False, 'cmake_force_configure': False, 'cmake_target': None, 'cmake_target_skip_unavailable': False, 'install_base': '/home/user/ros2_ws/install/ARM_MK1_description', 'merge_install': False, 'path': '/home/user/ros2_ws/src/ARM_MK1_description', 'symlink_install': False, 'test_result_base': None}
[1.800s] Level 5:colcon.colcon_core.verb:set package 'bullet_arm_description' build argument 'cmake_args' from command line to 'None'
[1.800s] Level 5:colcon.colcon_core.verb:set package 'bullet_arm_description' build argument 'cmake_target' from command line to 'None'
[1.801s] Level 5:colcon.colcon_core.verb:set package 'bullet_arm_description' build argument 'cmake_target_skip_unavailable' from command line to 'False'
[1.801s] Level 5:colcon.colcon_core.verb:set package 'bullet_arm_description' build argument 'cmake_clean_cache' from command line to 'False'
[1.801s] Level 5:colcon.colcon_core.verb:set package 'bullet_arm_description' build argument 'cmake_clean_first' from command line to 'False'
[1.801s] Level 5:colcon.colcon_core.verb:set package 'bullet_arm_description' build argument 'cmake_force_configure' from command line to 'False'
[1.801s] Level 5:colcon.colcon_core.verb:set package 'bullet_arm_description' build argument 'ament_cmake_args' from command line to 'None'
[1.801s] Level 5:colcon.colcon_core.verb:set package 'bullet_arm_description' build argument 'catkin_cmake_args' from command line to 'None'
[1.801s] Level 5:colcon.colcon_core.verb:set package 'bullet_arm_description' build argument 'catkin_skip_building_tests' from command line to 'False'
[1.801s] DEBUG:colcon.colcon_core.verb:Building package 'bullet_arm_description' with the following arguments: {'ament_cmake_args': None, 'build_base': '/home/user/ros2_ws/build/bullet_arm_description', 'catkin_cmake_args': None, 'catkin_skip_building_tests': False, 'cmake_args': None, 'cmake_clean_cache': False, 'cmake_clean_first': False, 'cmake_force_configure': False, 'cmake_target': None, 'cmake_target_skip_unavailable': False, 'install_base': '/home/user/ros2_ws/install/bullet_arm_description', 'merge_install': False, 'path': '/home/user/ros2_ws/src/bullet_arm_description', 'symlink_install': False, 'test_result_base': None}
[1.801s] Level 5:colcon.colcon_core.verb:set package 'oppressor_mk1_description' build argument 'cmake_args' from command line to 'None'
[1.801s] Level 5:colcon.colcon_core.verb:set package 'oppressor_mk1_description' build argument 'cmake_target' from command line to 'None'
[1.801s] Level 5:colcon.colcon_core.verb:set package 'oppressor_mk1_description' build argument 'cmake_target_skip_unavailable' from command line to 'False'
[1.801s] Level 5:colcon.colcon_core.verb:set package 'oppressor_mk1_description' build argument 'cmake_clean_cache' from command line to 'False'
[1.801s] Level 5:colcon.colcon_core.verb:set package 'oppressor_mk1_description' build argument 'cmake_clean_first' from command line to 'False'
[1.801s] Level 5:colcon.colcon_core.verb:set package 'oppressor_mk1_description' build argument 'cmake_force_configure' from command line to 'False'
[1.801s] Level 5:colcon.colcon_core.verb:set package 'oppressor_mk1_description' build argument 'ament_cmake_args' from command line to 'None'
[1.802s] Level 5:colcon.colcon_core.verb:set package 'oppressor_mk1_description' build argument 'catkin_cmake_args' from command line to 'None'
[1.802s] Level 5:colcon.colcon_core.verb:set package 'oppressor_mk1_description' build argument 'catkin_skip_building_tests' from command line to 'False'
[1.802s] DEBUG:colcon.colcon_core.verb:Building package 'oppressor_mk1_description' with the following arguments: {'ament_cmake_args': None, 'build_base': '/home/user/ros2_ws/build/oppressor_mk1_description', 'catkin_cmake_args': None, 'catkin_skip_building_tests': False, 'cmake_args': None, 'cmake_clean_cache': False, 'cmake_clean_first': False, 'cmake_force_configure': False, 'cmake_target': None, 'cmake_target_skip_unavailable': False, 'install_base': '/home/user/ros2_ws/install/oppressor_mk1_description', 'merge_install': False, 'path': '/home/user/ros2_ws/src/oppressor_mk1_description', 'symlink_install': False, 'test_result_base': None}
[1.802s] Level 5:colcon.colcon_core.verb:set package 'oppressor_mk3_description' build argument 'cmake_args' from command line to 'None'
[1.802s] Level 5:colcon.colcon_core.verb:set package 'oppressor_mk3_description' build argument 'cmake_target' from command line to 'None'
[1.802s] Level 5:colcon.colcon_core.verb:set package 'oppressor_mk3_description' build argument 'cmake_target_skip_unavailable' from command line to 'False'
[1.802s] Level 5:colcon.colcon_core.verb:set package 'oppressor_mk3_description' build argument 'cmake_clean_cache' from command line to 'False'
[1.802s] Level 5:colcon.colcon_core.verb:set package 'oppressor_mk3_description' build argument 'cmake_clean_first' from command line to 'False'
[1.803s] Level 5:colcon.colcon_core.verb:set package 'oppressor_mk3_description' build argument 'cmake_force_configure' from command line to 'False'
[1.803s] Level 5:colcon.colcon_core.verb:set package 'oppressor_mk3_description' build argument 'ament_cmake_args' from command line to 'None'
[1.803s] Level 5:colcon.colcon_core.verb:set package 'oppressor_mk3_description' build argument 'catkin_cmake_args' from command line to 'None'
[1.803s] Level 5:colcon.colcon_core.verb:set package 'oppressor_mk3_description' build argument 'catkin_skip_building_tests' from command line to 'False'
[1.803s] DEBUG:colcon.colcon_core.verb:Building package 'oppressor_mk3_description' with the following arguments: {'ament_cmake_args': None, 'build_base': '/home/user/ros2_ws/build/oppressor_mk3_description', 'catkin_cmake_args': None, 'catkin_skip_building_tests': False, 'cmake_args': None, 'cmake_clean_cache': False, 'cmake_clean_first': False, 'cmake_force_configure': False, 'cmake_target': None, 'cmake_target_skip_unavailable': False, 'install_base': '/home/user/ros2_ws/install/oppressor_mk3_description', 'merge_install': False, 'path': '/home/user/ros2_ws/src/oppressor_mk3_description', 'symlink_install': False, 'test_result_base': None}
[1.803s] Level 5:colcon.colcon_core.verb:set package 'qube_1_description' build argument 'cmake_args' from command line to 'None'
[1.803s] Level 5:colcon.colcon_core.verb:set package 'qube_1_description' build argument 'cmake_target' from command line to 'None'
[1.803s] Level 5:colcon.colcon_core.verb:set package 'qube_1_description' build argument 'cmake_target_skip_unavailable' from command line to 'False'
[1.803s] Level 5:colcon.colcon_core.verb:set package 'qube_1_description' build argument 'cmake_clean_cache' from command line to 'False'
[1.803s] Level 5:colcon.colcon_core.verb:set package 'qube_1_description' build argument 'cmake_clean_first' from command line to 'False'
[1.803s] Level 5:colcon.colcon_core.verb:set package 'qube_1_description' build argument 'cmake_force_configure' from command line to 'False'
[1.803s] Level 5:colcon.colcon_core.verb:set package 'qube_1_description' build argument 'ament_cmake_args' from command line to 'None'
[1.803s] Level 5:colcon.colcon_core.verb:set package 'qube_1_description' build argument 'catkin_cmake_args' from command line to 'None'
[1.803s] Level 5:colcon.colcon_core.verb:set package 'qube_1_description' build argument 'catkin_skip_building_tests' from command line to 'False'
[1.803s] DEBUG:colcon.colcon_core.verb:Building package 'qube_1_description' with the following arguments: {'ament_cmake_args': None, 'build_base': '/home/user/ros2_ws/build/qube_1_description', 'catkin_cmake_args': None, 'catkin_skip_building_tests': False, 'cmake_args': None, 'cmake_clean_cache': False, 'cmake_clean_first': False, 'cmake_force_configure': False, 'cmake_target': None, 'cmake_target_skip_unavailable': False, 'install_base': '/home/user/ros2_ws/install/qube_1_description', 'merge_install': False, 'path': '/home/user/ros2_ws/src/qube_1_description', 'symlink_install': False, 'test_result_base': None}
[1.804s] Level 5:colcon.colcon_core.verb:set package 'r_arm_description' build argument 'cmake_args' from command line to 'None'
[1.804s] Level 5:colcon.colcon_core.verb:set package 'r_arm_description' build argument 'cmake_target' from command line to 'None'
[1.804s] Level 5:colcon.colcon_core.verb:set package 'r_arm_description' build argument 'cmake_target_skip_unavailable' from command line to 'False'
[1.804s] Level 5:colcon.colcon_core.verb:set package 'r_arm_description' build argument 'cmake_clean_cache' from command line to 'False'
[1.804s] Level 5:colcon.colcon_core.verb:set package 'r_arm_description' build argument 'cmake_clean_first' from command line to 'False'
[1.804s] Level 5:colcon.colcon_core.verb:set package 'r_arm_description' build argument 'cmake_force_configure' from command line to 'False'
[1.804s] Level 5:colcon.colcon_core.verb:set package 'r_arm_description' build argument 'ament_cmake_args' from command line to 'None'
[1.804s] Level 5:colcon.colcon_core.verb:set package 'r_arm_description' build argument 'catkin_cmake_args' from command line to 'None'
[1.804s] Level 5:colcon.colcon_core.verb:set package 'r_arm_description' build argument 'catkin_skip_building_tests' from command line to 'False'
[1.804s] DEBUG:colcon.colcon_core.verb:Building package 'r_arm_description' with the following arguments: {'ament_cmake_args': None, 'build_base': '/home/user/ros2_ws/build/r_arm_description', 'catkin_cmake_args': None, 'catkin_skip_building_tests': False, 'cmake_args': None, 'cmake_clean_cache': False, 'cmake_clean_first': False, 'cmake_force_configure': False, 'cmake_target': None, 'cmake_target_skip_unavailable': False, 'install_base': '/home/user/ros2_ws/install/r_arm_description', 'merge_install': False, 'path': '/home/user/ros2_ws/src/r_arm_description', 'symlink_install': False, 'test_result_base': None}
[1.804s] Level 5:colcon.colcon_core.verb:set package 'robot_mk1_description' build argument 'cmake_args' from command line to 'None'
[1.805s] Level 5:colcon.colcon_core.verb:set package 'robot_mk1_description' build argument 'cmake_target' from command line to 'None'
[1.805s] Level 5:colcon.colcon_core.verb:set package 'robot_mk1_description' build argument 'cmake_target_skip_unavailable' from command line to 'False'
[1.805s] Level 5:colcon.colcon_core.verb:set package 'robot_mk1_description' build argument 'cmake_clean_cache' from command line to 'False'
[1.805s] Level 5:colcon.colcon_core.verb:set package 'robot_mk1_description' build argument 'cmake_clean_first' from command line to 'False'
[1.805s] Level 5:colcon.colcon_core.verb:set package 'robot_mk1_description' build argument 'cmake_force_configure' from command line to 'False'
[1.805s] Level 5:colcon.colcon_core.verb:set package 'robot_mk1_description' build argument 'ament_cmake_args' from command line to 'None'
[1.805s] Level 5:colcon.colcon_core.verb:set package 'robot_mk1_description' build argument 'catkin_cmake_args' from command line to 'None'
[1.805s] Level 5:colcon.colcon_core.verb:set package 'robot_mk1_description' build argument 'catkin_skip_building_tests' from command line to 'False'
[1.805s] DEBUG:colcon.colcon_core.verb:Building package 'robot_mk1_description' with the following arguments: {'ament_cmake_args': None, 'build_base': '/home/user/ros2_ws/build/robot_mk1_description', 'catkin_cmake_args': None, 'catkin_skip_building_tests': False, 'cmake_args': None, 'cmake_clean_cache': False, 'cmake_clean_first': False, 'cmake_force_configure': False, 'cmake_target': None, 'cmake_target_skip_unavailable': False, 'install_base': '/home/user/ros2_ws/install/robot_mk1_description', 'merge_install': False, 'path': '/home/user/ros2_ws/src/robot_mk1_description', 'symlink_install': False, 'test_result_base': None}
[1.805s] Level 5:colcon.colcon_core.verb:set package 'robot_urdf_description' build argument 'cmake_args' from command line to 'None'
[1.805s] Level 5:colcon.colcon_core.verb:set package 'robot_urdf_description' build argument 'cmake_target' from command line to 'None'
[1.805s] Level 5:colcon.colcon_core.verb:set package 'robot_urdf_description' build argument 'cmake_target_skip_unavailable' from command line to 'False'
[1.805s] Level 5:colcon.colcon_core.verb:set package 'robot_urdf_description' build argument 'cmake_clean_cache' from command line to 'False'
[1.805s] Level 5:colcon.colcon_core.verb:set package 'robot_urdf_description' build argument 'cmake_clean_first' from command line to 'False'
[1.805s] Level 5:colcon.colcon_core.verb:set package 'robot_urdf_description' build argument 'cmake_force_configure' from command line to 'False'
[1.805s] Level 5:colcon.colcon_core.verb:set package 'robot_urdf_description' build argument 'ament_cmake_args' from command line to 'None'
[1.805s] Level 5:colcon.colcon_core.verb:set package 'robot_urdf_description' build argument 'catkin_cmake_args' from command line to 'None'
[1.805s] Level 5:colcon.colcon_core.verb:set package 'robot_urdf_description' build argument 'catkin_skip_building_tests' from command line to 'False'
[1.805s] DEBUG:colcon.colcon_core.verb:Building package 'robot_urdf_description' with the following arguments: {'ament_cmake_args': None, 'build_base': '/home/user/ros2_ws/build/robot_urdf_description', 'catkin_cmake_args': None, 'catkin_skip_building_tests': False, 'cmake_args': None, 'cmake_clean_cache': False, 'cmake_clean_first': False, 'cmake_force_configure': False, 'cmake_target': None, 'cmake_target_skip_unavailable': False, 'install_base': '/home/user/ros2_ws/install/robot_urdf_description', 'merge_install': False, 'path': '/home/user/ros2_ws/src/robot_urdf_description', 'symlink_install': False, 'test_result_base': None}
[1.806s] Level 5:colcon.colcon_core.verb:set package 'rosbot_api' build argument 'cmake_args' from command line to 'None'
[1.806s] Level 5:colcon.colcon_core.verb:set package 'rosbot_api' build argument 'cmake_target' from command line to 'None'
[1.806s] Level 5:colcon.colcon_core.verb:set package 'rosbot_api' build argument 'cmake_target_skip_unavailable' from command line to 'False'
[1.806s] Level 5:colcon.colcon_core.verb:set package 'rosbot_api' build argument 'cmake_clean_cache' from command line to 'False'
[1.806s] Level 5:colcon.colcon_core.verb:set package 'rosbot_api' build argument 'cmake_clean_first' from command line to 'False'
[1.806s] Level 5:colcon.colcon_core.verb:set package 'rosbot_api' build argument 'cmake_force_configure' from command line to 'False'
[1.806s] Level 5:colcon.colcon_core.verb:set package 'rosbot_api' build argument 'ament_cmake_args' from command line to 'None'
[1.806s] Level 5:colcon.colcon_core.verb:set package 'rosbot_api' build argument 'catkin_cmake_args' from command line to 'None'
[1.806s] Level 5:colcon.colcon_core.verb:set package 'rosbot_api' build argument 'catkin_skip_building_tests' from command line to 'False'
[1.806s] DEBUG:colcon.colcon_core.verb:Building package 'rosbot_api' with the following arguments: {'ament_cmake_args': None, 'build_base': '/home/user/ros2_ws/build/rosbot_api', 'catkin_cmake_args': None, 'catkin_skip_building_tests': False, 'cmake_args': None, 'cmake_clean_cache': False, 'cmake_clean_first': False, 'cmake_force_configure': False, 'cmake_target': None, 'cmake_target_skip_unavailable': False, 'install_base': '/home/user/ros2_ws/install/rosbot_api', 'merge_install': False, 'path': '/home/user/ros2_ws/src/rosbot_api', 'symlink_install': False, 'test_result_base': None}
[1.806s] Level 5:colcon.colcon_core.verb:set package 'rosbot_description' build argument 'cmake_args' from command line to 'None'
[1.806s] Level 5:colcon.colcon_core.verb:set package 'rosbot_description' build argument 'cmake_target' from command line to 'None'
[1.806s] Level 5:colcon.colcon_core.verb:set package 'rosbot_description' build argument 'cmake_target_skip_unavailable' from command line to 'False'
[1.806s] Level 5:colcon.colcon_core.verb:set package 'rosbot_description' build argument 'cmake_clean_cache' from command line to 'False'
[1.806s] Level 5:colcon.colcon_core.verb:set package 'rosbot_description' build argument 'cmake_clean_first' from command line to 'False'
[1.806s] Level 5:colcon.colcon_core.verb:set package 'rosbot_description' build argument 'cmake_force_configure' from command line to 'False'
[1.806s] Level 5:colcon.colcon_core.verb:set package 'rosbot_description' build argument 'ament_cmake_args' from command line to 'None'
[1.806s] Level 5:colcon.colcon_core.verb:set package 'rosbot_description' build argument 'catkin_cmake_args' from command line to 'None'
[1.807s] Level 5:colcon.colcon_core.verb:set package 'rosbot_description' build argument 'catkin_skip_building_tests' from command line to 'False'
[1.807s] DEBUG:colcon.colcon_core.verb:Building package 'rosbot_description' with the following arguments: {'ament_cmake_args': None, 'build_base': '/home/user/ros2_ws/build/rosbot_description', 'catkin_cmake_args': None, 'catkin_skip_building_tests': False, 'cmake_args': None, 'cmake_clean_cache': False, 'cmake_clean_first': False, 'cmake_force_configure': False, 'cmake_target': None, 'cmake_target_skip_unavailable': False, 'install_base': '/home/user/ros2_ws/install/rosbot_description', 'merge_install': False, 'path': '/home/user/ros2_ws/src/rosbot_description', 'symlink_install': False, 'test_result_base': None}
[1.807s] Level 5:colcon.colcon_core.verb:set package 'rosbot_mk3_description' build argument 'cmake_args' from command line to 'None'
[1.807s] Level 5:colcon.colcon_core.verb:set package 'rosbot_mk3_description' build argument 'cmake_target' from command line to 'None'
[1.807s] Level 5:colcon.colcon_core.verb:set package 'rosbot_mk3_description' build argument 'cmake_target_skip_unavailable' from command line to 'False'
[1.807s] Level 5:colcon.colcon_core.verb:set package 'rosbot_mk3_description' build argument 'cmake_clean_cache' from command line to 'False'
[1.807s] Level 5:colcon.colcon_core.verb:set package 'rosbot_mk3_description' build argument 'cmake_clean_first' from command line to 'False'
[1.807s] Level 5:colcon.colcon_core.verb:set package 'rosbot_mk3_description' build argument 'cmake_force_configure' from command line to 'False'
[1.807s] Level 5:colcon.colcon_core.verb:set package 'rosbot_mk3_description' build argument 'ament_cmake_args' from command line to 'None'
[1.807s] Level 5:colcon.colcon_core.verb:set package 'rosbot_mk3_description' build argument 'catkin_cmake_args' from command line to 'None'
[1.807s] Level 5:colcon.colcon_core.verb:set package 'rosbot_mk3_description' build argument 'catkin_skip_building_tests' from command line to 'False'
[1.807s] DEBUG:colcon.colcon_core.verb:Building package 'rosbot_mk3_description' with the following arguments: {'ament_cmake_args': None, 'build_base': '/home/user/ros2_ws/build/rosbot_mk3_description', 'catkin_cmake_args': None, 'catkin_skip_building_tests': False, 'cmake_args': None, 'cmake_clean_cache': False, 'cmake_clean_first': False, 'cmake_force_configure': False, 'cmake_target': None, 'cmake_target_skip_unavailable': False, 'install_base': '/home/user/ros2_ws/install/rosbot_mk3_description', 'merge_install': False, 'path': '/home/user/ros2_ws/src/rosbot_mk3_description', 'symlink_install': False, 'test_result_base': None}
[1.807s] INFO:colcon.colcon_core.executor:Executing jobs using 'parallel' executor
[1.873s] DEBUG:colcon.colcon_parallel_executor.executor.parallel:run_until_complete
[1.873s] INFO:colcon.colcon_ros.task.ament_python.build:Building ROS package in '/home/user/ros2_ws/src/ARM_MK1_description' with build type 'ament_python'
[1.873s] Level 1:colcon.colcon_core.shell:create_environment_hook('ARM_MK1_description', 'ament_prefix_path')
[1.883s] INFO:colcon.colcon_core.plugin_system:Skipping extension 'colcon_core.shell.bat': Not used on non-Windows systems
[1.885s] INFO:colcon.colcon_core.shell:Creating environment hook '/home/user/ros2_ws/install/ARM_MK1_description/share/ARM_MK1_description/hook/ament_prefix_path.ps1'
[1.886s] INFO:colcon.colcon_core.shell:Creating environment descriptor '/home/user/ros2_ws/install/ARM_MK1_description/share/ARM_MK1_description/hook/ament_prefix_path.dsv'
[1.886s] INFO:colcon.colcon_core.shell:Creating environment hook '/home/user/ros2_ws/install/ARM_MK1_description/share/ARM_MK1_description/hook/ament_prefix_path.sh'
[1.887s] INFO:colcon.colcon_core.shell:Skip shell extension 'powershell' for command environment: Not usable outside of PowerShell
[1.887s] DEBUG:colcon.colcon_core.shell:Skip shell extension 'dsv' for command environment
[1.902s] INFO:colcon.colcon_ros.task.ament_python.build:Building ROS package in '/home/user/ros2_ws/src/bullet_arm_description' with build type 'ament_python'
[1.904s] Level 1:colcon.colcon_core.shell:create_environment_hook('bullet_arm_description', 'ament_prefix_path')
[1.905s] INFO:colcon.colcon_core.shell:Creating environment hook '/home/user/ros2_ws/install/bullet_arm_description/share/bullet_arm_description/hook/ament_prefix_path.ps1'
[1.971s] INFO:colcon.colcon_core.shell:Creating environment descriptor '/home/user/ros2_ws/install/bullet_arm_description/share/bullet_arm_description/hook/ament_prefix_path.dsv'
[1.972s] INFO:colcon.colcon_core.shell:Creating environment hook '/home/user/ros2_ws/install/bullet_arm_description/share/bullet_arm_description/hook/ament_prefix_path.sh'
[1.972s] INFO:colcon.colcon_core.shell:Skip shell extension 'powershell' for command environment: Not usable outside of PowerShell
[1.972s] DEBUG:colcon.colcon_core.shell:Skip shell extension 'dsv' for command environment
[1.990s] INFO:colcon.colcon_ros.task.ament_python.build:Building ROS package in '/home/user/ros2_ws/src/oppressor_mk1_description' with build type 'ament_python'
[1.990s] Level 1:colcon.colcon_core.shell:create_environment_hook('oppressor_mk1_description', 'ament_prefix_path')
[1.991s] INFO:colcon.colcon_core.shell:Creating environment hook '/home/user/ros2_ws/install/oppressor_mk1_description/share/oppressor_mk1_description/hook/ament_prefix_path.ps1'
[1.991s] INFO:colcon.colcon_core.shell:Creating environment descriptor '/home/user/ros2_ws/install/oppressor_mk1_description/share/oppressor_mk1_description/hook/ament_prefix_path.dsv'
[1.992s] INFO:colcon.colcon_core.shell:Creating environment hook '/home/user/ros2_ws/install/oppressor_mk1_description/share/oppressor_mk1_description/hook/ament_prefix_path.sh'
[1.993s] INFO:colcon.colcon_core.shell:Skip shell extension 'powershell' for command environment: Not usable outside of PowerShell
[1.993s] DEBUG:colcon.colcon_core.shell:Skip shell extension 'dsv' for command environment
[2.002s] INFO:colcon.colcon_ros.task.ament_python.build:Building ROS package in '/home/user/ros2_ws/src/oppressor_mk3_description' with build type 'ament_python'
[2.002s] Level 1:colcon.colcon_core.shell:create_environment_hook('oppressor_mk3_description', 'ament_prefix_path')
[2.003s] INFO:colcon.colcon_core.shell:Creating environment hook '/home/user/ros2_ws/install/oppressor_mk3_description/share/oppressor_mk3_description/hook/ament_prefix_path.ps1'
[2.003s] INFO:colcon.colcon_core.shell:Creating environment descriptor '/home/user/ros2_ws/install/oppressor_mk3_description/share/oppressor_mk3_description/hook/ament_prefix_path.dsv'
[2.004s] INFO:colcon.colcon_core.shell:Creating environment hook '/home/user/ros2_ws/install/oppressor_mk3_description/share/oppressor_mk3_description/hook/ament_prefix_path.sh'
[2.005s] INFO:colcon.colcon_core.shell:Skip shell extension 'powershell' for command environment: Not usable outside of PowerShell
[2.005s] DEBUG:colcon.colcon_core.shell:Skip shell extension 'dsv' for command environment
[2.076s] INFO:colcon.colcon_ros.task.ament_python.build:Building ROS package in '/home/user/ros2_ws/src/qube_1_description' with build type 'ament_python'
[2.076s] Level 1:colcon.colcon_core.shell:create_environment_hook('qube_1_description', 'ament_prefix_path')
[2.076s] INFO:colcon.colcon_core.shell:Creating environment hook '/home/user/ros2_ws/install/qube_1_description/share/qube_1_description/hook/ament_prefix_path.ps1'
[2.077s] INFO:colcon.colcon_core.shell:Creating environment descriptor '/home/user/ros2_ws/install/qube_1_description/share/qube_1_description/hook/ament_prefix_path.dsv'
[2.078s] INFO:colcon.colcon_core.shell:Creating environment hook '/home/user/ros2_ws/install/qube_1_description/share/qube_1_description/hook/ament_prefix_path.sh'
[2.079s] INFO:colcon.colcon_core.shell:Skip shell extension 'powershell' for command environment: Not usable outside of PowerShell
[2.079s] DEBUG:colcon.colcon_core.shell:Skip shell extension 'dsv' for command environment
[2.089s] INFO:colcon.colcon_core.task.python.build:Building Python package in '/home/user/ros2_ws/src/r_arm_description'
[2.089s] INFO:colcon.colcon_core.shell:Skip shell extension 'powershell' for command environment: Not usable outside of PowerShell
[2.089s] DEBUG:colcon.colcon_core.shell:Skip shell extension 'dsv' for command environment
[2.099s] INFO:colcon.colcon_ros.task.ament_python.build:Building ROS package in '/home/user/ros2_ws/src/robot_mk1_description' with build type 'ament_python'
[2.099s] Level 1:colcon.colcon_core.shell:create_environment_hook('robot_mk1_description', 'ament_prefix_path')
[2.099s] INFO:colcon.colcon_core.shell:Creating environment hook '/home/user/ros2_ws/install/robot_mk1_description/share/robot_mk1_description/hook/ament_prefix_path.ps1'
[2.100s] INFO:colcon.colcon_core.shell:Creating environment descriptor '/home/user/ros2_ws/install/robot_mk1_description/share/robot_mk1_description/hook/ament_prefix_path.dsv'
[2.101s] INFO:colcon.colcon_core.shell:Creating environment hook '/home/user/ros2_ws/install/robot_mk1_description/share/robot_mk1_description/hook/ament_prefix_path.sh'
[2.101s] INFO:colcon.colcon_core.shell:Skip shell extension 'powershell' for command environment: Not usable outside of PowerShell
[2.101s] DEBUG:colcon.colcon_core.shell:Skip shell extension 'dsv' for command environment
[2.171s] INFO:colcon.colcon_ros.task.ament_python.build:Building ROS package in '/home/user/ros2_ws/src/robot_urdf_description' with build type 'ament_python'
[2.171s] Level 1:colcon.colcon_core.shell:create_environment_hook('robot_urdf_description', 'ament_prefix_path')
[2.172s] INFO:colcon.colcon_core.shell:Creating environment hook '/home/user/ros2_ws/install/robot_urdf_description/share/robot_urdf_description/hook/ament_prefix_path.ps1'
[2.172s] INFO:colcon.colcon_core.shell:Creating environment descriptor '/home/user/ros2_ws/install/robot_urdf_description/share/robot_urdf_description/hook/ament_prefix_path.dsv'
[2.173s] INFO:colcon.colcon_core.shell:Creating environment hook '/home/user/ros2_ws/install/robot_urdf_description/share/robot_urdf_description/hook/ament_prefix_path.sh'
[2.174s] INFO:colcon.colcon_core.shell:Skip shell extension 'powershell' for command environment: Not usable outside of PowerShell
[2.174s] DEBUG:colcon.colcon_core.shell:Skip shell extension 'dsv' for command environment
[3.092s] INFO:colcon.colcon_core.task.python.build:Building Python package in '/home/user/ros2_ws/src/ARM_MK1_description'
[3.093s] INFO:colcon.colcon_core.shell:Skip shell extension 'powershell' for command environment: Not usable outside of PowerShell
[3.093s] DEBUG:colcon.colcon_core.shell:Skip shell extension 'dsv' for command environment
[4.072s] INFO:colcon.colcon_core.task.python.build:Building Python package in '/home/user/ros2_ws/src/bullet_arm_description'
[4.072s] INFO:colcon.colcon_core.shell:Skip shell extension 'powershell' for command environment: Not usable outside of PowerShell
[4.072s] DEBUG:colcon.colcon_core.shell:Skip shell extension 'dsv' for command environment
[4.988s] INFO:colcon.colcon_core.task.python.build:Building Python package in '/home/user/ros2_ws/src/oppressor_mk1_description'
[4.989s] INFO:colcon.colcon_core.shell:Skip shell extension 'powershell' for command environment: Not usable outside of PowerShell
[4.989s] DEBUG:colcon.colcon_core.shell:Skip shell extension 'dsv' for command environment
[5.881s] INFO:colcon.colcon_core.task.python.build:Building Python package in '/home/user/ros2_ws/src/oppressor_mk3_description'
[5.881s] INFO:colcon.colcon_core.shell:Skip shell extension 'powershell' for command environment: Not usable outside of PowerShell
[5.881s] DEBUG:colcon.colcon_core.shell:Skip shell extension 'dsv' for command environment
[6.796s] INFO:colcon.colcon_core.task.python.build:Building Python package in '/home/user/ros2_ws/src/qube_1_description'
[6.796s] INFO:colcon.colcon_core.shell:Skip shell extension 'powershell' for command environment: Not usable outside of PowerShell
[6.796s] DEBUG:colcon.colcon_core.shell:Skip shell extension 'dsv' for command environment
[8.678s] INFO:colcon.colcon_core.task.python.build:Building Python package in '/home/user/ros2_ws/src/robot_mk1_description'
[8.679s] INFO:colcon.colcon_core.shell:Skip shell extension 'powershell' for command environment: Not usable outside of PowerShell
[8.679s] DEBUG:colcon.colcon_core.shell:Skip shell extension 'dsv' for command environment
[9.771s] INFO:colcon.colcon_core.task.python.build:Building Python package in '/home/user/ros2_ws/src/robot_urdf_description'
[9.771s] INFO:colcon.colcon_core.shell:Skip shell extension 'powershell' for command environment: Not usable outside of PowerShell
[9.771s] DEBUG:colcon.colcon_core.shell:Skip shell extension 'dsv' for command environment
[11.673s] DEBUG:colcon.colcon_core.event_handler.log_command:Invoking command in '/home/user/ros2_ws/src/r_arm_description': PYTHONPATH=/home/user/ros2_ws/build/r_arm_description/prefix_override:/usr/lib/python3/dist-packages/colcon_core/task/python/colcon_distutils_commands:/home/user/ros2_ws/install/r_arm_description/lib/python3.12/site-packages:${PYTHONPATH} _=/usr/bin/env /usr/bin/python3 -W ignore:setup.py install is deprecated -W ignore:easy_install command is deprecated setup.py egg_info --egg-base ../../build/r_arm_description build --build-base /home/user/ros2_ws/build/r_arm_description/build install --record /home/user/ros2_ws/build/r_arm_description/install.log --single-version-externally-managed install_data
[15.189s] DEBUG:colcon.colcon_core.event_handler.log_command:Invoking command in '/home/user/ros2_ws/src/oppressor_mk1_description': PYTHONPATH=/home/user/ros2_ws/build/oppressor_mk1_description/prefix_override:/usr/lib/python3/dist-packages/colcon_core/task/python/colcon_distutils_commands:/home/user/ros2_ws/install/oppressor_mk1_description/lib/python3.12/site-packages:${PYTHONPATH} _=/usr/bin/env /usr/bin/python3 -W ignore:setup.py install is deprecated -W ignore:easy_install command is deprecated setup.py egg_info --egg-base ../../build/oppressor_mk1_description build --build-base /home/user/ros2_ws/build/oppressor_mk1_description/build install --record /home/user/ros2_ws/build/oppressor_mk1_description/install.log --single-version-externally-managed install_data
[15.777s] DEBUG:colcon.colcon_core.event_handler.log_command:Invoking command in '/home/user/ros2_ws/src/bullet_arm_description': PYTHONPATH=/home/user/ros2_ws/build/bullet_arm_description/prefix_override:/usr/lib/python3/dist-packages/colcon_core/task/python/colcon_distutils_commands:/home/user/ros2_ws/install/bullet_arm_description/lib/python3.12/site-packages:${PYTHONPATH} _=/usr/bin/env /usr/bin/python3 -W ignore:setup.py install is deprecated -W ignore:easy_install command is deprecated setup.py egg_info --egg-base ../../build/bullet_arm_description build --build-base /home/user/ros2_ws/build/bullet_arm_description/build install --record /home/user/ros2_ws/build/bullet_arm_description/install.log --single-version-externally-managed install_data
[16.281s] DEBUG:colcon.colcon_core.event_handler.log_command:Invoking command in '/home/user/ros2_ws/src/robot_mk1_description': PYTHONPATH=/home/user/ros2_ws/build/robot_mk1_description/prefix_override:/usr/lib/python3/dist-packages/colcon_core/task/python/colcon_distutils_commands:/home/user/ros2_ws/install/robot_mk1_description/lib/python3.12/site-packages:${PYTHONPATH} _=/usr/bin/env /usr/bin/python3 -W ignore:setup.py install is deprecated -W ignore:easy_install command is deprecated setup.py egg_info --egg-base ../../build/robot_mk1_description build --build-base /home/user/ros2_ws/build/robot_mk1_description/build install --record /home/user/ros2_ws/build/robot_mk1_description/install.log --single-version-externally-managed install_data
[16.673s] DEBUG:colcon.colcon_core.event_handler.log_command:Invoking command in '/home/user/ros2_ws/src/qube_1_description': PYTHONPATH=/home/user/ros2_ws/build/qube_1_description/prefix_override:/usr/lib/python3/dist-packages/colcon_core/task/python/colcon_distutils_commands:/home/user/ros2_ws/install/qube_1_description/lib/python3.12/site-packages:${PYTHONPATH} _=/usr/bin/env /usr/bin/python3 -W ignore:setup.py install is deprecated -W ignore:easy_install command is deprecated setup.py egg_info --egg-base ../../build/qube_1_description build --build-base /home/user/ros2_ws/build/qube_1_description/build install --record /home/user/ros2_ws/build/qube_1_description/install.log --single-version-externally-managed install_data
[16.776s] DEBUG:colcon.colcon_core.event_handler.log_command:Invoking command in '/home/user/ros2_ws/src/ARM_MK1_description': PYTHONPATH=/home/user/ros2_ws/build/ARM_MK1_description/prefix_override:/usr/lib/python3/dist-packages/colcon_core/task/python/colcon_distutils_commands:/home/user/ros2_ws/install/ARM_MK1_description/lib/python3.12/site-packages:${PYTHONPATH} _=/usr/bin/env /usr/bin/python3 -W ignore:setup.py install is deprecated -W ignore:easy_install command is deprecated setup.py egg_info --egg-base ../../build/ARM_MK1_description build --build-base /home/user/ros2_ws/build/ARM_MK1_description/build install --record /home/user/ros2_ws/build/ARM_MK1_description/install.log --single-version-externally-managed install_data
[16.894s] DEBUG:colcon.colcon_core.event_handler.log_command:Invoking command in '/home/user/ros2_ws/src/oppressor_mk3_description': PYTHONPATH=/home/user/ros2_ws/build/oppressor_mk3_description/prefix_override:/usr/lib/python3/dist-packages/colcon_core/task/python/colcon_distutils_commands:/home/user/ros2_ws/install/oppressor_mk3_description/lib/python3.12/site-packages:${PYTHONPATH} _=/usr/bin/env /usr/bin/python3 -W ignore:setup.py install is deprecated -W ignore:easy_install command is deprecated setup.py egg_info --egg-base ../../build/oppressor_mk3_description build --build-base /home/user/ros2_ws/build/oppressor_mk3_description/build install --record /home/user/ros2_ws/build/oppressor_mk3_description/install.log --single-version-externally-managed install_data
[17.193s] Level 1:colcon.colcon_core.environment:checking '/home/user/ros2_ws/install/r_arm_description' for CMake module files
[17.194s] Level 1:colcon.colcon_core.environment:checking '/home/user/ros2_ws/install/r_arm_description' for CMake config files
[17.193s] DEBUG:colcon.colcon_core.event_handler.log_command:Invoked command in '/home/user/ros2_ws/src/r_arm_description' returned '0': PYTHONPATH=/home/user/ros2_ws/build/r_arm_description/prefix_override:/usr/lib/python3/dist-packages/colcon_core/task/python/colcon_distutils_commands:/home/user/ros2_ws/install/r_arm_description/lib/python3.12/site-packages:${PYTHONPATH} _=/usr/bin/env /usr/bin/python3 -W ignore:setup.py install is deprecated -W ignore:easy_install command is deprecated setup.py egg_info --egg-base ../../build/r_arm_description build --build-base /home/user/ros2_ws/build/r_arm_description/build install --record /home/user/ros2_ws/build/r_arm_description/install.log --single-version-externally-managed install_data
[17.195s] Level 1:colcon.colcon_core.environment:checking '/home/user/ros2_ws/install/r_arm_description/lib'
[17.196s] Level 1:colcon.colcon_core.environment:checking '/home/user/ros2_ws/install/r_arm_description/bin'
[17.196s] Level 1:colcon.colcon_core.environment:checking '/home/user/ros2_ws/install/r_arm_description/lib/pkgconfig/r_arm_description.pc'
[17.196s] Level 1:colcon.colcon_core.environment:checking '/home/user/ros2_ws/install/r_arm_description/lib/python3.12/site-packages'
[17.196s] Level 1:colcon.colcon_core.shell:create_environment_hook('r_arm_description', 'pythonpath')
[17.197s] INFO:colcon.colcon_core.shell:Creating environment hook '/home/user/ros2_ws/install/r_arm_description/share/r_arm_description/hook/pythonpath.ps1'
[17.198s] INFO:colcon.colcon_core.shell:Creating environment descriptor '/home/user/ros2_ws/install/r_arm_description/share/r_arm_description/hook/pythonpath.dsv'
[17.198s] INFO:colcon.colcon_core.shell:Creating environment hook '/home/user/ros2_ws/install/r_arm_description/share/r_arm_description/hook/pythonpath.sh'
[17.199s] Level 1:colcon.colcon_core.environment:checking '/home/user/ros2_ws/install/r_arm_description/bin'
[17.200s] Level 1:colcon.colcon_core.environment:create_environment_scripts_only(r_arm_description)
[17.200s] INFO:colcon.colcon_core.shell:Creating package script '/home/user/ros2_ws/install/r_arm_description/share/r_arm_description/package.ps1'
[17.201s] INFO:colcon.colcon_core.shell:Creating package descriptor '/home/user/ros2_ws/install/r_arm_description/share/r_arm_description/package.dsv'
[17.202s] INFO:colcon.colcon_core.shell:Creating package script '/home/user/ros2_ws/install/r_arm_description/share/r_arm_description/package.sh'
[17.202s] INFO:colcon.colcon_core.shell:Creating package script '/home/user/ros2_ws/install/r_arm_description/share/r_arm_description/package.bash'
[17.271s] INFO:colcon.colcon_core.shell:Creating package script '/home/user/ros2_ws/install/r_arm_description/share/r_arm_description/package.zsh'
[17.272s] Level 1:colcon.colcon_core.environment:create_file_with_runtime_dependencies(/home/user/ros2_ws/install/r_arm_description/share/colcon-core/packages/r_arm_description)
[17.272s] INFO:colcon.colcon_ros.task.ament_cmake.build:Building ROS package in '/home/user/ros2_ws/src/rosbot_api' with build type 'ament_cmake'
[17.273s] INFO:colcon.colcon_cmake.task.cmake.build:Building CMake package in '/home/user/ros2_ws/src/rosbot_api'
[17.275s] INFO:colcon.colcon_core.shell:Skip shell extension 'powershell' for command environment: Not usable outside of PowerShell
[17.275s] DEBUG:colcon.colcon_core.shell:Skip shell extension 'dsv' for command environment
[17.379s] DEBUG:colcon.colcon_core.event_handler.log_command:Invoking command in '/home/user/ros2_ws/build/rosbot_api': CMAKE_PREFIX_PATH=${CMAKE_PREFIX_PATH}:/home/user/ros2_ws/install/rosbot_mk3_description:/home/user/ros2_ws/install/rosbot_description:/home/user/ros2_ws/install/robot_urdf_description:/home/user/ros2_ws/install/robot_mk1_description:/home/user/ros2_ws/install/qube_1_description:/home/user/ros2_ws/install/oppressor_mk3_description:/home/user/ros2_ws/install/oppressor_mk1_description:/home/user/ros2_ws/install/bullet_arm_description:/home/user/ros2_ws/install/ARM_MK1_description:/opt/ros/jazzy _=/usr/bin/env /usr/bin/cmake --build /home/user/ros2_ws/build/rosbot_api -- -j8 -l8
[17.487s] DEBUG:colcon.colcon_core.event_handler.log_command:Invoking command in '/home/user/ros2_ws/src/robot_urdf_description': PYTHONPATH=/home/user/ros2_ws/build/robot_urdf_description/prefix_override:/usr/lib/python3/dist-packages/colcon_core/task/python/colcon_distutils_commands:/home/user/ros2_ws/install/robot_urdf_description/lib/python3.12/site-packages:${PYTHONPATH} _=/usr/bin/env /usr/bin/python3 -W ignore:setup.py install is deprecated -W ignore:easy_install command is deprecated setup.py egg_info --egg-base ../../build/robot_urdf_description build --build-base /home/user/ros2_ws/build/robot_urdf_description/build install --record /home/user/ros2_ws/build/robot_urdf_description/install.log --single-version-externally-managed install_data
[20.293s] Level 1:colcon.colcon_core.environment:checking '/home/user/ros2_ws/install/oppressor_mk1_description' for CMake module files
[20.294s] Level 1:colcon.colcon_core.environment:checking '/home/user/ros2_ws/install/oppressor_mk1_description' for CMake config files
[20.296s] Level 1:colcon.colcon_core.environment:checking '/home/user/ros2_ws/install/oppressor_mk1_description/lib'
[20.297s] Level 1:colcon.colcon_core.environment:checking '/home/user/ros2_ws/install/oppressor_mk1_description/bin'
[20.298s] Level 1:colcon.colcon_core.environment:checking '/home/user/ros2_ws/install/oppressor_mk1_description/lib/pkgconfig/oppressor_mk1_description.pc'
[20.298s] Level 1:colcon.colcon_core.environment:checking '/home/user/ros2_ws/install/oppressor_mk1_description/lib/python3.12/site-packages'
[20.375s] Level 1:colcon.colcon_core.shell:create_environment_hook('oppressor_mk1_description', 'pythonpath')
[20.374s] DEBUG:colcon.colcon_core.event_handler.log_command:Invoked command in '/home/user/ros2_ws/src/oppressor_mk1_description' returned '0': PYTHONPATH=/home/user/ros2_ws/build/oppressor_mk1_description/prefix_override:/usr/lib/python3/dist-packages/colcon_core/task/python/colcon_distutils_commands:/home/user/ros2_ws/install/oppressor_mk1_description/lib/python3.12/site-packages:${PYTHONPATH} _=/usr/bin/env /usr/bin/python3 -W ignore:setup.py install is deprecated -W ignore:easy_install command is deprecated setup.py egg_info --egg-base ../../build/oppressor_mk1_description build --build-base /home/user/ros2_ws/build/oppressor_mk1_description/build install --record /home/user/ros2_ws/build/oppressor_mk1_description/install.log --single-version-externally-managed install_data
[20.375s] INFO:colcon.colcon_core.shell:Creating environment hook '/home/user/ros2_ws/install/oppressor_mk1_description/share/oppressor_mk1_description/hook/pythonpath.ps1'
[20.377s] INFO:colcon.colcon_core.shell:Creating environment descriptor '/home/user/ros2_ws/install/oppressor_mk1_description/share/oppressor_mk1_description/hook/pythonpath.dsv'
[20.378s] INFO:colcon.colcon_core.shell:Creating environment hook '/home/user/ros2_ws/install/oppressor_mk1_description/share/oppressor_mk1_description/hook/pythonpath.sh'
[20.381s] Level 1:colcon.colcon_core.environment:checking '/home/user/ros2_ws/install/oppressor_mk1_description/bin'
[20.381s] Level 1:colcon.colcon_core.environment:create_environment_scripts_only(oppressor_mk1_description)
[20.381s] INFO:colcon.colcon_core.shell:Creating package script '/home/user/ros2_ws/install/oppressor_mk1_description/share/oppressor_mk1_description/package.ps1'
[20.382s] INFO:colcon.colcon_core.shell:Creating package descriptor '/home/user/ros2_ws/install/oppressor_mk1_description/share/oppressor_mk1_description/package.dsv'
[20.383s] INFO:colcon.colcon_core.shell:Creating package script '/home/user/ros2_ws/install/oppressor_mk1_description/share/oppressor_mk1_description/package.sh'
[20.384s] INFO:colcon.colcon_core.shell:Creating package script '/home/user/ros2_ws/install/oppressor_mk1_description/share/oppressor_mk1_description/package.bash'
[20.384s] INFO:colcon.colcon_core.shell:Creating package script '/home/user/ros2_ws/install/oppressor_mk1_description/share/oppressor_mk1_description/package.zsh'
[20.385s] Level 1:colcon.colcon_core.environment:create_file_with_runtime_dependencies(/home/user/ros2_ws/install/oppressor_mk1_description/share/colcon-core/packages/oppressor_mk1_description)
[20.387s] DEBUG:colcon.colcon_core.event_handler.log_command:Invoked command in '/home/user/ros2_ws/build/rosbot_api' returned '0': CMAKE_PREFIX_PATH=${CMAKE_PREFIX_PATH}:/home/user/ros2_ws/install/rosbot_mk3_description:/home/user/ros2_ws/install/rosbot_description:/home/user/ros2_ws/install/robot_urdf_description:/home/user/ros2_ws/install/robot_mk1_description:/home/user/ros2_ws/install/qube_1_description:/home/user/ros2_ws/install/oppressor_mk3_description:/home/user/ros2_ws/install/oppressor_mk1_description:/home/user/ros2_ws/install/bullet_arm_description:/home/user/ros2_ws/install/ARM_MK1_description:/opt/ros/jazzy _=/usr/bin/env /usr/bin/cmake --build /home/user/ros2_ws/build/rosbot_api -- -j8 -l8
[20.577s] DEBUG:colcon.colcon_core.event_handler.log_command:Invoking command in '/home/user/ros2_ws/build/rosbot_api': CMAKE_PREFIX_PATH=${CMAKE_PREFIX_PATH}:/home/user/ros2_ws/install/rosbot_mk3_description:/home/user/ros2_ws/install/rosbot_description:/home/user/ros2_ws/install/robot_urdf_description:/home/user/ros2_ws/install/robot_mk1_description:/home/user/ros2_ws/install/qube_1_description:/home/user/ros2_ws/install/oppressor_mk3_description:/home/user/ros2_ws/install/oppressor_mk1_description:/home/user/ros2_ws/install/bullet_arm_description:/home/user/ros2_ws/install/ARM_MK1_description:/opt/ros/jazzy _=/usr/bin/env /usr/bin/cmake --install /home/user/ros2_ws/build/rosbot_api
[20.594s] INFO:colcon.colcon_ros.task.ament_python.build:Building ROS package in '/home/user/ros2_ws/src/rosbot_description' with build type 'ament_python'
[20.602s] Level 1:colcon.colcon_core.shell:create_environment_hook('rosbot_description', 'ament_prefix_path')
[20.604s] INFO:colcon.colcon_core.shell:Creating environment hook '/home/user/ros2_ws/install/rosbot_description/share/rosbot_description/hook/ament_prefix_path.ps1'
[20.606s] INFO:colcon.colcon_core.shell:Creating environment descriptor '/home/user/ros2_ws/install/rosbot_description/share/rosbot_description/hook/ament_prefix_path.dsv'
[20.606s] INFO:colcon.colcon_core.shell:Creating environment hook '/home/user/ros2_ws/install/rosbot_description/share/rosbot_description/hook/ament_prefix_path.sh'
[20.607s] INFO:colcon.colcon_core.shell:Skip shell extension 'powershell' for command environment: Not usable outside of PowerShell
[20.607s] DEBUG:colcon.colcon_core.shell:Skip shell extension 'dsv' for command environment
[20.792s] Level 1:colcon.colcon_core.environment:checking '/home/user/ros2_ws/install/bullet_arm_description' for CMake module files
[20.795s] DEBUG:colcon.colcon_core.event_handler.log_command:Invoked command in '/home/user/ros2_ws/src/bullet_arm_description' returned '0': PYTHONPATH=/home/user/ros2_ws/build/bullet_arm_description/prefix_override:/usr/lib/python3/dist-packages/colcon_core/task/python/colcon_distutils_commands:/home/user/ros2_ws/install/bullet_arm_description/lib/python3.12/site-packages:${PYTHONPATH} _=/usr/bin/env /usr/bin/python3 -W ignore:setup.py install is deprecated -W ignore:easy_install command is deprecated setup.py egg_info --egg-base ../../build/bullet_arm_description build --build-base /home/user/ros2_ws/build/bullet_arm_description/build install --record /home/user/ros2_ws/build/bullet_arm_description/install.log --single-version-externally-managed install_data
[20.795s] Level 1:colcon.colcon_core.environment:checking '/home/user/ros2_ws/install/bullet_arm_description' for CMake config files
[20.796s] Level 1:colcon.colcon_core.environment:checking '/home/user/ros2_ws/install/bullet_arm_description/lib'
[20.796s] Level 1:colcon.colcon_core.environment:checking '/home/user/ros2_ws/install/bullet_arm_description/bin'
[20.797s] Level 1:colcon.colcon_core.environment:checking '/home/user/ros2_ws/install/bullet_arm_description/lib/pkgconfig/bullet_arm_description.pc'
[20.797s] Level 1:colcon.colcon_core.environment:checking '/home/user/ros2_ws/install/bullet_arm_description/lib/python3.12/site-packages'
[20.797s] Level 1:colcon.colcon_core.shell:create_environment_hook('bullet_arm_description', 'pythonpath')
[20.797s] INFO:colcon.colcon_core.shell:Creating environment hook '/home/user/ros2_ws/install/bullet_arm_description/share/bullet_arm_description/hook/pythonpath.ps1'
[20.798s] INFO:colcon.colcon_core.shell:Creating environment descriptor '/home/user/ros2_ws/install/bullet_arm_description/share/bullet_arm_description/hook/pythonpath.dsv'
[20.799s] INFO:colcon.colcon_core.shell:Creating environment hook '/home/user/ros2_ws/install/bullet_arm_description/share/bullet_arm_description/hook/pythonpath.sh'
[20.800s] Level 1:colcon.colcon_core.environment:checking '/home/user/ros2_ws/install/bullet_arm_description/bin'
[20.800s] Level 1:colcon.colcon_core.environment:create_environment_scripts_only(bullet_arm_description)
[20.801s] INFO:colcon.colcon_core.shell:Creating package script '/home/user/ros2_ws/install/bullet_arm_description/share/bullet_arm_description/package.ps1'
[20.802s] INFO:colcon.colcon_core.shell:Creating package descriptor '/home/user/ros2_ws/install/bullet_arm_description/share/bullet_arm_description/package.dsv'
[20.805s] INFO:colcon.colcon_core.shell:Creating package script '/home/user/ros2_ws/install/bullet_arm_description/share/bullet_arm_description/package.sh'
[20.805s] INFO:colcon.colcon_core.shell:Creating package script '/home/user/ros2_ws/install/bullet_arm_description/share/bullet_arm_description/package.bash'
[20.806s] INFO:colcon.colcon_core.shell:Creating package script '/home/user/ros2_ws/install/bullet_arm_description/share/bullet_arm_description/package.zsh'
[20.806s] Level 1:colcon.colcon_core.environment:create_file_with_runtime_dependencies(/home/user/ros2_ws/install/bullet_arm_description/share/colcon-core/packages/bullet_arm_description)
[20.808s] Level 1:colcon.colcon_core.environment:create_environment_scripts_only(rosbot_api)
[20.808s] Level 1:colcon.colcon_core.environment:checking '/home/user/ros2_ws/install/rosbot_api' for CMake module files
[20.809s] Level 1:colcon.colcon_core.environment:checking '/home/user/ros2_ws/install/rosbot_api' for CMake config files
[20.809s] Level 1:colcon.colcon_core.shell:create_environment_hook('rosbot_api', 'cmake_prefix_path')
[20.809s] INFO:colcon.colcon_core.shell:Creating environment hook '/home/user/ros2_ws/install/rosbot_api/share/rosbot_api/hook/cmake_prefix_path.ps1'
[20.810s] INFO:colcon.colcon_core.shell:Creating environment descriptor '/home/user/ros2_ws/install/rosbot_api/share/rosbot_api/hook/cmake_prefix_path.dsv'
[20.810s] INFO:colcon.colcon_core.shell:Creating environment hook '/home/user/ros2_ws/install/rosbot_api/share/rosbot_api/hook/cmake_prefix_path.sh'
[20.811s] Level 1:colcon.colcon_core.environment:checking '/home/user/ros2_ws/install/rosbot_api/lib'
[20.811s] Level 1:colcon.colcon_core.environment:checking '/home/user/ros2_ws/install/rosbot_api/bin'
[20.811s] Level 1:colcon.colcon_core.environment:checking '/home/user/ros2_ws/install/rosbot_api/lib/pkgconfig/rosbot_api.pc'
[20.874s] Level 1:colcon.colcon_core.environment:checking '/home/user/ros2_ws/install/rosbot_api/lib/python3.12/site-packages'
[20.875s] Level 1:colcon.colcon_core.environment:checking '/home/user/ros2_ws/install/rosbot_api/bin'
[20.875s] INFO:colcon.colcon_core.shell:Creating package script '/home/user/ros2_ws/install/rosbot_api/share/rosbot_api/package.ps1'
[20.878s] DEBUG:colcon.colcon_core.event_handler.log_command:Invoked command in '/home/user/ros2_ws/build/rosbot_api' returned '0': CMAKE_PREFIX_PATH=${CMAKE_PREFIX_PATH}:/home/user/ros2_ws/install/rosbot_mk3_description:/home/user/ros2_ws/install/rosbot_description:/home/user/ros2_ws/install/robot_urdf_description:/home/user/ros2_ws/install/robot_mk1_description:/home/user/ros2_ws/install/qube_1_description:/home/user/ros2_ws/install/oppressor_mk3_description:/home/user/ros2_ws/install/oppressor_mk1_description:/home/user/ros2_ws/install/bullet_arm_description:/home/user/ros2_ws/install/ARM_MK1_description:/opt/ros/jazzy _=/usr/bin/env /usr/bin/cmake --install /home/user/ros2_ws/build/rosbot_api
[20.878s] INFO:colcon.colcon_core.shell:Creating package descriptor '/home/user/ros2_ws/install/rosbot_api/share/rosbot_api/package.dsv'
[20.879s] INFO:colcon.colcon_core.shell:Creating package script '/home/user/ros2_ws/install/rosbot_api/share/rosbot_api/package.sh'
[20.880s] INFO:colcon.colcon_core.shell:Creating package script '/home/user/ros2_ws/install/rosbot_api/share/rosbot_api/package.bash'
[20.880s] INFO:colcon.colcon_core.shell:Creating package script '/home/user/ros2_ws/install/rosbot_api/share/rosbot_api/package.zsh'
[20.881s] Level 1:colcon.colcon_core.environment:create_file_with_runtime_dependencies(/home/user/ros2_ws/install/rosbot_api/share/colcon-core/packages/rosbot_api)
[20.884s] Level 1:colcon.colcon_core.environment:create_environment_scripts_only(rosbot_api)
[20.884s] Level 1:colcon.colcon_core.environment:checking '/home/user/ros2_ws/install/rosbot_api' for CMake module files
[20.885s] Level 1:colcon.colcon_core.environment:checking '/home/user/ros2_ws/install/rosbot_api' for CMake config files
[20.885s] Level 1:colcon.colcon_core.shell:create_environment_hook('rosbot_api', 'cmake_prefix_path')
[20.886s] INFO:colcon.colcon_core.shell:Creating environment hook '/home/user/ros2_ws/install/rosbot_api/share/rosbot_api/hook/cmake_prefix_path.ps1'
[20.886s] INFO:colcon.colcon_core.shell:Creating environment descriptor '/home/user/ros2_ws/install/rosbot_api/share/rosbot_api/hook/cmake_prefix_path.dsv'
[20.887s] INFO:colcon.colcon_core.shell:Creating environment hook '/home/user/ros2_ws/install/rosbot_api/share/rosbot_api/hook/cmake_prefix_path.sh'
[20.894s] Level 1:colcon.colcon_core.environment:checking '/home/user/ros2_ws/install/rosbot_api/lib'
[20.894s] Level 1:colcon.colcon_core.environment:checking '/home/user/ros2_ws/install/rosbot_api/bin'
[20.894s] Level 1:colcon.colcon_core.environment:checking '/home/user/ros2_ws/install/rosbot_api/lib/pkgconfig/rosbot_api.pc'
[20.895s] Level 1:colcon.colcon_core.environment:checking '/home/user/ros2_ws/install/rosbot_api/lib/python3.12/site-packages'
[20.895s] Level 1:colcon.colcon_core.environment:checking '/home/user/ros2_ws/install/rosbot_api/bin'
[20.895s] INFO:colcon.colcon_core.shell:Creating package script '/home/user/ros2_ws/install/rosbot_api/share/rosbot_api/package.ps1'
[20.896s] INFO:colcon.colcon_core.shell:Creating package descriptor '/home/user/ros2_ws/install/rosbot_api/share/rosbot_api/package.dsv'
[20.899s] INFO:colcon.colcon_core.shell:Creating package script '/home/user/ros2_ws/install/rosbot_api/share/rosbot_api/package.sh'
[20.901s] INFO:colcon.colcon_core.shell:Creating package script '/home/user/ros2_ws/install/rosbot_api/share/rosbot_api/package.bash'
[20.903s] INFO:colcon.colcon_core.shell:Creating package script '/home/user/ros2_ws/install/rosbot_api/share/rosbot_api/package.zsh'
[20.973s] Level 1:colcon.colcon_core.environment:create_file_with_runtime_dependencies(/home/user/ros2_ws/install/rosbot_api/share/colcon-core/packages/rosbot_api)
[20.974s] INFO:colcon.colcon_ros.task.ament_python.build:Building ROS package in '/home/user/ros2_ws/src/rosbot_mk3_description' with build type 'ament_python'
[20.975s] Level 1:colcon.colcon_core.shell:create_environment_hook('rosbot_mk3_description', 'ament_prefix_path')
[20.975s] INFO:colcon.colcon_core.shell:Creating environment hook '/home/user/ros2_ws/install/rosbot_mk3_description/share/rosbot_mk3_description/hook/ament_prefix_path.ps1'
[20.976s] INFO:colcon.colcon_core.shell:Creating environment descriptor '/home/user/ros2_ws/install/rosbot_mk3_description/share/rosbot_mk3_description/hook/ament_prefix_path.dsv'
[20.983s] INFO:colcon.colcon_core.shell:Creating environment hook '/home/user/ros2_ws/install/rosbot_mk3_description/share/rosbot_mk3_description/hook/ament_prefix_path.sh'
[20.985s] INFO:colcon.colcon_core.shell:Skip shell extension 'powershell' for command environment: Not usable outside of PowerShell
[20.985s] DEBUG:colcon.colcon_core.shell:Skip shell extension 'dsv' for command environment
[22.502s] INFO:colcon.colcon_core.task.python.build:Building Python package in '/home/user/ros2_ws/src/rosbot_description'
[22.503s] INFO:colcon.colcon_core.shell:Skip shell extension 'powershell' for command environment: Not usable outside of PowerShell
[22.503s] DEBUG:colcon.colcon_core.shell:Skip shell extension 'dsv' for command environment
[22.573s] Level 1:colcon.colcon_core.environment:checking '/home/user/ros2_ws/install/robot_mk1_description' for CMake module files
[22.574s] DEBUG:colcon.colcon_core.event_handler.log_command:Invoked command in '/home/user/ros2_ws/src/robot_mk1_description' returned '0': PYTHONPATH=/home/user/ros2_ws/build/robot_mk1_description/prefix_override:/usr/lib/python3/dist-packages/colcon_core/task/python/colcon_distutils_commands:/home/user/ros2_ws/install/robot_mk1_description/lib/python3.12/site-packages:${PYTHONPATH} _=/usr/bin/env /usr/bin/python3 -W ignore:setup.py install is deprecated -W ignore:easy_install command is deprecated setup.py egg_info --egg-base ../../build/robot_mk1_description build --build-base /home/user/ros2_ws/build/robot_mk1_description/build install --record /home/user/ros2_ws/build/robot_mk1_description/install.log --single-version-externally-managed install_data
[22.575s] Level 1:colcon.colcon_core.environment:checking '/home/user/ros2_ws/install/robot_mk1_description' for CMake config files
[22.576s] Level 1:colcon.colcon_core.environment:checking '/home/user/ros2_ws/install/robot_mk1_description/lib'
[22.576s] Level 1:colcon.colcon_core.environment:checking '/home/user/ros2_ws/install/robot_mk1_description/bin'
[22.576s] Level 1:colcon.colcon_core.environment:checking '/home/user/ros2_ws/install/robot_mk1_description/lib/pkgconfig/robot_mk1_description.pc'
[22.577s] Level 1:colcon.colcon_core.environment:checking '/home/user/ros2_ws/install/robot_mk1_description/lib/python3.12/site-packages'
[22.577s] Level 1:colcon.colcon_core.shell:create_environment_hook('robot_mk1_description', 'pythonpath')
[22.577s] INFO:colcon.colcon_core.shell:Creating environment hook '/home/user/ros2_ws/install/robot_mk1_description/share/robot_mk1_description/hook/pythonpath.ps1'
[22.578s] INFO:colcon.colcon_core.shell:Creating environment descriptor '/home/user/ros2_ws/install/robot_mk1_description/share/robot_mk1_description/hook/pythonpath.dsv'
[22.578s] INFO:colcon.colcon_core.shell:Creating environment hook '/home/user/ros2_ws/install/robot_mk1_description/share/robot_mk1_description/hook/pythonpath.sh'
[22.579s] Level 1:colcon.colcon_core.environment:checking '/home/user/ros2_ws/install/robot_mk1_description/bin'
[22.580s] Level 1:colcon.colcon_core.environment:create_environment_scripts_only(robot_mk1_description)
[22.580s] INFO:colcon.colcon_core.shell:Creating package script '/home/user/ros2_ws/install/robot_mk1_description/share/robot_mk1_description/package.ps1'
[22.581s] INFO:colcon.colcon_core.shell:Creating package descriptor '/home/user/ros2_ws/install/robot_mk1_description/share/robot_mk1_description/package.dsv'
[22.582s] INFO:colcon.colcon_core.shell:Creating package script '/home/user/ros2_ws/install/robot_mk1_description/share/robot_mk1_description/package.sh'
[22.583s] INFO:colcon.colcon_core.shell:Creating package script '/home/user/ros2_ws/install/robot_mk1_description/share/robot_mk1_description/package.bash'
[22.583s] INFO:colcon.colcon_core.shell:Creating package script '/home/user/ros2_ws/install/robot_mk1_description/share/robot_mk1_description/package.zsh'
[22.584s] Level 1:colcon.colcon_core.environment:create_file_with_runtime_dependencies(/home/user/ros2_ws/install/robot_mk1_description/share/colcon-core/packages/robot_mk1_description)
[22.584s] Level 1:colcon.colcon_core.environment:checking '/home/user/ros2_ws/install/ARM_MK1_description' for CMake module files
[22.586s] DEBUG:colcon.colcon_core.event_handler.log_command:Invoked command in '/home/user/ros2_ws/src/ARM_MK1_description' returned '0': PYTHONPATH=/home/user/ros2_ws/build/ARM_MK1_description/prefix_override:/usr/lib/python3/dist-packages/colcon_core/task/python/colcon_distutils_commands:/home/user/ros2_ws/install/ARM_MK1_description/lib/python3.12/site-packages:${PYTHONPATH} _=/usr/bin/env /usr/bin/python3 -W ignore:setup.py install is deprecated -W ignore:easy_install command is deprecated setup.py egg_info --egg-base ../../build/ARM_MK1_description build --build-base /home/user/ros2_ws/build/ARM_MK1_description/build install --record /home/user/ros2_ws/build/ARM_MK1_description/install.log --single-version-externally-managed install_data
[22.587s] Level 1:colcon.colcon_core.environment:checking '/home/user/ros2_ws/install/ARM_MK1_description' for CMake config files
[22.588s] Level 1:colcon.colcon_core.environment:checking '/home/user/ros2_ws/install/ARM_MK1_description/lib'
[22.588s] Level 1:colcon.colcon_core.environment:checking '/home/user/ros2_ws/install/ARM_MK1_description/bin'
[22.588s] Level 1:colcon.colcon_core.environment:checking '/home/user/ros2_ws/install/ARM_MK1_description/lib/pkgconfig/ARM_MK1_description.pc'
[22.588s] Level 1:colcon.colcon_core.environment:checking '/home/user/ros2_ws/install/ARM_MK1_description/lib/python3.12/site-packages'
[22.588s] Level 1:colcon.colcon_core.shell:create_environment_hook('ARM_MK1_description', 'pythonpath')
[22.588s] INFO:colcon.colcon_core.shell:Creating environment hook '/home/user/ros2_ws/install/ARM_MK1_description/share/ARM_MK1_description/hook/pythonpath.ps1'
[22.589s] INFO:colcon.colcon_core.shell:Creating environment descriptor '/home/user/ros2_ws/install/ARM_MK1_description/share/ARM_MK1_description/hook/pythonpath.dsv'
[22.589s] INFO:colcon.colcon_core.shell:Creating environment hook '/home/user/ros2_ws/install/ARM_MK1_description/share/ARM_MK1_description/hook/pythonpath.sh'
[22.590s] Level 1:colcon.colcon_core.environment:checking '/home/user/ros2_ws/install/ARM_MK1_description/bin'
[22.590s] Level 1:colcon.colcon_core.environment:create_environment_scripts_only(ARM_MK1_description)
[22.591s] INFO:colcon.colcon_core.shell:Creating package script '/home/user/ros2_ws/install/ARM_MK1_description/share/ARM_MK1_description/package.ps1'
[22.591s] INFO:colcon.colcon_core.shell:Creating package descriptor '/home/user/ros2_ws/install/ARM_MK1_description/share/ARM_MK1_description/package.dsv'
[22.592s] INFO:colcon.colcon_core.shell:Creating package script '/home/user/ros2_ws/install/ARM_MK1_description/share/ARM_MK1_description/package.sh'
[22.592s] INFO:colcon.colcon_core.shell:Creating package script '/home/user/ros2_ws/install/ARM_MK1_description/share/ARM_MK1_description/package.bash'
[22.593s] INFO:colcon.colcon_core.shell:Creating package script '/home/user/ros2_ws/install/ARM_MK1_description/share/ARM_MK1_description/package.zsh'
[22.593s] Level 1:colcon.colcon_core.environment:create_file_with_runtime_dependencies(/home/user/ros2_ws/install/ARM_MK1_description/share/colcon-core/packages/ARM_MK1_description)
[22.593s] Level 1:colcon.colcon_core.environment:checking '/home/user/ros2_ws/install/qube_1_description' for CMake module files
[22.595s] DEBUG:colcon.colcon_core.event_handler.log_command:Invoked command in '/home/user/ros2_ws/src/qube_1_description' returned '0': PYTHONPATH=/home/user/ros2_ws/build/qube_1_description/prefix_override:/usr/lib/python3/dist-packages/colcon_core/task/python/colcon_distutils_commands:/home/user/ros2_ws/install/qube_1_description/lib/python3.12/site-packages:${PYTHONPATH} _=/usr/bin/env /usr/bin/python3 -W ignore:setup.py install is deprecated -W ignore:easy_install command is deprecated setup.py egg_info --egg-base ../../build/qube_1_description build --build-base /home/user/ros2_ws/build/qube_1_description/build install --record /home/user/ros2_ws/build/qube_1_description/install.log --single-version-externally-managed install_data
[22.595s] Level 1:colcon.colcon_core.environment:checking '/home/user/ros2_ws/install/qube_1_description' for CMake config files
[22.596s] Level 1:colcon.colcon_core.environment:checking '/home/user/ros2_ws/install/qube_1_description/lib'
[22.596s] Level 1:colcon.colcon_core.environment:checking '/home/user/ros2_ws/install/qube_1_description/bin'
[22.596s] Level 1:colcon.colcon_core.environment:checking '/home/user/ros2_ws/install/qube_1_description/lib/pkgconfig/qube_1_description.pc'
[22.596s] Level 1:colcon.colcon_core.environment:checking '/home/user/ros2_ws/install/qube_1_description/lib/python3.12/site-packages'
[22.597s] Level 1:colcon.colcon_core.shell:create_environment_hook('qube_1_description', 'pythonpath')
[22.597s] INFO:colcon.colcon_core.shell:Creating environment hook '/home/user/ros2_ws/install/qube_1_description/share/qube_1_description/hook/pythonpath.ps1'
[22.597s] INFO:colcon.colcon_core.shell:Creating environment descriptor '/home/user/ros2_ws/install/qube_1_description/share/qube_1_description/hook/pythonpath.dsv'
[22.598s] INFO:colcon.colcon_core.shell:Creating environment hook '/home/user/ros2_ws/install/qube_1_description/share/qube_1_description/hook/pythonpath.sh'
[22.599s] Level 1:colcon.colcon_core.environment:checking '/home/user/ros2_ws/install/qube_1_description/bin'
[22.599s] Level 1:colcon.colcon_core.environment:create_environment_scripts_only(qube_1_description)
[22.599s] INFO:colcon.colcon_core.shell:Creating package script '/home/user/ros2_ws/install/qube_1_description/share/qube_1_description/package.ps1'
[22.600s] INFO:colcon.colcon_core.shell:Creating package descriptor '/home/user/ros2_ws/install/qube_1_description/share/qube_1_description/package.dsv'
[22.601s] INFO:colcon.colcon_core.shell:Creating package script '/home/user/ros2_ws/install/qube_1_description/share/qube_1_description/package.sh'
[22.602s] INFO:colcon.colcon_core.shell:Creating package script '/home/user/ros2_ws/install/qube_1_description/share/qube_1_description/package.bash'
[22.602s] INFO:colcon.colcon_core.shell:Creating package script '/home/user/ros2_ws/install/qube_1_description/share/qube_1_description/package.zsh'
[22.603s] Level 1:colcon.colcon_core.environment:create_file_with_runtime_dependencies(/home/user/ros2_ws/install/qube_1_description/share/colcon-core/packages/qube_1_description)
[22.603s] Level 1:colcon.colcon_core.environment:checking '/home/user/ros2_ws/install/robot_urdf_description' for CMake module files
[22.604s] DEBUG:colcon.colcon_core.event_handler.log_command:Invoked command in '/home/user/ros2_ws/src/robot_urdf_description' returned '0': PYTHONPATH=/home/user/ros2_ws/build/robot_urdf_description/prefix_override:/usr/lib/python3/dist-packages/colcon_core/task/python/colcon_distutils_commands:/home/user/ros2_ws/install/robot_urdf_description/lib/python3.12/site-packages:${PYTHONPATH} _=/usr/bin/env /usr/bin/python3 -W ignore:setup.py install is deprecated -W ignore:easy_install command is deprecated setup.py egg_info --egg-base ../../build/robot_urdf_description build --build-base /home/user/ros2_ws/build/robot_urdf_description/build install --record /home/user/ros2_ws/build/robot_urdf_description/install.log --single-version-externally-managed install_data
[22.606s] Level 1:colcon.colcon_core.environment:checking '/home/user/ros2_ws/install/robot_urdf_description' for CMake config files
[22.672s] Level 1:colcon.colcon_core.environment:checking '/home/user/ros2_ws/install/robot_urdf_description/lib'
[22.672s] Level 1:colcon.colcon_core.environment:checking '/home/user/ros2_ws/install/robot_urdf_description/bin'
[22.672s] Level 1:colcon.colcon_core.environment:checking '/home/user/ros2_ws/install/robot_urdf_description/lib/pkgconfig/robot_urdf_description.pc'
[22.673s] Level 1:colcon.colcon_core.environment:checking '/home/user/ros2_ws/install/robot_urdf_description/lib/python3.12/site-packages'
[22.673s] Level 1:colcon.colcon_core.shell:create_environment_hook('robot_urdf_description', 'pythonpath')
[22.673s] INFO:colcon.colcon_core.shell:Creating environment hook '/home/user/ros2_ws/install/robot_urdf_description/share/robot_urdf_description/hook/pythonpath.ps1'
[22.674s] INFO:colcon.colcon_core.shell:Creating environment descriptor '/home/user/ros2_ws/install/robot_urdf_description/share/robot_urdf_description/hook/pythonpath.dsv'
[22.674s] INFO:colcon.colcon_core.shell:Creating environment hook '/home/user/ros2_ws/install/robot_urdf_description/share/robot_urdf_description/hook/pythonpath.sh'
[22.675s] Level 1:colcon.colcon_core.environment:checking '/home/user/ros2_ws/install/robot_urdf_description/bin'
[22.675s] Level 1:colcon.colcon_core.environment:create_environment_scripts_only(robot_urdf_description)
[22.675s] INFO:colcon.colcon_core.shell:Creating package script '/home/user/ros2_ws/install/robot_urdf_description/share/robot_urdf_description/package.ps1'
[22.676s] INFO:colcon.colcon_core.shell:Creating package descriptor '/home/user/ros2_ws/install/robot_urdf_description/share/robot_urdf_description/package.dsv'
[22.676s] INFO:colcon.colcon_core.shell:Creating package script '/home/user/ros2_ws/install/robot_urdf_description/share/robot_urdf_description/package.sh'
[22.679s] INFO:colcon.colcon_core.shell:Creating package script '/home/user/ros2_ws/install/robot_urdf_description/share/robot_urdf_description/package.bash'
[22.680s] INFO:colcon.colcon_core.shell:Creating package script '/home/user/ros2_ws/install/robot_urdf_description/share/robot_urdf_description/package.zsh'
[22.680s] Level 1:colcon.colcon_core.environment:create_file_with_runtime_dependencies(/home/user/ros2_ws/install/robot_urdf_description/share/colcon-core/packages/robot_urdf_description)
[23.578s] INFO:colcon.colcon_core.task.python.build:Building Python package in '/home/user/ros2_ws/src/rosbot_mk3_description'
[23.579s] INFO:colcon.colcon_core.shell:Skip shell extension 'powershell' for command environment: Not usable outside of PowerShell
[23.579s] DEBUG:colcon.colcon_core.shell:Skip shell extension 'dsv' for command environment
[23.590s] Level 1:colcon.colcon_core.environment:checking '/home/user/ros2_ws/install/oppressor_mk3_description' for CMake module files
[23.591s] Level 1:colcon.colcon_core.environment:checking '/home/user/ros2_ws/install/oppressor_mk3_description' for CMake config files
[23.593s] Level 1:colcon.colcon_core.environment:checking '/home/user/ros2_ws/install/oppressor_mk3_description/lib'
[23.593s] DEBUG:colcon.colcon_core.event_handler.log_command:Invoked command in '/home/user/ros2_ws/src/oppressor_mk3_description' returned '0': PYTHONPATH=/home/user/ros2_ws/build/oppressor_mk3_description/prefix_override:/usr/lib/python3/dist-packages/colcon_core/task/python/colcon_distutils_commands:/home/user/ros2_ws/install/oppressor_mk3_description/lib/python3.12/site-packages:${PYTHONPATH} _=/usr/bin/env /usr/bin/python3 -W ignore:setup.py install is deprecated -W ignore:easy_install command is deprecated setup.py egg_info --egg-base ../../build/oppressor_mk3_description build --build-base /home/user/ros2_ws/build/oppressor_mk3_description/build install --record /home/user/ros2_ws/build/oppressor_mk3_description/install.log --single-version-externally-managed install_data
[23.593s] Level 1:colcon.colcon_core.environment:checking '/home/user/ros2_ws/install/oppressor_mk3_description/bin'
[23.593s] Level 1:colcon.colcon_core.environment:checking '/home/user/ros2_ws/install/oppressor_mk3_description/lib/pkgconfig/oppressor_mk3_description.pc'
[23.594s] Level 1:colcon.colcon_core.environment:checking '/home/user/ros2_ws/install/oppressor_mk3_description/lib/python3.12/site-packages'
[23.594s] Level 1:colcon.colcon_core.shell:create_environment_hook('oppressor_mk3_description', 'pythonpath')
[23.595s] INFO:colcon.colcon_core.shell:Creating environment hook '/home/user/ros2_ws/install/oppressor_mk3_description/share/oppressor_mk3_description/hook/pythonpath.ps1'
[23.595s] INFO:colcon.colcon_core.shell:Creating environment descriptor '/home/user/ros2_ws/install/oppressor_mk3_description/share/oppressor_mk3_description/hook/pythonpath.dsv'
[23.596s] INFO:colcon.colcon_core.shell:Creating environment hook '/home/user/ros2_ws/install/oppressor_mk3_description/share/oppressor_mk3_description/hook/pythonpath.sh'
[23.597s] Level 1:colcon.colcon_core.environment:checking '/home/user/ros2_ws/install/oppressor_mk3_description/bin'
[23.597s] Level 1:colcon.colcon_core.environment:create_environment_scripts_only(oppressor_mk3_description)
[23.597s] INFO:colcon.colcon_core.shell:Creating package script '/home/user/ros2_ws/install/oppressor_mk3_description/share/oppressor_mk3_description/package.ps1'
[23.598s] INFO:colcon.colcon_core.shell:Creating package descriptor '/home/user/ros2_ws/install/oppressor_mk3_description/share/oppressor_mk3_description/package.dsv'
[23.598s] INFO:colcon.colcon_core.shell:Creating package script '/home/user/ros2_ws/install/oppressor_mk3_description/share/oppressor_mk3_description/package.sh'
[23.599s] INFO:colcon.colcon_core.shell:Creating package script '/home/user/ros2_ws/install/oppressor_mk3_description/share/oppressor_mk3_description/package.bash'
[23.599s] INFO:colcon.colcon_core.shell:Creating package script '/home/user/ros2_ws/install/oppressor_mk3_description/share/oppressor_mk3_description/package.zsh'
[23.600s] Level 1:colcon.colcon_core.environment:create_file_with_runtime_dependencies(/home/user/ros2_ws/install/oppressor_mk3_description/share/colcon-core/packages/oppressor_mk3_description)
[26.285s] DEBUG:colcon.colcon_core.event_handler.log_command:Invoking command in '/home/user/ros2_ws/src/rosbot_mk3_description': PYTHONPATH=/home/user/ros2_ws/build/rosbot_mk3_description/prefix_override:/usr/lib/python3/dist-packages/colcon_core/task/python/colcon_distutils_commands:/home/user/ros2_ws/install/rosbot_mk3_description/lib/python3.12/site-packages:${PYTHONPATH} _=/usr/bin/env /usr/bin/python3 -W ignore:setup.py install is deprecated -W ignore:easy_install command is deprecated setup.py egg_info --egg-base ../../build/rosbot_mk3_description build --build-base /home/user/ros2_ws/build/rosbot_mk3_description/build install --record /home/user/ros2_ws/build/rosbot_mk3_description/install.log --single-version-externally-managed install_data
[26.291s] DEBUG:colcon.colcon_core.event_handler.log_command:Invoking command in '/home/user/ros2_ws/src/rosbot_description': PYTHONPATH=/home/user/ros2_ws/build/rosbot_description/prefix_override:/usr/lib/python3/dist-packages/colcon_core/task/python/colcon_distutils_commands:/home/user/ros2_ws/install/rosbot_description/lib/python3.12/site-packages:${PYTHONPATH} _=/usr/bin/env /usr/bin/python3 -W ignore:setup.py install is deprecated -W ignore:easy_install command is deprecated setup.py egg_info --egg-base ../../build/rosbot_description build --build-base /home/user/ros2_ws/build/rosbot_description/build install --record /home/user/ros2_ws/build/rosbot_description/install.log --single-version-externally-managed install_data
[28.780s] Level 1:colcon.colcon_core.environment:checking '/home/user/ros2_ws/install/rosbot_mk3_description' for CMake module files
[28.781s] DEBUG:colcon.colcon_core.event_handler.log_command:Invoked command in '/home/user/ros2_ws/src/rosbot_mk3_description' returned '0': PYTHONPATH=/home/user/ros2_ws/build/rosbot_mk3_description/prefix_override:/usr/lib/python3/dist-packages/colcon_core/task/python/colcon_distutils_commands:/home/user/ros2_ws/install/rosbot_mk3_description/lib/python3.12/site-packages:${PYTHONPATH} _=/usr/bin/env /usr/bin/python3 -W ignore:setup.py install is deprecated -W ignore:easy_install command is deprecated setup.py egg_info --egg-base ../../build/rosbot_mk3_description build --build-base /home/user/ros2_ws/build/rosbot_mk3_description/build install --record /home/user/ros2_ws/build/rosbot_mk3_description/install.log --single-version-externally-managed install_data
[28.782s] Level 1:colcon.colcon_core.environment:checking '/home/user/ros2_ws/install/rosbot_mk3_description' for CMake config files
[28.783s] Level 1:colcon.colcon_core.environment:checking '/home/user/ros2_ws/install/rosbot_mk3_description/lib'
[28.783s] Level 1:colcon.colcon_core.environment:checking '/home/user/ros2_ws/install/rosbot_mk3_description/bin'
[28.783s] Level 1:colcon.colcon_core.environment:checking '/home/user/ros2_ws/install/rosbot_mk3_description/lib/pkgconfig/rosbot_mk3_description.pc'
[28.784s] Level 1:colcon.colcon_core.environment:checking '/home/user/ros2_ws/install/rosbot_mk3_description/lib/python3.12/site-packages'
[28.784s] Level 1:colcon.colcon_core.shell:create_environment_hook('rosbot_mk3_description', 'pythonpath')
[28.784s] INFO:colcon.colcon_core.shell:Creating environment hook '/home/user/ros2_ws/install/rosbot_mk3_description/share/rosbot_mk3_description/hook/pythonpath.ps1'
[28.785s] INFO:colcon.colcon_core.shell:Creating environment descriptor '/home/user/ros2_ws/install/rosbot_mk3_description/share/rosbot_mk3_description/hook/pythonpath.dsv'
[28.786s] INFO:colcon.colcon_core.shell:Creating environment hook '/home/user/ros2_ws/install/rosbot_mk3_description/share/rosbot_mk3_description/hook/pythonpath.sh'
[28.787s] Level 1:colcon.colcon_core.environment:checking '/home/user/ros2_ws/install/rosbot_mk3_description/bin'
[28.787s] Level 1:colcon.colcon_core.environment:create_environment_scripts_only(rosbot_mk3_description)
[28.787s] INFO:colcon.colcon_core.shell:Creating package script '/home/user/ros2_ws/install/rosbot_mk3_description/share/rosbot_mk3_description/package.ps1'
[28.788s] INFO:colcon.colcon_core.shell:Creating package descriptor '/home/user/ros2_ws/install/rosbot_mk3_description/share/rosbot_mk3_description/package.dsv'
[28.790s] INFO:colcon.colcon_core.shell:Creating package script '/home/user/ros2_ws/install/rosbot_mk3_description/share/rosbot_mk3_description/package.sh'
[28.790s] INFO:colcon.colcon_core.shell:Creating package script '/home/user/ros2_ws/install/rosbot_mk3_description/share/rosbot_mk3_description/package.bash'
[28.791s] INFO:colcon.colcon_core.shell:Creating package script '/home/user/ros2_ws/install/rosbot_mk3_description/share/rosbot_mk3_description/package.zsh'
[28.791s] Level 1:colcon.colcon_core.environment:create_file_with_runtime_dependencies(/home/user/ros2_ws/install/rosbot_mk3_description/share/colcon-core/packages/rosbot_mk3_description)
[28.891s] Level 1:colcon.colcon_core.environment:checking '/home/user/ros2_ws/install/rosbot_description' for CMake module files
[28.892s] DEBUG:colcon.colcon_core.event_handler.log_command:Invoked command in '/home/user/ros2_ws/src/rosbot_description' returned '0': PYTHONPATH=/home/user/ros2_ws/build/rosbot_description/prefix_override:/usr/lib/python3/dist-packages/colcon_core/task/python/colcon_distutils_commands:/home/user/ros2_ws/install/rosbot_description/lib/python3.12/site-packages:${PYTHONPATH} _=/usr/bin/env /usr/bin/python3 -W ignore:setup.py install is deprecated -W ignore:easy_install command is deprecated setup.py egg_info --egg-base ../../build/rosbot_description build --build-base /home/user/ros2_ws/build/rosbot_description/build install --record /home/user/ros2_ws/build/rosbot_description/install.log --single-version-externally-managed install_data
[28.892s] Level 1:colcon.colcon_core.environment:checking '/home/user/ros2_ws/install/rosbot_description' for CMake config files
[28.893s] Level 1:colcon.colcon_core.environment:checking '/home/user/ros2_ws/install/rosbot_description/lib'
[28.893s] Level 1:colcon.colcon_core.environment:checking '/home/user/ros2_ws/install/rosbot_description/bin'
[28.893s] Level 1:colcon.colcon_core.environment:checking '/home/user/ros2_ws/install/rosbot_description/lib/pkgconfig/rosbot_description.pc'
[28.893s] Level 1:colcon.colcon_core.environment:checking '/home/user/ros2_ws/install/rosbot_description/lib/python3.12/site-packages'
[28.894s] Level 1:colcon.colcon_core.shell:create_environment_hook('rosbot_description', 'pythonpath')
[28.894s] INFO:colcon.colcon_core.shell:Creating environment hook '/home/user/ros2_ws/install/rosbot_description/share/rosbot_description/hook/pythonpath.ps1'
[28.894s] INFO:colcon.colcon_core.shell:Creating environment descriptor '/home/user/ros2_ws/install/rosbot_description/share/rosbot_description/hook/pythonpath.dsv'
[28.895s] INFO:colcon.colcon_core.shell:Creating environment hook '/home/user/ros2_ws/install/rosbot_description/share/rosbot_description/hook/pythonpath.sh'
[28.896s] Level 1:colcon.colcon_core.environment:checking '/home/user/ros2_ws/install/rosbot_description/bin'
[28.896s] Level 1:colcon.colcon_core.environment:create_environment_scripts_only(rosbot_description)
[28.897s] INFO:colcon.colcon_core.shell:Creating package script '/home/user/ros2_ws/install/rosbot_description/share/rosbot_description/package.ps1'
[28.898s] INFO:colcon.colcon_core.shell:Creating package descriptor '/home/user/ros2_ws/install/rosbot_description/share/rosbot_description/package.dsv'
[28.898s] INFO:colcon.colcon_core.shell:Creating package script '/home/user/ros2_ws/install/rosbot_description/share/rosbot_description/package.sh'
[28.899s] INFO:colcon.colcon_core.shell:Creating package script '/home/user/ros2_ws/install/rosbot_description/share/rosbot_description/package.bash'
[28.900s] INFO:colcon.colcon_core.shell:Creating package script '/home/user/ros2_ws/install/rosbot_description/share/rosbot_description/package.zsh'
[28.900s] Level 1:colcon.colcon_core.environment:create_file_with_runtime_dependencies(/home/user/ros2_ws/install/rosbot_description/share/colcon-core/packages/rosbot_description)
[28.901s] DEBUG:colcon.colcon_parallel_executor.executor.parallel:closing loop
[28.903s] DEBUG:colcon.colcon_parallel_executor.executor.parallel:loop closed
[28.903s] DEBUG:colcon.colcon_parallel_executor.executor.parallel:run_until_complete finished with '0'
[28.904s] DEBUG:colcon.colcon_core.event_reactor:joining thread
[28.982s] INFO:colcon.colcon_core.plugin_system:Skipping extension 'colcon_notification.desktop_notification.notify_send': Could not find 'notify-send'
[28.982s] INFO:colcon.colcon_core.plugin_system:Skipping extension 'colcon_notification.desktop_notification.terminal_notifier': Not used on non-Darwin systems
[28.982s] INFO:colcon.colcon_core.plugin_system:Skipping extension 'colcon_notification.desktop_notification.win32': Not used on non-Windows systems
[28.982s] INFO:colcon.colcon_notification.desktop_notification:Sending desktop notification using 'notify2'
[28.985s] DEBUG:colcon.colcon_notification.desktop_notification.notify2:Failed to initialize notify2: org.freedesktop.DBus.Error.Spawn.ExecFailed: /usr/bin/dbus-launch terminated abnormally without any error message
[28.986s] DEBUG:colcon.colcon_core.event_reactor:joined thread
[28.986s] INFO:colcon.colcon_core.shell:Creating prefix script '/home/user/ros2_ws/install/local_setup.ps1'
[28.987s] INFO:colcon.colcon_core.shell:Creating prefix util module '/home/user/ros2_ws/install/_local_setup_util_ps1.py'
[28.989s] INFO:colcon.colcon_core.shell:Creating prefix chain script '/home/user/ros2_ws/install/setup.ps1'
[28.990s] INFO:colcon.colcon_core.shell:Creating prefix script '/home/user/ros2_ws/install/local_setup.sh'
[28.991s] INFO:colcon.colcon_core.shell:Creating prefix util module '/home/user/ros2_ws/install/_local_setup_util_sh.py'
[28.992s] INFO:colcon.colcon_core.shell:Creating prefix chain script '/home/user/ros2_ws/install/setup.sh'
[28.994s] INFO:colcon.colcon_core.shell:Creating prefix script '/home/user/ros2_ws/install/local_setup.bash'
[28.995s] INFO:colcon.colcon_core.shell:Creating prefix chain script '/home/user/ros2_ws/install/setup.bash'
[28.998s] INFO:colcon.colcon_core.shell:Creating prefix script '/home/user/ros2_ws/install/local_setup.zsh'
[28.998s] INFO:colcon.colcon_core.shell:Creating prefix chain script '/home/user/ros2_ws/install/setup.zsh'
