[9.365s] DEBUG:colcon:Command line arguments: ['/usr/bin/colcon', 'build']
[9.367s] DEBUG:colcon:Parsed command line arguments: Namespace(log_base=None, log_level=None, verb_name='build', build_base='build', install_base='install', merge_install=False, symlink_install=False, test_result_base=None, continue_on_error=False, executor='parallel', parallel_workers=8, event_handlers=None, ignore_user_meta=False, metas=['./colcon.meta'], base_paths=['.'], packages_ignore=None, packages_ignore_regex=None, paths=None, packages_up_to=None, packages_up_to_regex=None, packages_above=None, packages_above_and_dependencies=None, packages_above_depth=None, packages_select_by_dep=None, packages_skip_by_dep=None, packages_skip_up_to=None, packages_select_build_failed=False, packages_skip_build_finished=False, packages_select_test_failures=False, packages_skip_test_passed=False, packages_select=None, packages_skip=None, packages_select_regex=None, packages_skip_regex=None, packages_start=None, packages_end=None, cmake_args=None, cmake_target=None, cmake_target_skip_unavailable=False, cmake_clean_cache=False, cmake_clean_first=False, cmake_force_configure=False, ament_cmake_args=None, catkin_cmake_args=None, catkin_skip_building_tests=False, mixin_files=None, mixin=None, verb_parser=<colcon_mixin.mixin.mixin_argument.MixinArgumentDecorator object at 0x7f6b62f8ffb0>, verb_extension=<colcon_core.verb.build.BuildVerb object at 0x7f6b62f8fd10>, main=<bound method BuildVerb.main of <colcon_core.verb.build.BuildVerb object at 0x7f6b62f8fd10>>, mixin_verb=('build',))
[10.062s] Level 1:colcon.colcon_core.package_discovery:discover_packages(colcon_meta) check parameters
[10.062s] Level 1:colcon.colcon_core.package_discovery:discover_packages(recursive) check parameters
[10.062s] Level 1:colcon.colcon_core.package_discovery:discover_packages(ignore) check parameters
[10.062s] Level 1:colcon.colcon_core.package_discovery:discover_packages(path) check parameters
[10.062s] Level 1:colcon.colcon_core.package_discovery:discover_packages(colcon_meta) discover
[10.062s] Level 1:colcon.colcon_core.package_discovery:discover_packages(recursive) discover
[10.062s] INFO:colcon.colcon_core.package_discovery:Crawling recursively for packages in '/home/user/ros2_ws'
[10.062s] Level 1:colcon.colcon_core.package_identification:_identify(.) by extensions ['ignore', 'ignore_ament_install']
[10.062s] Level 1:colcon.colcon_core.package_identification:_identify(.) by extension 'ignore'
[10.062s] Level 1:colcon.colcon_core.package_identification:_identify(.) by extension 'ignore_ament_install'
[10.062s] Level 1:colcon.colcon_core.package_identification:_identify(.) by extensions ['colcon_pkg']
[10.062s] Level 1:colcon.colcon_core.package_identification:_identify(.) by extension 'colcon_pkg'
[10.062s] Level 1:colcon.colcon_core.package_identification:_identify(.) by extensions ['colcon_meta']
[10.062s] Level 1:colcon.colcon_core.package_identification:_identify(.) by extension 'colcon_meta'
[10.062s] Level 1:colcon.colcon_core.package_identification:_identify(.) by extensions ['ros']
[10.062s] Level 1:colcon.colcon_core.package_identification:_identify(.) by extension 'ros'
[10.440s] Level 1:colcon.colcon_core.package_identification:_identify(.) by extensions ['cmake', 'python']
[10.440s] Level 1:colcon.colcon_core.package_identification:_identify(.) by extension 'cmake'
[10.440s] Level 1:colcon.colcon_core.package_identification:_identify(.) by extension 'python'
[10.440s] Level 1:colcon.colcon_core.package_identification:_identify(.) by extensions ['python_setup_py']
[10.440s] Level 1:colcon.colcon_core.package_identification:_identify(.) by extension 'python_setup_py'
[10.440s] Level 1:colcon.colcon_core.package_identification:_identify(build) by extensions ['ignore', 'ignore_ament_install']
[10.441s] Level 1:colcon.colcon_core.package_identification:_identify(build) by extension 'ignore'
[10.441s] Level 1:colcon.colcon_core.package_identification:_identify(build) ignored
[10.441s] Level 1:colcon.colcon_core.package_identification:_identify(install) by extensions ['ignore', 'ignore_ament_install']
[10.441s] Level 1:colcon.colcon_core.package_identification:_identify(install) by extension 'ignore'
[10.441s] Level 1:colcon.colcon_core.package_identification:_identify(install) ignored
[10.441s] Level 1:colcon.colcon_core.package_identification:_identify(log) by extensions ['ignore', 'ignore_ament_install']
[10.441s] Level 1:colcon.colcon_core.package_identification:_identify(log) by extension 'ignore'
[10.441s] Level 1:colcon.colcon_core.package_identification:_identify(log) ignored
[10.441s] Level 1:colcon.colcon_core.package_identification:_identify(src) by extensions ['ignore', 'ignore_ament_install']
[10.441s] Level 1:colcon.colcon_core.package_identification:_identify(src) by extension 'ignore'
[10.441s] Level 1:colcon.colcon_core.package_identification:_identify(src) by extension 'ignore_ament_install'
[10.442s] Level 1:colcon.colcon_core.package_identification:_identify(src) by extensions ['colcon_pkg']
[10.442s] Level 1:colcon.colcon_core.package_identification:_identify(src) by extension 'colcon_pkg'
[10.442s] Level 1:colcon.colcon_core.package_identification:_identify(src) by extensions ['colcon_meta']
[10.442s] Level 1:colcon.colcon_core.package_identification:_identify(src) by extension 'colcon_meta'
[10.442s] Level 1:colcon.colcon_core.package_identification:_identify(src) by extensions ['ros']
[10.442s] Level 1:colcon.colcon_core.package_identification:_identify(src) by extension 'ros'
[10.442s] Level 1:colcon.colcon_core.package_identification:_identify(src) by extensions ['cmake', 'python']
[10.442s] Level 1:colcon.colcon_core.package_identification:_identify(src) by extension 'cmake'
[10.442s] Level 1:colcon.colcon_core.package_identification:_identify(src) by extension 'python'
[10.442s] Level 1:colcon.colcon_core.package_identification:_identify(src) by extensions ['python_setup_py']
[10.442s] Level 1:colcon.colcon_core.package_identification:_identify(src) by extension 'python_setup_py'
[10.442s] Level 1:colcon.colcon_core.package_identification:_identify(src/ARM_MK1_description) by extensions ['ignore', 'ignore_ament_install']
[10.442s] Level 1:colcon.colcon_core.package_identification:_identify(src/ARM_MK1_description) by extension 'ignore'
[10.442s] Level 1:colcon.colcon_core.package_identification:_identify(src/ARM_MK1_description) by extension 'ignore_ament_install'
[10.442s] Level 1:colcon.colcon_core.package_identification:_identify(src/ARM_MK1_description) by extensions ['colcon_pkg']
[10.442s] Level 1:colcon.colcon_core.package_identification:_identify(src/ARM_MK1_description) by extension 'colcon_pkg'
[10.442s] Level 1:colcon.colcon_core.package_identification:_identify(src/ARM_MK1_description) by extensions ['colcon_meta']
[10.442s] Level 1:colcon.colcon_core.package_identification:_identify(src/ARM_MK1_description) by extension 'colcon_meta'
[10.442s] Level 1:colcon.colcon_core.package_identification:_identify(src/ARM_MK1_description) by extensions ['ros']
[10.442s] Level 1:colcon.colcon_core.package_identification:_identify(src/ARM_MK1_description) by extension 'ros'
[10.446s] DEBUG:colcon.colcon_core.package_identification:Package 'src/ARM_MK1_description' with type 'ros.ament_python' and name 'ARM_MK1_description'
[10.446s] Level 1:colcon.colcon_core.package_identification:_identify(src/build) by extensions ['ignore', 'ignore_ament_install']
[10.446s] Level 1:colcon.colcon_core.package_identification:_identify(src/build) by extension 'ignore'
[10.446s] Level 1:colcon.colcon_core.package_identification:_identify(src/build) ignored
[10.446s] Level 1:colcon.colcon_core.package_identification:_identify(src/bullet_arm_description) by extensions ['ignore', 'ignore_ament_install']
[10.446s] Level 1:colcon.colcon_core.package_identification:_identify(src/bullet_arm_description) by extension 'ignore'
[10.446s] Level 1:colcon.colcon_core.package_identification:_identify(src/bullet_arm_description) by extension 'ignore_ament_install'
[10.446s] Level 1:colcon.colcon_core.package_identification:_identify(src/bullet_arm_description) by extensions ['colcon_pkg']
[10.446s] Level 1:colcon.colcon_core.package_identification:_identify(src/bullet_arm_description) by extension 'colcon_pkg'
[10.446s] Level 1:colcon.colcon_core.package_identification:_identify(src/bullet_arm_description) by extensions ['colcon_meta']
[10.446s] Level 1:colcon.colcon_core.package_identification:_identify(src/bullet_arm_description) by extension 'colcon_meta'
[10.446s] Level 1:colcon.colcon_core.package_identification:_identify(src/bullet_arm_description) by extensions ['ros']
[10.446s] Level 1:colcon.colcon_core.package_identification:_identify(src/bullet_arm_description) by extension 'ros'
[10.447s] DEBUG:colcon.colcon_core.package_identification:Package 'src/bullet_arm_description' with type 'ros.ament_python' and name 'bullet_arm_description'
[10.447s] Level 1:colcon.colcon_core.package_identification:_identify(src/install) by extensions ['ignore', 'ignore_ament_install']
[10.447s] Level 1:colcon.colcon_core.package_identification:_identify(src/install) by extension 'ignore'
[10.447s] Level 1:colcon.colcon_core.package_identification:_identify(src/install) ignored
[10.447s] Level 1:colcon.colcon_core.package_identification:_identify(src/log) by extensions ['ignore', 'ignore_ament_install']
[10.448s] Level 1:colcon.colcon_core.package_identification:_identify(src/log) by extension 'ignore'
[10.448s] Level 1:colcon.colcon_core.package_identification:_identify(src/log) ignored
[10.448s] Level 1:colcon.colcon_core.package_identification:_identify(src/oppressor_api) by extensions ['ignore', 'ignore_ament_install']
[10.448s] Level 1:colcon.colcon_core.package_identification:_identify(src/oppressor_api) by extension 'ignore'
[10.448s] Level 1:colcon.colcon_core.package_identification:_identify(src/oppressor_api) by extension 'ignore_ament_install'
[10.448s] Level 1:colcon.colcon_core.package_identification:_identify(src/oppressor_api) by extensions ['colcon_pkg']
[10.448s] Level 1:colcon.colcon_core.package_identification:_identify(src/oppressor_api) by extension 'colcon_pkg'
[10.448s] Level 1:colcon.colcon_core.package_identification:_identify(src/oppressor_api) by extensions ['colcon_meta']
[10.448s] Level 1:colcon.colcon_core.package_identification:_identify(src/oppressor_api) by extension 'colcon_meta'
[10.448s] Level 1:colcon.colcon_core.package_identification:_identify(src/oppressor_api) by extensions ['ros']
[10.448s] Level 1:colcon.colcon_core.package_identification:_identify(src/oppressor_api) by extension 'ros'
[10.449s] DEBUG:colcon.colcon_core.package_identification:Package 'src/oppressor_api' with type 'ros.ament_cmake' and name 'oppressor_api'
[10.449s] Level 1:colcon.colcon_core.package_identification:_identify(src/oppressor_mk1_description) by extensions ['ignore', 'ignore_ament_install']
[10.449s] Level 1:colcon.colcon_core.package_identification:_identify(src/oppressor_mk1_description) by extension 'ignore'
[10.449s] Level 1:colcon.colcon_core.package_identification:_identify(src/oppressor_mk1_description) by extension 'ignore_ament_install'
[10.449s] Level 1:colcon.colcon_core.package_identification:_identify(src/oppressor_mk1_description) by extensions ['colcon_pkg']
[10.449s] Level 1:colcon.colcon_core.package_identification:_identify(src/oppressor_mk1_description) by extension 'colcon_pkg'
[10.449s] Level 1:colcon.colcon_core.package_identification:_identify(src/oppressor_mk1_description) by extensions ['colcon_meta']
[10.449s] Level 1:colcon.colcon_core.package_identification:_identify(src/oppressor_mk1_description) by extension 'colcon_meta'
[10.449s] Level 1:colcon.colcon_core.package_identification:_identify(src/oppressor_mk1_description) by extensions ['ros']
[10.449s] Level 1:colcon.colcon_core.package_identification:_identify(src/oppressor_mk1_description) by extension 'ros'
[10.450s] DEBUG:colcon.colcon_core.package_identification:Package 'src/oppressor_mk1_description' with type 'ros.ament_python' and name 'oppressor_mk1_description'
[10.450s] Level 1:colcon.colcon_core.package_identification:_identify(src/oppressor_mk3_description) by extensions ['ignore', 'ignore_ament_install']
[10.450s] Level 1:colcon.colcon_core.package_identification:_identify(src/oppressor_mk3_description) by extension 'ignore'
[10.450s] Level 1:colcon.colcon_core.package_identification:_identify(src/oppressor_mk3_description) by extension 'ignore_ament_install'
[10.450s] Level 1:colcon.colcon_core.package_identification:_identify(src/oppressor_mk3_description) by extensions ['colcon_pkg']
[10.450s] Level 1:colcon.colcon_core.package_identification:_identify(src/oppressor_mk3_description) by extension 'colcon_pkg'
[10.451s] Level 1:colcon.colcon_core.package_identification:_identify(src/oppressor_mk3_description) by extensions ['colcon_meta']
[10.451s] Level 1:colcon.colcon_core.package_identification:_identify(src/oppressor_mk3_description) by extension 'colcon_meta'
[10.451s] Level 1:colcon.colcon_core.package_identification:_identify(src/oppressor_mk3_description) by extensions ['ros']
[10.451s] Level 1:colcon.colcon_core.package_identification:_identify(src/oppressor_mk3_description) by extension 'ros'
[10.451s] DEBUG:colcon.colcon_core.package_identification:Package 'src/oppressor_mk3_description' with type 'ros.ament_python' and name 'oppressor_mk3_description'
[10.451s] Level 1:colcon.colcon_core.package_identification:_identify(src/qube_1_description) by extensions ['ignore', 'ignore_ament_install']
[10.451s] Level 1:colcon.colcon_core.package_identification:_identify(src/qube_1_description) by extension 'ignore'
[10.451s] Level 1:colcon.colcon_core.package_identification:_identify(src/qube_1_description) by extension 'ignore_ament_install'
[10.452s] Level 1:colcon.colcon_core.package_identification:_identify(src/qube_1_description) by extensions ['colcon_pkg']
[10.452s] Level 1:colcon.colcon_core.package_identification:_identify(src/qube_1_description) by extension 'colcon_pkg'
[10.452s] Level 1:colcon.colcon_core.package_identification:_identify(src/qube_1_description) by extensions ['colcon_meta']
[10.452s] Level 1:colcon.colcon_core.package_identification:_identify(src/qube_1_description) by extension 'colcon_meta'
[10.452s] Level 1:colcon.colcon_core.package_identification:_identify(src/qube_1_description) by extensions ['ros']
[10.452s] Level 1:colcon.colcon_core.package_identification:_identify(src/qube_1_description) by extension 'ros'
[10.452s] DEBUG:colcon.colcon_core.package_identification:Package 'src/qube_1_description' with type 'ros.ament_python' and name 'qube_1_description'
[10.453s] Level 1:colcon.colcon_core.package_identification:_identify(src/r_arm_description) by extensions ['ignore', 'ignore_ament_install']
[10.453s] Level 1:colcon.colcon_core.package_identification:_identify(src/r_arm_description) by extension 'ignore'
[10.453s] Level 1:colcon.colcon_core.package_identification:_identify(src/r_arm_description) by extension 'ignore_ament_install'
[10.453s] Level 1:colcon.colcon_core.package_identification:_identify(src/r_arm_description) by extensions ['colcon_pkg']
[10.453s] Level 1:colcon.colcon_core.package_identification:_identify(src/r_arm_description) by extension 'colcon_pkg'
[10.453s] Level 1:colcon.colcon_core.package_identification:_identify(src/r_arm_description) by extensions ['colcon_meta']
[10.453s] Level 1:colcon.colcon_core.package_identification:_identify(src/r_arm_description) by extension 'colcon_meta'
[10.453s] Level 1:colcon.colcon_core.package_identification:_identify(src/r_arm_description) by extensions ['ros']
[10.454s] Level 1:colcon.colcon_core.package_identification:_identify(src/r_arm_description) by extension 'ros'
[10.454s] DEBUG:colcon.colcon_core.package_identification:Found ROS schema reference in package manifest in 'src/r_arm_description'
[10.454s] WARNING:colcon.colcon_core.package_identification:Failed to parse ROS package manifest in 'src/r_arm_description': Error(s) in package 'src/r_arm_description/package.xml':
Error(s):
- The manifest of package "r_arm_description" (with format version 3) must not contain the following tags: depand
[10.455s] Level 1:colcon.colcon_core.package_identification:_identify(src/r_arm_description) by extensions ['cmake', 'python']
[10.455s] Level 1:colcon.colcon_core.package_identification:_identify(src/r_arm_description) by extension 'cmake'
[10.455s] Level 1:colcon.colcon_core.package_identification:_identify(src/r_arm_description) by extension 'python'
[10.455s] DEBUG:colcon.colcon_core.package_identification:Python package in 'src/r_arm_description' passes arguments to the setup() function which requires a different identification extension than 'python'
[10.455s] Level 1:colcon.colcon_core.package_identification:_identify(src/r_arm_description) by extensions ['python_setup_py']
[10.455s] Level 1:colcon.colcon_core.package_identification:_identify(src/r_arm_description) by extension 'python_setup_py'
[10.678s] DEBUG:colcon.colcon_core.package_identification:Package 'src/r_arm_description' with type 'python' and name 'r_arm_description'
[10.678s] Level 1:colcon.colcon_core.package_identification:_identify(src/robot_mk1_description) by extensions ['ignore', 'ignore_ament_install']
[10.679s] Level 1:colcon.colcon_core.package_identification:_identify(src/robot_mk1_description) by extension 'ignore'
[10.679s] Level 1:colcon.colcon_core.package_identification:_identify(src/robot_mk1_description) by extension 'ignore_ament_install'
[10.679s] Level 1:colcon.colcon_core.package_identification:_identify(src/robot_mk1_description) by extensions ['colcon_pkg']
[10.679s] Level 1:colcon.colcon_core.package_identification:_identify(src/robot_mk1_description) by extension 'colcon_pkg'
[10.679s] Level 1:colcon.colcon_core.package_identification:_identify(src/robot_mk1_description) by extensions ['colcon_meta']
[10.679s] Level 1:colcon.colcon_core.package_identification:_identify(src/robot_mk1_description) by extension 'colcon_meta'
[10.679s] Level 1:colcon.colcon_core.package_identification:_identify(src/robot_mk1_description) by extensions ['ros']
[10.679s] Level 1:colcon.colcon_core.package_identification:_identify(src/robot_mk1_description) by extension 'ros'
[10.680s] DEBUG:colcon.colcon_core.package_identification:Package 'src/robot_mk1_description' with type 'ros.ament_python' and name 'robot_mk1_description'
[10.680s] Level 1:colcon.colcon_core.package_identification:_identify(src/robot_urdf_description) by extensions ['ignore', 'ignore_ament_install']
[10.680s] Level 1:colcon.colcon_core.package_identification:_identify(src/robot_urdf_description) by extension 'ignore'
[10.680s] Level 1:colcon.colcon_core.package_identification:_identify(src/robot_urdf_description) by extension 'ignore_ament_install'
[10.680s] Level 1:colcon.colcon_core.package_identification:_identify(src/robot_urdf_description) by extensions ['colcon_pkg']
[10.680s] Level 1:colcon.colcon_core.package_identification:_identify(src/robot_urdf_description) by extension 'colcon_pkg'
[10.680s] Level 1:colcon.colcon_core.package_identification:_identify(src/robot_urdf_description) by extensions ['colcon_meta']
[10.680s] Level 1:colcon.colcon_core.package_identification:_identify(src/robot_urdf_description) by extension 'colcon_meta'
[10.680s] Level 1:colcon.colcon_core.package_identification:_identify(src/robot_urdf_description) by extensions ['ros']
[10.680s] Level 1:colcon.colcon_core.package_identification:_identify(src/robot_urdf_description) by extension 'ros'
[10.681s] DEBUG:colcon.colcon_core.package_identification:Package 'src/robot_urdf_description' with type 'ros.ament_python' and name 'robot_urdf_description'
[10.681s] Level 1:colcon.colcon_core.package_identification:_identify(src/rosbot_api) by extensions ['ignore', 'ignore_ament_install']
[10.681s] Level 1:colcon.colcon_core.package_identification:_identify(src/rosbot_api) by extension 'ignore'
[10.681s] Level 1:colcon.colcon_core.package_identification:_identify(src/rosbot_api) by extension 'ignore_ament_install'
[10.681s] Level 1:colcon.colcon_core.package_identification:_identify(src/rosbot_api) by extensions ['colcon_pkg']
[10.681s] Level 1:colcon.colcon_core.package_identification:_identify(src/rosbot_api) by extension 'colcon_pkg'
[10.681s] Level 1:colcon.colcon_core.package_identification:_identify(src/rosbot_api) by extensions ['colcon_meta']
[10.681s] Level 1:colcon.colcon_core.package_identification:_identify(src/rosbot_api) by extension 'colcon_meta'
[10.681s] Level 1:colcon.colcon_core.package_identification:_identify(src/rosbot_api) by extensions ['ros']
[10.681s] Level 1:colcon.colcon_core.package_identification:_identify(src/rosbot_api) by extension 'ros'
[10.682s] DEBUG:colcon.colcon_core.package_identification:Package 'src/rosbot_api' with type 'ros.ament_cmake' and name 'rosbot_api'
[10.682s] Level 1:colcon.colcon_core.package_identification:_identify(src/rosbot_description) by extensions ['ignore', 'ignore_ament_install']
[10.682s] Level 1:colcon.colcon_core.package_identification:_identify(src/rosbot_description) by extension 'ignore'
[10.682s] Level 1:colcon.colcon_core.package_identification:_identify(src/rosbot_description) by extension 'ignore_ament_install'
[10.682s] Level 1:colcon.colcon_core.package_identification:_identify(src/rosbot_description) by extensions ['colcon_pkg']
[10.682s] Level 1:colcon.colcon_core.package_identification:_identify(src/rosbot_description) by extension 'colcon_pkg'
[10.682s] Level 1:colcon.colcon_core.package_identification:_identify(src/rosbot_description) by extensions ['colcon_meta']
[10.682s] Level 1:colcon.colcon_core.package_identification:_identify(src/rosbot_description) by extension 'colcon_meta'
[10.682s] Level 1:colcon.colcon_core.package_identification:_identify(src/rosbot_description) by extensions ['ros']
[10.682s] Level 1:colcon.colcon_core.package_identification:_identify(src/rosbot_description) by extension 'ros'
[10.683s] DEBUG:colcon.colcon_core.package_identification:Package 'src/rosbot_description' with type 'ros.ament_python' and name 'rosbot_description'
[10.683s] Level 1:colcon.colcon_core.package_identification:_identify(src/rosbot_mk3_description) by extensions ['ignore', 'ignore_ament_install']
[10.683s] Level 1:colcon.colcon_core.package_identification:_identify(src/rosbot_mk3_description) by extension 'ignore'
[10.683s] Level 1:colcon.colcon_core.package_identification:_identify(src/rosbot_mk3_description) by extension 'ignore_ament_install'
[10.683s] Level 1:colcon.colcon_core.package_identification:_identify(src/rosbot_mk3_description) by extensions ['colcon_pkg']
[10.683s] Level 1:colcon.colcon_core.package_identification:_identify(src/rosbot_mk3_description) by extension 'colcon_pkg'
[10.683s] Level 1:colcon.colcon_core.package_identification:_identify(src/rosbot_mk3_description) by extensions ['colcon_meta']
[10.684s] Level 1:colcon.colcon_core.package_identification:_identify(src/rosbot_mk3_description) by extension 'colcon_meta'
[10.684s] Level 1:colcon.colcon_core.package_identification:_identify(src/rosbot_mk3_description) by extensions ['ros']
[10.684s] Level 1:colcon.colcon_core.package_identification:_identify(src/rosbot_mk3_description) by extension 'ros'
[10.684s] DEBUG:colcon.colcon_core.package_identification:Package 'src/rosbot_mk3_description' with type 'ros.ament_python' and name 'rosbot_mk3_description'
[10.684s] Level 1:colcon.colcon_core.package_discovery:discover_packages(recursive) using defaults
[10.684s] Level 1:colcon.colcon_core.package_discovery:discover_packages(ignore) discover
[10.684s] Level 1:colcon.colcon_core.package_discovery:discover_packages(ignore) using defaults
[10.685s] Level 1:colcon.colcon_core.package_discovery:discover_packages(path) discover
[10.685s] Level 1:colcon.colcon_core.package_discovery:discover_packages(path) using defaults
[10.928s] Level 5:colcon.colcon_core.verb:set package 'ARM_MK1_description' build argument 'cmake_args' from command line to 'None'
[10.928s] Level 5:colcon.colcon_core.verb:set package 'ARM_MK1_description' build argument 'cmake_target' from command line to 'None'
[10.928s] Level 5:colcon.colcon_core.verb:set package 'ARM_MK1_description' build argument 'cmake_target_skip_unavailable' from command line to 'False'
[10.928s] Level 5:colcon.colcon_core.verb:set package 'ARM_MK1_description' build argument 'cmake_clean_cache' from command line to 'False'
[10.928s] Level 5:colcon.colcon_core.verb:set package 'ARM_MK1_description' build argument 'cmake_clean_first' from command line to 'False'
[10.928s] Level 5:colcon.colcon_core.verb:set package 'ARM_MK1_description' build argument 'cmake_force_configure' from command line to 'False'
[10.928s] Level 5:colcon.colcon_core.verb:set package 'ARM_MK1_description' build argument 'ament_cmake_args' from command line to 'None'
[10.928s] Level 5:colcon.colcon_core.verb:set package 'ARM_MK1_description' build argument 'catkin_cmake_args' from command line to 'None'
[10.928s] Level 5:colcon.colcon_core.verb:set package 'ARM_MK1_description' build argument 'catkin_skip_building_tests' from command line to 'False'
[10.928s] DEBUG:colcon.colcon_core.verb:Building package 'ARM_MK1_description' with the following arguments: {'ament_cmake_args': None, 'build_base': '/home/user/ros2_ws/build/ARM_MK1_description', 'catkin_cmake_args': None, 'catkin_skip_building_tests': False, 'cmake_args': None, 'cmake_clean_cache': False, 'cmake_clean_first': False, 'cmake_force_configure': False, 'cmake_target': None, 'cmake_target_skip_unavailable': False, 'install_base': '/home/user/ros2_ws/install/ARM_MK1_description', 'merge_install': False, 'path': '/home/user/ros2_ws/src/ARM_MK1_description', 'symlink_install': False, 'test_result_base': None}
[10.928s] Level 5:colcon.colcon_core.verb:set package 'bullet_arm_description' build argument 'cmake_args' from command line to 'None'
[10.928s] Level 5:colcon.colcon_core.verb:set package 'bullet_arm_description' build argument 'cmake_target' from command line to 'None'
[10.928s] Level 5:colcon.colcon_core.verb:set package 'bullet_arm_description' build argument 'cmake_target_skip_unavailable' from command line to 'False'
[10.928s] Level 5:colcon.colcon_core.verb:set package 'bullet_arm_description' build argument 'cmake_clean_cache' from command line to 'False'
[10.928s] Level 5:colcon.colcon_core.verb:set package 'bullet_arm_description' build argument 'cmake_clean_first' from command line to 'False'
[10.928s] Level 5:colcon.colcon_core.verb:set package 'bullet_arm_description' build argument 'cmake_force_configure' from command line to 'False'
[10.928s] Level 5:colcon.colcon_core.verb:set package 'bullet_arm_description' build argument 'ament_cmake_args' from command line to 'None'
[10.928s] Level 5:colcon.colcon_core.verb:set package 'bullet_arm_description' build argument 'catkin_cmake_args' from command line to 'None'
[10.928s] Level 5:colcon.colcon_core.verb:set package 'bullet_arm_description' build argument 'catkin_skip_building_tests' from command line to 'False'
[10.929s] DEBUG:colcon.colcon_core.verb:Building package 'bullet_arm_description' with the following arguments: {'ament_cmake_args': None, 'build_base': '/home/user/ros2_ws/build/bullet_arm_description', 'catkin_cmake_args': None, 'catkin_skip_building_tests': False, 'cmake_args': None, 'cmake_clean_cache': False, 'cmake_clean_first': False, 'cmake_force_configure': False, 'cmake_target': None, 'cmake_target_skip_unavailable': False, 'install_base': '/home/user/ros2_ws/install/bullet_arm_description', 'merge_install': False, 'path': '/home/user/ros2_ws/src/bullet_arm_description', 'symlink_install': False, 'test_result_base': None}
[10.929s] Level 5:colcon.colcon_core.verb:set package 'oppressor_api' build argument 'cmake_args' from command line to 'None'
[10.929s] Level 5:colcon.colcon_core.verb:set package 'oppressor_api' build argument 'cmake_target' from command line to 'None'
[10.929s] Level 5:colcon.colcon_core.verb:set package 'oppressor_api' build argument 'cmake_target_skip_unavailable' from command line to 'False'
[10.929s] Level 5:colcon.colcon_core.verb:set package 'oppressor_api' build argument 'cmake_clean_cache' from command line to 'False'
[10.929s] Level 5:colcon.colcon_core.verb:set package 'oppressor_api' build argument 'cmake_clean_first' from command line to 'False'
[10.929s] Level 5:colcon.colcon_core.verb:set package 'oppressor_api' build argument 'cmake_force_configure' from command line to 'False'
[10.929s] Level 5:colcon.colcon_core.verb:set package 'oppressor_api' build argument 'ament_cmake_args' from command line to 'None'
[10.929s] Level 5:colcon.colcon_core.verb:set package 'oppressor_api' build argument 'catkin_cmake_args' from command line to 'None'
[10.929s] Level 5:colcon.colcon_core.verb:set package 'oppressor_api' build argument 'catkin_skip_building_tests' from command line to 'False'
[10.929s] DEBUG:colcon.colcon_core.verb:Building package 'oppressor_api' with the following arguments: {'ament_cmake_args': None, 'build_base': '/home/user/ros2_ws/build/oppressor_api', 'catkin_cmake_args': None, 'catkin_skip_building_tests': False, 'cmake_args': None, 'cmake_clean_cache': False, 'cmake_clean_first': False, 'cmake_force_configure': False, 'cmake_target': None, 'cmake_target_skip_unavailable': False, 'install_base': '/home/user/ros2_ws/install/oppressor_api', 'merge_install': False, 'path': '/home/user/ros2_ws/src/oppressor_api', 'symlink_install': False, 'test_result_base': None}
[10.929s] Level 5:colcon.colcon_core.verb:set package 'oppressor_mk1_description' build argument 'cmake_args' from command line to 'None'
[10.929s] Level 5:colcon.colcon_core.verb:set package 'oppressor_mk1_description' build argument 'cmake_target' from command line to 'None'
[10.929s] Level 5:colcon.colcon_core.verb:set package 'oppressor_mk1_description' build argument 'cmake_target_skip_unavailable' from command line to 'False'
[10.929s] Level 5:colcon.colcon_core.verb:set package 'oppressor_mk1_description' build argument 'cmake_clean_cache' from command line to 'False'
[10.929s] Level 5:colcon.colcon_core.verb:set package 'oppressor_mk1_description' build argument 'cmake_clean_first' from command line to 'False'
[10.929s] Level 5:colcon.colcon_core.verb:set package 'oppressor_mk1_description' build argument 'cmake_force_configure' from command line to 'False'
[10.929s] Level 5:colcon.colcon_core.verb:set package 'oppressor_mk1_description' build argument 'ament_cmake_args' from command line to 'None'
[10.929s] Level 5:colcon.colcon_core.verb:set package 'oppressor_mk1_description' build argument 'catkin_cmake_args' from command line to 'None'
[10.930s] Level 5:colcon.colcon_core.verb:set package 'oppressor_mk1_description' build argument 'catkin_skip_building_tests' from command line to 'False'
[10.930s] DEBUG:colcon.colcon_core.verb:Building package 'oppressor_mk1_description' with the following arguments: {'ament_cmake_args': None, 'build_base': '/home/user/ros2_ws/build/oppressor_mk1_description', 'catkin_cmake_args': None, 'catkin_skip_building_tests': False, 'cmake_args': None, 'cmake_clean_cache': False, 'cmake_clean_first': False, 'cmake_force_configure': False, 'cmake_target': None, 'cmake_target_skip_unavailable': False, 'install_base': '/home/user/ros2_ws/install/oppressor_mk1_description', 'merge_install': False, 'path': '/home/user/ros2_ws/src/oppressor_mk1_description', 'symlink_install': False, 'test_result_base': None}
[10.930s] Level 5:colcon.colcon_core.verb:set package 'oppressor_mk3_description' build argument 'cmake_args' from command line to 'None'
[10.930s] Level 5:colcon.colcon_core.verb:set package 'oppressor_mk3_description' build argument 'cmake_target' from command line to 'None'
[10.930s] Level 5:colcon.colcon_core.verb:set package 'oppressor_mk3_description' build argument 'cmake_target_skip_unavailable' from command line to 'False'
[10.930s] Level 5:colcon.colcon_core.verb:set package 'oppressor_mk3_description' build argument 'cmake_clean_cache' from command line to 'False'
[10.930s] Level 5:colcon.colcon_core.verb:set package 'oppressor_mk3_description' build argument 'cmake_clean_first' from command line to 'False'
[10.930s] Level 5:colcon.colcon_core.verb:set package 'oppressor_mk3_description' build argument 'cmake_force_configure' from command line to 'False'
[10.930s] Level 5:colcon.colcon_core.verb:set package 'oppressor_mk3_description' build argument 'ament_cmake_args' from command line to 'None'
[10.930s] Level 5:colcon.colcon_core.verb:set package 'oppressor_mk3_description' build argument 'catkin_cmake_args' from command line to 'None'
[10.930s] Level 5:colcon.colcon_core.verb:set package 'oppressor_mk3_description' build argument 'catkin_skip_building_tests' from command line to 'False'
[10.930s] DEBUG:colcon.colcon_core.verb:Building package 'oppressor_mk3_description' with the following arguments: {'ament_cmake_args': None, 'build_base': '/home/user/ros2_ws/build/oppressor_mk3_description', 'catkin_cmake_args': None, 'catkin_skip_building_tests': False, 'cmake_args': None, 'cmake_clean_cache': False, 'cmake_clean_first': False, 'cmake_force_configure': False, 'cmake_target': None, 'cmake_target_skip_unavailable': False, 'install_base': '/home/user/ros2_ws/install/oppressor_mk3_description', 'merge_install': False, 'path': '/home/user/ros2_ws/src/oppressor_mk3_description', 'symlink_install': False, 'test_result_base': None}
[10.930s] Level 5:colcon.colcon_core.verb:set package 'qube_1_description' build argument 'cmake_args' from command line to 'None'
[10.930s] Level 5:colcon.colcon_core.verb:set package 'qube_1_description' build argument 'cmake_target' from command line to 'None'
[10.930s] Level 5:colcon.colcon_core.verb:set package 'qube_1_description' build argument 'cmake_target_skip_unavailable' from command line to 'False'
[10.930s] Level 5:colcon.colcon_core.verb:set package 'qube_1_description' build argument 'cmake_clean_cache' from command line to 'False'
[10.930s] Level 5:colcon.colcon_core.verb:set package 'qube_1_description' build argument 'cmake_clean_first' from command line to 'False'
[10.930s] Level 5:colcon.colcon_core.verb:set package 'qube_1_description' build argument 'cmake_force_configure' from command line to 'False'
[10.930s] Level 5:colcon.colcon_core.verb:set package 'qube_1_description' build argument 'ament_cmake_args' from command line to 'None'
[10.930s] Level 5:colcon.colcon_core.verb:set package 'qube_1_description' build argument 'catkin_cmake_args' from command line to 'None'
[10.930s] Level 5:colcon.colcon_core.verb:set package 'qube_1_description' build argument 'catkin_skip_building_tests' from command line to 'False'
[10.931s] DEBUG:colcon.colcon_core.verb:Building package 'qube_1_description' with the following arguments: {'ament_cmake_args': None, 'build_base': '/home/user/ros2_ws/build/qube_1_description', 'catkin_cmake_args': None, 'catkin_skip_building_tests': False, 'cmake_args': None, 'cmake_clean_cache': False, 'cmake_clean_first': False, 'cmake_force_configure': False, 'cmake_target': None, 'cmake_target_skip_unavailable': False, 'install_base': '/home/user/ros2_ws/install/qube_1_description', 'merge_install': False, 'path': '/home/user/ros2_ws/src/qube_1_description', 'symlink_install': False, 'test_result_base': None}
[10.931s] Level 5:colcon.colcon_core.verb:set package 'r_arm_description' build argument 'cmake_args' from command line to 'None'
[10.931s] Level 5:colcon.colcon_core.verb:set package 'r_arm_description' build argument 'cmake_target' from command line to 'None'
[10.931s] Level 5:colcon.colcon_core.verb:set package 'r_arm_description' build argument 'cmake_target_skip_unavailable' from command line to 'False'
[10.931s] Level 5:colcon.colcon_core.verb:set package 'r_arm_description' build argument 'cmake_clean_cache' from command line to 'False'
[10.931s] Level 5:colcon.colcon_core.verb:set package 'r_arm_description' build argument 'cmake_clean_first' from command line to 'False'
[10.931s] Level 5:colcon.colcon_core.verb:set package 'r_arm_description' build argument 'cmake_force_configure' from command line to 'False'
[10.931s] Level 5:colcon.colcon_core.verb:set package 'r_arm_description' build argument 'ament_cmake_args' from command line to 'None'
[10.931s] Level 5:colcon.colcon_core.verb:set package 'r_arm_description' build argument 'catkin_cmake_args' from command line to 'None'
[10.931s] Level 5:colcon.colcon_core.verb:set package 'r_arm_description' build argument 'catkin_skip_building_tests' from command line to 'False'
[10.931s] DEBUG:colcon.colcon_core.verb:Building package 'r_arm_description' with the following arguments: {'ament_cmake_args': None, 'build_base': '/home/user/ros2_ws/build/r_arm_description', 'catkin_cmake_args': None, 'catkin_skip_building_tests': False, 'cmake_args': None, 'cmake_clean_cache': False, 'cmake_clean_first': False, 'cmake_force_configure': False, 'cmake_target': None, 'cmake_target_skip_unavailable': False, 'install_base': '/home/user/ros2_ws/install/r_arm_description', 'merge_install': False, 'path': '/home/user/ros2_ws/src/r_arm_description', 'symlink_install': False, 'test_result_base': None}
[10.931s] Level 5:colcon.colcon_core.verb:set package 'robot_mk1_description' build argument 'cmake_args' from command line to 'None'
[10.931s] Level 5:colcon.colcon_core.verb:set package 'robot_mk1_description' build argument 'cmake_target' from command line to 'None'
[10.931s] Level 5:colcon.colcon_core.verb:set package 'robot_mk1_description' build argument 'cmake_target_skip_unavailable' from command line to 'False'
[10.931s] Level 5:colcon.colcon_core.verb:set package 'robot_mk1_description' build argument 'cmake_clean_cache' from command line to 'False'
[10.931s] Level 5:colcon.colcon_core.verb:set package 'robot_mk1_description' build argument 'cmake_clean_first' from command line to 'False'
[10.931s] Level 5:colcon.colcon_core.verb:set package 'robot_mk1_description' build argument 'cmake_force_configure' from command line to 'False'
[10.931s] Level 5:colcon.colcon_core.verb:set package 'robot_mk1_description' build argument 'ament_cmake_args' from command line to 'None'
[10.931s] Level 5:colcon.colcon_core.verb:set package 'robot_mk1_description' build argument 'catkin_cmake_args' from command line to 'None'
[10.931s] Level 5:colcon.colcon_core.verb:set package 'robot_mk1_description' build argument 'catkin_skip_building_tests' from command line to 'False'
[10.931s] DEBUG:colcon.colcon_core.verb:Building package 'robot_mk1_description' with the following arguments: {'ament_cmake_args': None, 'build_base': '/home/user/ros2_ws/build/robot_mk1_description', 'catkin_cmake_args': None, 'catkin_skip_building_tests': False, 'cmake_args': None, 'cmake_clean_cache': False, 'cmake_clean_first': False, 'cmake_force_configure': False, 'cmake_target': None, 'cmake_target_skip_unavailable': False, 'install_base': '/home/user/ros2_ws/install/robot_mk1_description', 'merge_install': False, 'path': '/home/user/ros2_ws/src/robot_mk1_description', 'symlink_install': False, 'test_result_base': None}
[10.932s] Level 5:colcon.colcon_core.verb:set package 'robot_urdf_description' build argument 'cmake_args' from command line to 'None'
[10.932s] Level 5:colcon.colcon_core.verb:set package 'robot_urdf_description' build argument 'cmake_target' from command line to 'None'
[10.932s] Level 5:colcon.colcon_core.verb:set package 'robot_urdf_description' build argument 'cmake_target_skip_unavailable' from command line to 'False'
[10.932s] Level 5:colcon.colcon_core.verb:set package 'robot_urdf_description' build argument 'cmake_clean_cache' from command line to 'False'
[10.932s] Level 5:colcon.colcon_core.verb:set package 'robot_urdf_description' build argument 'cmake_clean_first' from command line to 'False'
[10.932s] Level 5:colcon.colcon_core.verb:set package 'robot_urdf_description' build argument 'cmake_force_configure' from command line to 'False'
[10.932s] Level 5:colcon.colcon_core.verb:set package 'robot_urdf_description' build argument 'ament_cmake_args' from command line to 'None'
[10.932s] Level 5:colcon.colcon_core.verb:set package 'robot_urdf_description' build argument 'catkin_cmake_args' from command line to 'None'
[10.932s] Level 5:colcon.colcon_core.verb:set package 'robot_urdf_description' build argument 'catkin_skip_building_tests' from command line to 'False'
[10.932s] DEBUG:colcon.colcon_core.verb:Building package 'robot_urdf_description' with the following arguments: {'ament_cmake_args': None, 'build_base': '/home/user/ros2_ws/build/robot_urdf_description', 'catkin_cmake_args': None, 'catkin_skip_building_tests': False, 'cmake_args': None, 'cmake_clean_cache': False, 'cmake_clean_first': False, 'cmake_force_configure': False, 'cmake_target': None, 'cmake_target_skip_unavailable': False, 'install_base': '/home/user/ros2_ws/install/robot_urdf_description', 'merge_install': False, 'path': '/home/user/ros2_ws/src/robot_urdf_description', 'symlink_install': False, 'test_result_base': None}
[10.932s] Level 5:colcon.colcon_core.verb:set package 'rosbot_api' build argument 'cmake_args' from command line to 'None'
[10.932s] Level 5:colcon.colcon_core.verb:set package 'rosbot_api' build argument 'cmake_target' from command line to 'None'
[10.932s] Level 5:colcon.colcon_core.verb:set package 'rosbot_api' build argument 'cmake_target_skip_unavailable' from command line to 'False'
[10.932s] Level 5:colcon.colcon_core.verb:set package 'rosbot_api' build argument 'cmake_clean_cache' from command line to 'False'
[10.932s] Level 5:colcon.colcon_core.verb:set package 'rosbot_api' build argument 'cmake_clean_first' from command line to 'False'
[10.932s] Level 5:colcon.colcon_core.verb:set package 'rosbot_api' build argument 'cmake_force_configure' from command line to 'False'
[10.932s] Level 5:colcon.colcon_core.verb:set package 'rosbot_api' build argument 'ament_cmake_args' from command line to 'None'
[10.932s] Level 5:colcon.colcon_core.verb:set package 'rosbot_api' build argument 'catkin_cmake_args' from command line to 'None'
[10.932s] Level 5:colcon.colcon_core.verb:set package 'rosbot_api' build argument 'catkin_skip_building_tests' from command line to 'False'
[10.932s] DEBUG:colcon.colcon_core.verb:Building package 'rosbot_api' with the following arguments: {'ament_cmake_args': None, 'build_base': '/home/user/ros2_ws/build/rosbot_api', 'catkin_cmake_args': None, 'catkin_skip_building_tests': False, 'cmake_args': None, 'cmake_clean_cache': False, 'cmake_clean_first': False, 'cmake_force_configure': False, 'cmake_target': None, 'cmake_target_skip_unavailable': False, 'install_base': '/home/user/ros2_ws/install/rosbot_api', 'merge_install': False, 'path': '/home/user/ros2_ws/src/rosbot_api', 'symlink_install': False, 'test_result_base': None}
[10.933s] Level 5:colcon.colcon_core.verb:set package 'rosbot_description' build argument 'cmake_args' from command line to 'None'
[10.933s] Level 5:colcon.colcon_core.verb:set package 'rosbot_description' build argument 'cmake_target' from command line to 'None'
[10.933s] Level 5:colcon.colcon_core.verb:set package 'rosbot_description' build argument 'cmake_target_skip_unavailable' from command line to 'False'
[10.933s] Level 5:colcon.colcon_core.verb:set package 'rosbot_description' build argument 'cmake_clean_cache' from command line to 'False'
[10.933s] Level 5:colcon.colcon_core.verb:set package 'rosbot_description' build argument 'cmake_clean_first' from command line to 'False'
[10.933s] Level 5:colcon.colcon_core.verb:set package 'rosbot_description' build argument 'cmake_force_configure' from command line to 'False'
[10.933s] Level 5:colcon.colcon_core.verb:set package 'rosbot_description' build argument 'ament_cmake_args' from command line to 'None'
[10.933s] Level 5:colcon.colcon_core.verb:set package 'rosbot_description' build argument 'catkin_cmake_args' from command line to 'None'
[10.933s] Level 5:colcon.colcon_core.verb:set package 'rosbot_description' build argument 'catkin_skip_building_tests' from command line to 'False'
[10.933s] DEBUG:colcon.colcon_core.verb:Building package 'rosbot_description' with the following arguments: {'ament_cmake_args': None, 'build_base': '/home/user/ros2_ws/build/rosbot_description', 'catkin_cmake_args': None, 'catkin_skip_building_tests': False, 'cmake_args': None, 'cmake_clean_cache': False, 'cmake_clean_first': False, 'cmake_force_configure': False, 'cmake_target': None, 'cmake_target_skip_unavailable': False, 'install_base': '/home/user/ros2_ws/install/rosbot_description', 'merge_install': False, 'path': '/home/user/ros2_ws/src/rosbot_description', 'symlink_install': False, 'test_result_base': None}
[10.933s] Level 5:colcon.colcon_core.verb:set package 'rosbot_mk3_description' build argument 'cmake_args' from command line to 'None'
[10.933s] Level 5:colcon.colcon_core.verb:set package 'rosbot_mk3_description' build argument 'cmake_target' from command line to 'None'
[10.933s] Level 5:colcon.colcon_core.verb:set package 'rosbot_mk3_description' build argument 'cmake_target_skip_unavailable' from command line to 'False'
[10.933s] Level 5:colcon.colcon_core.verb:set package 'rosbot_mk3_description' build argument 'cmake_clean_cache' from command line to 'False'
[10.933s] Level 5:colcon.colcon_core.verb:set package 'rosbot_mk3_description' build argument 'cmake_clean_first' from command line to 'False'
[10.933s] Level 5:colcon.colcon_core.verb:set package 'rosbot_mk3_description' build argument 'cmake_force_configure' from command line to 'False'
[10.933s] Level 5:colcon.colcon_core.verb:set package 'rosbot_mk3_description' build argument 'ament_cmake_args' from command line to 'None'
[10.933s] Level 5:colcon.colcon_core.verb:set package 'rosbot_mk3_description' build argument 'catkin_cmake_args' from command line to 'None'
[10.933s] Level 5:colcon.colcon_core.verb:set package 'rosbot_mk3_description' build argument 'catkin_skip_building_tests' from command line to 'False'
[10.933s] DEBUG:colcon.colcon_core.verb:Building package 'rosbot_mk3_description' with the following arguments: {'ament_cmake_args': None, 'build_base': '/home/user/ros2_ws/build/rosbot_mk3_description', 'catkin_cmake_args': None, 'catkin_skip_building_tests': False, 'cmake_args': None, 'cmake_clean_cache': False, 'cmake_clean_first': False, 'cmake_force_configure': False, 'cmake_target': None, 'cmake_target_skip_unavailable': False, 'install_base': '/home/user/ros2_ws/install/rosbot_mk3_description', 'merge_install': False, 'path': '/home/user/ros2_ws/src/rosbot_mk3_description', 'symlink_install': False, 'test_result_base': None}
[10.934s] INFO:colcon.colcon_core.executor:Executing jobs using 'parallel' executor
[10.935s] DEBUG:colcon.colcon_parallel_executor.executor.parallel:run_until_complete
[10.935s] INFO:colcon.colcon_ros.task.ament_python.build:Building ROS package in '/home/user/ros2_ws/src/ARM_MK1_description' with build type 'ament_python'
[10.935s] Level 1:colcon.colcon_core.shell:create_environment_hook('ARM_MK1_description', 'ament_prefix_path')
[10.943s] INFO:colcon.colcon_core.plugin_system:Skipping extension 'colcon_core.shell.bat': Not used on non-Windows systems
[10.944s] INFO:colcon.colcon_core.shell:Creating environment hook '/home/user/ros2_ws/install/ARM_MK1_description/share/ARM_MK1_description/hook/ament_prefix_path.ps1'
[10.945s] INFO:colcon.colcon_core.shell:Creating environment descriptor '/home/user/ros2_ws/install/ARM_MK1_description/share/ARM_MK1_description/hook/ament_prefix_path.dsv'
[10.946s] INFO:colcon.colcon_core.shell:Creating environment hook '/home/user/ros2_ws/install/ARM_MK1_description/share/ARM_MK1_description/hook/ament_prefix_path.sh'
[10.947s] INFO:colcon.colcon_core.shell:Skip shell extension 'powershell' for command environment: Not usable outside of PowerShell
[10.947s] DEBUG:colcon.colcon_core.shell:Skip shell extension 'dsv' for command environment
[10.957s] INFO:colcon.colcon_ros.task.ament_python.build:Building ROS package in '/home/user/ros2_ws/src/bullet_arm_description' with build type 'ament_python'
[10.957s] Level 1:colcon.colcon_core.shell:create_environment_hook('bullet_arm_description', 'ament_prefix_path')
[10.958s] INFO:colcon.colcon_core.shell:Creating environment hook '/home/user/ros2_ws/install/bullet_arm_description/share/bullet_arm_description/hook/ament_prefix_path.ps1'
[10.958s] INFO:colcon.colcon_core.shell:Creating environment descriptor '/home/user/ros2_ws/install/bullet_arm_description/share/bullet_arm_description/hook/ament_prefix_path.dsv'
[10.958s] INFO:colcon.colcon_core.shell:Creating environment hook '/home/user/ros2_ws/install/bullet_arm_description/share/bullet_arm_description/hook/ament_prefix_path.sh'
[10.959s] INFO:colcon.colcon_core.shell:Skip shell extension 'powershell' for command environment: Not usable outside of PowerShell
[10.959s] DEBUG:colcon.colcon_core.shell:Skip shell extension 'dsv' for command environment
[10.964s] INFO:colcon.colcon_ros.task.ament_cmake.build:Building ROS package in '/home/user/ros2_ws/src/oppressor_api' with build type 'ament_cmake'
[10.964s] INFO:colcon.colcon_cmake.task.cmake.build:Building CMake package in '/home/user/ros2_ws/src/oppressor_api'
[10.964s] INFO:colcon.colcon_core.shell:Skip shell extension 'powershell' for command environment: Not usable outside of PowerShell
[10.964s] DEBUG:colcon.colcon_core.shell:Skip shell extension 'dsv' for command environment
[10.969s] INFO:colcon.colcon_ros.task.ament_python.build:Building ROS package in '/home/user/ros2_ws/src/oppressor_mk1_description' with build type 'ament_python'
[10.969s] Level 1:colcon.colcon_core.shell:create_environment_hook('oppressor_mk1_description', 'ament_prefix_path')
[10.969s] INFO:colcon.colcon_core.shell:Creating environment hook '/home/user/ros2_ws/install/oppressor_mk1_description/share/oppressor_mk1_description/hook/ament_prefix_path.ps1'
[10.970s] INFO:colcon.colcon_core.shell:Creating environment descriptor '/home/user/ros2_ws/install/oppressor_mk1_description/share/oppressor_mk1_description/hook/ament_prefix_path.dsv'
[10.970s] INFO:colcon.colcon_core.shell:Creating environment hook '/home/user/ros2_ws/install/oppressor_mk1_description/share/oppressor_mk1_description/hook/ament_prefix_path.sh'
[10.971s] INFO:colcon.colcon_core.shell:Skip shell extension 'powershell' for command environment: Not usable outside of PowerShell
[10.971s] DEBUG:colcon.colcon_core.shell:Skip shell extension 'dsv' for command environment
[10.975s] INFO:colcon.colcon_ros.task.ament_python.build:Building ROS package in '/home/user/ros2_ws/src/oppressor_mk3_description' with build type 'ament_python'
[10.975s] Level 1:colcon.colcon_core.shell:create_environment_hook('oppressor_mk3_description', 'ament_prefix_path')
[10.976s] INFO:colcon.colcon_core.shell:Creating environment hook '/home/user/ros2_ws/install/oppressor_mk3_description/share/oppressor_mk3_description/hook/ament_prefix_path.ps1'
[10.976s] INFO:colcon.colcon_core.shell:Creating environment descriptor '/home/user/ros2_ws/install/oppressor_mk3_description/share/oppressor_mk3_description/hook/ament_prefix_path.dsv'
[10.976s] INFO:colcon.colcon_core.shell:Creating environment hook '/home/user/ros2_ws/install/oppressor_mk3_description/share/oppressor_mk3_description/hook/ament_prefix_path.sh'
[10.977s] INFO:colcon.colcon_core.shell:Skip shell extension 'powershell' for command environment: Not usable outside of PowerShell
[10.977s] DEBUG:colcon.colcon_core.shell:Skip shell extension 'dsv' for command environment
[10.981s] INFO:colcon.colcon_ros.task.ament_python.build:Building ROS package in '/home/user/ros2_ws/src/qube_1_description' with build type 'ament_python'
[10.982s] Level 1:colcon.colcon_core.shell:create_environment_hook('qube_1_description', 'ament_prefix_path')
[10.982s] INFO:colcon.colcon_core.shell:Creating environment hook '/home/user/ros2_ws/install/qube_1_description/share/qube_1_description/hook/ament_prefix_path.ps1'
[10.982s] INFO:colcon.colcon_core.shell:Creating environment descriptor '/home/user/ros2_ws/install/qube_1_description/share/qube_1_description/hook/ament_prefix_path.dsv'
[10.983s] INFO:colcon.colcon_core.shell:Creating environment hook '/home/user/ros2_ws/install/qube_1_description/share/qube_1_description/hook/ament_prefix_path.sh'
[10.983s] INFO:colcon.colcon_core.shell:Skip shell extension 'powershell' for command environment: Not usable outside of PowerShell
[10.983s] DEBUG:colcon.colcon_core.shell:Skip shell extension 'dsv' for command environment
[10.988s] INFO:colcon.colcon_core.task.python.build:Building Python package in '/home/user/ros2_ws/src/r_arm_description'
[10.988s] INFO:colcon.colcon_core.shell:Skip shell extension 'powershell' for command environment: Not usable outside of PowerShell
[10.988s] DEBUG:colcon.colcon_core.shell:Skip shell extension 'dsv' for command environment
[10.993s] INFO:colcon.colcon_ros.task.ament_python.build:Building ROS package in '/home/user/ros2_ws/src/robot_mk1_description' with build type 'ament_python'
[10.993s] Level 1:colcon.colcon_core.shell:create_environment_hook('robot_mk1_description', 'ament_prefix_path')
[10.993s] INFO:colcon.colcon_core.shell:Creating environment hook '/home/user/ros2_ws/install/robot_mk1_description/share/robot_mk1_description/hook/ament_prefix_path.ps1'
[10.994s] INFO:colcon.colcon_core.shell:Creating environment descriptor '/home/user/ros2_ws/install/robot_mk1_description/share/robot_mk1_description/hook/ament_prefix_path.dsv'
[10.994s] INFO:colcon.colcon_core.shell:Creating environment hook '/home/user/ros2_ws/install/robot_mk1_description/share/robot_mk1_description/hook/ament_prefix_path.sh'
[10.994s] INFO:colcon.colcon_core.shell:Skip shell extension 'powershell' for command environment: Not usable outside of PowerShell
[10.994s] DEBUG:colcon.colcon_core.shell:Skip shell extension 'dsv' for command environment
[11.218s] INFO:colcon.colcon_core.task.python.build:Building Python package in '/home/user/ros2_ws/src/ARM_MK1_description'
[11.218s] INFO:colcon.colcon_core.shell:Skip shell extension 'powershell' for command environment: Not usable outside of PowerShell
[11.218s] DEBUG:colcon.colcon_core.shell:Skip shell extension 'dsv' for command environment
[11.453s] INFO:colcon.colcon_core.task.python.build:Building Python package in '/home/user/ros2_ws/src/bullet_arm_description'
[11.453s] INFO:colcon.colcon_core.shell:Skip shell extension 'powershell' for command environment: Not usable outside of PowerShell
[11.454s] DEBUG:colcon.colcon_core.shell:Skip shell extension 'dsv' for command environment
[11.461s] DEBUG:colcon.colcon_core.event_handler.log_command:Invoking command in '/home/user/ros2_ws/build/oppressor_api': CMAKE_PREFIX_PATH=${CMAKE_PREFIX_PATH}:/home/user/ros2_ws/install/rosbot_mk3_description:/home/user/ros2_ws/install/rosbot_description:/home/user/ros2_ws/install/robot_urdf_description:/home/user/ros2_ws/install/robot_mk1_description:/home/user/ros2_ws/install/qube_1_description:/home/user/ros2_ws/install/oppressor_mk3_description:/home/user/ros2_ws/install/oppressor_mk1_description:/home/user/ros2_ws/install/bullet_arm_description:/home/user/ros2_ws/install/ARM_MK1_description:/opt/ros/jazzy _=/usr/bin/env /usr/bin/cmake --build /home/user/ros2_ws/build/oppressor_api -- -j8 -l8
[11.766s] INFO:colcon.colcon_core.task.python.build:Building Python package in '/home/user/ros2_ws/src/oppressor_mk1_description'
[11.767s] INFO:colcon.colcon_core.shell:Skip shell extension 'powershell' for command environment: Not usable outside of PowerShell
[11.767s] DEBUG:colcon.colcon_core.shell:Skip shell extension 'dsv' for command environment
[11.988s] INFO:colcon.colcon_core.task.python.build:Building Python package in '/home/user/ros2_ws/src/oppressor_mk3_description'
[11.988s] INFO:colcon.colcon_core.shell:Skip shell extension 'powershell' for command environment: Not usable outside of PowerShell
[11.988s] DEBUG:colcon.colcon_core.shell:Skip shell extension 'dsv' for command environment
[12.213s] INFO:colcon.colcon_core.task.python.build:Building Python package in '/home/user/ros2_ws/src/qube_1_description'
[12.213s] INFO:colcon.colcon_core.shell:Skip shell extension 'powershell' for command environment: Not usable outside of PowerShell
[12.213s] DEBUG:colcon.colcon_core.shell:Skip shell extension 'dsv' for command environment
[12.704s] INFO:colcon.colcon_core.task.python.build:Building Python package in '/home/user/ros2_ws/src/robot_mk1_description'
[12.704s] INFO:colcon.colcon_core.shell:Skip shell extension 'powershell' for command environment: Not usable outside of PowerShell
[12.704s] DEBUG:colcon.colcon_core.shell:Skip shell extension 'dsv' for command environment
[21.231s] DEBUG:colcon.colcon_core.event_handler.log_command:Invoking command in '/home/user/ros2_ws/src/ARM_MK1_description': PYTHONPATH=/home/user/ros2_ws/build/ARM_MK1_description/prefix_override:/usr/lib/python3/dist-packages/colcon_core/task/python/colcon_distutils_commands:/home/user/ros2_ws/install/ARM_MK1_description/lib/python3.12/site-packages:${PYTHONPATH} _=/usr/bin/env /usr/bin/python3 -W ignore:setup.py install is deprecated -W ignore:easy_install command is deprecated setup.py egg_info --egg-base ../../build/ARM_MK1_description build --build-base /home/user/ros2_ws/build/ARM_MK1_description/build install --record /home/user/ros2_ws/build/ARM_MK1_description/install.log --single-version-externally-managed install_data
[21.242s] DEBUG:colcon.colcon_core.event_handler.log_command:Invoking command in '/home/user/ros2_ws/src/oppressor_mk3_description': PYTHONPATH=/home/user/ros2_ws/build/oppressor_mk3_description/prefix_override:/usr/lib/python3/dist-packages/colcon_core/task/python/colcon_distutils_commands:/home/user/ros2_ws/install/oppressor_mk3_description/lib/python3.12/site-packages:${PYTHONPATH} _=/usr/bin/env /usr/bin/python3 -W ignore:setup.py install is deprecated -W ignore:easy_install command is deprecated setup.py egg_info --egg-base ../../build/oppressor_mk3_description build --build-base /home/user/ros2_ws/build/oppressor_mk3_description/build install --record /home/user/ros2_ws/build/oppressor_mk3_description/install.log --single-version-externally-managed install_data
[21.336s] DEBUG:colcon.colcon_core.event_handler.log_command:Invoking command in '/home/user/ros2_ws/src/qube_1_description': PYTHONPATH=/home/user/ros2_ws/build/qube_1_description/prefix_override:/usr/lib/python3/dist-packages/colcon_core/task/python/colcon_distutils_commands:/home/user/ros2_ws/install/qube_1_description/lib/python3.12/site-packages:${PYTHONPATH} _=/usr/bin/env /usr/bin/python3 -W ignore:setup.py install is deprecated -W ignore:easy_install command is deprecated setup.py egg_info --egg-base ../../build/qube_1_description build --build-base /home/user/ros2_ws/build/qube_1_description/build install --record /home/user/ros2_ws/build/qube_1_description/install.log --single-version-externally-managed install_data
[21.338s] DEBUG:colcon.colcon_core.event_handler.log_command:Invoking command in '/home/user/ros2_ws/src/robot_mk1_description': PYTHONPATH=/home/user/ros2_ws/build/robot_mk1_description/prefix_override:/usr/lib/python3/dist-packages/colcon_core/task/python/colcon_distutils_commands:/home/user/ros2_ws/install/robot_mk1_description/lib/python3.12/site-packages:${PYTHONPATH} _=/usr/bin/env /usr/bin/python3 -W ignore:setup.py install is deprecated -W ignore:easy_install command is deprecated setup.py egg_info --egg-base ../../build/robot_mk1_description build --build-base /home/user/ros2_ws/build/robot_mk1_description/build install --record /home/user/ros2_ws/build/robot_mk1_description/install.log --single-version-externally-managed install_data
[21.339s] DEBUG:colcon.colcon_core.event_handler.log_command:Invoking command in '/home/user/ros2_ws/src/bullet_arm_description': PYTHONPATH=/home/user/ros2_ws/build/bullet_arm_description/prefix_override:/usr/lib/python3/dist-packages/colcon_core/task/python/colcon_distutils_commands:/home/user/ros2_ws/install/bullet_arm_description/lib/python3.12/site-packages:${PYTHONPATH} _=/usr/bin/env /usr/bin/python3 -W ignore:setup.py install is deprecated -W ignore:easy_install command is deprecated setup.py egg_info --egg-base ../../build/bullet_arm_description build --build-base /home/user/ros2_ws/build/bullet_arm_description/build install --record /home/user/ros2_ws/build/bullet_arm_description/install.log --single-version-externally-managed install_data
[21.343s] DEBUG:colcon.colcon_core.event_handler.log_command:Invoking command in '/home/user/ros2_ws/src/oppressor_mk1_description': PYTHONPATH=/home/user/ros2_ws/build/oppressor_mk1_description/prefix_override:/usr/lib/python3/dist-packages/colcon_core/task/python/colcon_distutils_commands:/home/user/ros2_ws/install/oppressor_mk1_description/lib/python3.12/site-packages:${PYTHONPATH} _=/usr/bin/env /usr/bin/python3 -W ignore:setup.py install is deprecated -W ignore:easy_install command is deprecated setup.py egg_info --egg-base ../../build/oppressor_mk1_description build --build-base /home/user/ros2_ws/build/oppressor_mk1_description/build install --record /home/user/ros2_ws/build/oppressor_mk1_description/install.log --single-version-externally-managed install_data
[21.351s] DEBUG:colcon.colcon_core.event_handler.log_command:Invoking command in '/home/user/ros2_ws/src/r_arm_description': PYTHONPATH=/home/user/ros2_ws/build/r_arm_description/prefix_override:/usr/lib/python3/dist-packages/colcon_core/task/python/colcon_distutils_commands:/home/user/ros2_ws/install/r_arm_description/lib/python3.12/site-packages:${PYTHONPATH} _=/usr/bin/env /usr/bin/python3 -W ignore:setup.py install is deprecated -W ignore:easy_install command is deprecated setup.py egg_info --egg-base ../../build/r_arm_description build --build-base /home/user/ros2_ws/build/r_arm_description/build install --record /home/user/ros2_ws/build/r_arm_description/install.log --single-version-externally-managed install_data
[24.145s] DEBUG:colcon.colcon_core.event_handler.log_command:Invoked command in '/home/user/ros2_ws/src/oppressor_mk3_description' returned '0': PYTHONPATH=/home/user/ros2_ws/build/oppressor_mk3_description/prefix_override:/usr/lib/python3/dist-packages/colcon_core/task/python/colcon_distutils_commands:/home/user/ros2_ws/install/oppressor_mk3_description/lib/python3.12/site-packages:${PYTHONPATH} _=/usr/bin/env /usr/bin/python3 -W ignore:setup.py install is deprecated -W ignore:easy_install command is deprecated setup.py egg_info --egg-base ../../build/oppressor_mk3_description build --build-base /home/user/ros2_ws/build/oppressor_mk3_description/build install --record /home/user/ros2_ws/build/oppressor_mk3_description/install.log --single-version-externally-managed install_data
[24.230s] Level 1:colcon.colcon_core.environment:checking '/home/user/ros2_ws/install/oppressor_mk3_description' for CMake module files
[24.231s] Level 1:colcon.colcon_core.environment:checking '/home/user/ros2_ws/install/oppressor_mk3_description' for CMake config files
[24.232s] Level 1:colcon.colcon_core.environment:checking '/home/user/ros2_ws/install/oppressor_mk3_description/lib'
[24.233s] Level 1:colcon.colcon_core.environment:checking '/home/user/ros2_ws/install/oppressor_mk3_description/bin'
[24.233s] Level 1:colcon.colcon_core.environment:checking '/home/user/ros2_ws/install/oppressor_mk3_description/lib/pkgconfig/oppressor_mk3_description.pc'
[24.233s] Level 1:colcon.colcon_core.environment:checking '/home/user/ros2_ws/install/oppressor_mk3_description/lib/python3.12/site-packages'
[24.233s] Level 1:colcon.colcon_core.shell:create_environment_hook('oppressor_mk3_description', 'pythonpath')
[24.234s] INFO:colcon.colcon_core.shell:Creating environment hook '/home/user/ros2_ws/install/oppressor_mk3_description/share/oppressor_mk3_description/hook/pythonpath.ps1'
[24.234s] INFO:colcon.colcon_core.shell:Creating environment descriptor '/home/user/ros2_ws/install/oppressor_mk3_description/share/oppressor_mk3_description/hook/pythonpath.dsv'
[24.235s] INFO:colcon.colcon_core.shell:Creating environment hook '/home/user/ros2_ws/install/oppressor_mk3_description/share/oppressor_mk3_description/hook/pythonpath.sh'
[24.236s] Level 1:colcon.colcon_core.environment:checking '/home/user/ros2_ws/install/oppressor_mk3_description/bin'
[24.236s] Level 1:colcon.colcon_core.environment:create_environment_scripts_only(oppressor_mk3_description)
[24.236s] INFO:colcon.colcon_core.shell:Creating package script '/home/user/ros2_ws/install/oppressor_mk3_description/share/oppressor_mk3_description/package.ps1'
[24.239s] INFO:colcon.colcon_core.shell:Creating package descriptor '/home/user/ros2_ws/install/oppressor_mk3_description/share/oppressor_mk3_description/package.dsv'
[24.240s] INFO:colcon.colcon_core.shell:Creating package script '/home/user/ros2_ws/install/oppressor_mk3_description/share/oppressor_mk3_description/package.sh'
[24.241s] INFO:colcon.colcon_core.shell:Creating package script '/home/user/ros2_ws/install/oppressor_mk3_description/share/oppressor_mk3_description/package.bash'
[24.243s] INFO:colcon.colcon_core.shell:Creating package script '/home/user/ros2_ws/install/oppressor_mk3_description/share/oppressor_mk3_description/package.zsh'
[24.245s] Level 1:colcon.colcon_core.environment:create_file_with_runtime_dependencies(/home/user/ros2_ws/install/oppressor_mk3_description/share/colcon-core/packages/oppressor_mk3_description)
[24.246s] INFO:colcon.colcon_ros.task.ament_python.build:Building ROS package in '/home/user/ros2_ws/src/robot_urdf_description' with build type 'ament_python'
[24.246s] Level 1:colcon.colcon_core.shell:create_environment_hook('robot_urdf_description', 'ament_prefix_path')
[24.247s] INFO:colcon.colcon_core.shell:Creating environment hook '/home/user/ros2_ws/install/robot_urdf_description/share/robot_urdf_description/hook/ament_prefix_path.ps1'
[24.247s] INFO:colcon.colcon_core.shell:Creating environment descriptor '/home/user/ros2_ws/install/robot_urdf_description/share/robot_urdf_description/hook/ament_prefix_path.dsv'
[24.248s] INFO:colcon.colcon_core.shell:Creating environment hook '/home/user/ros2_ws/install/robot_urdf_description/share/robot_urdf_description/hook/ament_prefix_path.sh'
[24.249s] INFO:colcon.colcon_core.shell:Skip shell extension 'powershell' for command environment: Not usable outside of PowerShell
[24.249s] DEBUG:colcon.colcon_core.shell:Skip shell extension 'dsv' for command environment
[24.327s] Level 1:colcon.colcon_core.environment:checking '/home/user/ros2_ws/install/robot_mk1_description' for CMake module files
[24.329s] Level 1:colcon.colcon_core.environment:checking '/home/user/ros2_ws/install/robot_mk1_description' for CMake config files
[24.331s] DEBUG:colcon.colcon_core.event_handler.log_command:Invoked command in '/home/user/ros2_ws/src/robot_mk1_description' returned '0': PYTHONPATH=/home/user/ros2_ws/build/robot_mk1_description/prefix_override:/usr/lib/python3/dist-packages/colcon_core/task/python/colcon_distutils_commands:/home/user/ros2_ws/install/robot_mk1_description/lib/python3.12/site-packages:${PYTHONPATH} _=/usr/bin/env /usr/bin/python3 -W ignore:setup.py install is deprecated -W ignore:easy_install command is deprecated setup.py egg_info --egg-base ../../build/robot_mk1_description build --build-base /home/user/ros2_ws/build/robot_mk1_description/build install --record /home/user/ros2_ws/build/robot_mk1_description/install.log --single-version-externally-managed install_data
[24.331s] Level 1:colcon.colcon_core.environment:checking '/home/user/ros2_ws/install/robot_mk1_description/lib'
[24.331s] Level 1:colcon.colcon_core.environment:checking '/home/user/ros2_ws/install/robot_mk1_description/bin'
[24.331s] Level 1:colcon.colcon_core.environment:checking '/home/user/ros2_ws/install/robot_mk1_description/lib/pkgconfig/robot_mk1_description.pc'
[24.332s] Level 1:colcon.colcon_core.environment:checking '/home/user/ros2_ws/install/robot_mk1_description/lib/python3.12/site-packages'
[24.332s] Level 1:colcon.colcon_core.shell:create_environment_hook('robot_mk1_description', 'pythonpath')
[24.332s] INFO:colcon.colcon_core.shell:Creating environment hook '/home/user/ros2_ws/install/robot_mk1_description/share/robot_mk1_description/hook/pythonpath.ps1'
[24.333s] INFO:colcon.colcon_core.shell:Creating environment descriptor '/home/user/ros2_ws/install/robot_mk1_description/share/robot_mk1_description/hook/pythonpath.dsv'
[24.333s] INFO:colcon.colcon_core.shell:Creating environment hook '/home/user/ros2_ws/install/robot_mk1_description/share/robot_mk1_description/hook/pythonpath.sh'
[24.334s] Level 1:colcon.colcon_core.environment:checking '/home/user/ros2_ws/install/robot_mk1_description/bin'
[24.334s] Level 1:colcon.colcon_core.environment:create_environment_scripts_only(robot_mk1_description)
[24.335s] INFO:colcon.colcon_core.shell:Creating package script '/home/user/ros2_ws/install/robot_mk1_description/share/robot_mk1_description/package.ps1'
[24.336s] INFO:colcon.colcon_core.shell:Creating package descriptor '/home/user/ros2_ws/install/robot_mk1_description/share/robot_mk1_description/package.dsv'
[24.336s] INFO:colcon.colcon_core.shell:Creating package script '/home/user/ros2_ws/install/robot_mk1_description/share/robot_mk1_description/package.sh'
[24.337s] INFO:colcon.colcon_core.shell:Creating package script '/home/user/ros2_ws/install/robot_mk1_description/share/robot_mk1_description/package.bash'
[24.338s] INFO:colcon.colcon_core.shell:Creating package script '/home/user/ros2_ws/install/robot_mk1_description/share/robot_mk1_description/package.zsh'
[24.338s] Level 1:colcon.colcon_core.environment:create_file_with_runtime_dependencies(/home/user/ros2_ws/install/robot_mk1_description/share/colcon-core/packages/robot_mk1_description)
[24.339s] INFO:colcon.colcon_ros.task.ament_cmake.build:Building ROS package in '/home/user/ros2_ws/src/rosbot_api' with build type 'ament_cmake'
[24.339s] INFO:colcon.colcon_cmake.task.cmake.build:Building CMake package in '/home/user/ros2_ws/src/rosbot_api'
[24.340s] INFO:colcon.colcon_core.shell:Skip shell extension 'powershell' for command environment: Not usable outside of PowerShell
[24.340s] DEBUG:colcon.colcon_core.shell:Skip shell extension 'dsv' for command environment
[24.727s] INFO:colcon.colcon_core.task.python.build:Building Python package in '/home/user/ros2_ws/src/robot_urdf_description'
[24.727s] INFO:colcon.colcon_core.shell:Skip shell extension 'powershell' for command environment: Not usable outside of PowerShell
[24.727s] DEBUG:colcon.colcon_core.shell:Skip shell extension 'dsv' for command environment
[24.735s] Level 1:colcon.colcon_core.environment:checking '/home/user/ros2_ws/install/ARM_MK1_description' for CMake module files
[24.736s] DEBUG:colcon.colcon_core.event_handler.log_command:Invoked command in '/home/user/ros2_ws/src/ARM_MK1_description' returned '0': PYTHONPATH=/home/user/ros2_ws/build/ARM_MK1_description/prefix_override:/usr/lib/python3/dist-packages/colcon_core/task/python/colcon_distutils_commands:/home/user/ros2_ws/install/ARM_MK1_description/lib/python3.12/site-packages:${PYTHONPATH} _=/usr/bin/env /usr/bin/python3 -W ignore:setup.py install is deprecated -W ignore:easy_install command is deprecated setup.py egg_info --egg-base ../../build/ARM_MK1_description build --build-base /home/user/ros2_ws/build/ARM_MK1_description/build install --record /home/user/ros2_ws/build/ARM_MK1_description/install.log --single-version-externally-managed install_data
[24.736s] Level 1:colcon.colcon_core.environment:checking '/home/user/ros2_ws/install/ARM_MK1_description' for CMake config files
[24.736s] Level 1:colcon.colcon_core.environment:checking '/home/user/ros2_ws/install/ARM_MK1_description/lib'
[24.737s] Level 1:colcon.colcon_core.environment:checking '/home/user/ros2_ws/install/ARM_MK1_description/bin'
[24.737s] Level 1:colcon.colcon_core.environment:checking '/home/user/ros2_ws/install/ARM_MK1_description/lib/pkgconfig/ARM_MK1_description.pc'
[24.737s] Level 1:colcon.colcon_core.environment:checking '/home/user/ros2_ws/install/ARM_MK1_description/lib/python3.12/site-packages'
[24.737s] Level 1:colcon.colcon_core.shell:create_environment_hook('ARM_MK1_description', 'pythonpath')
[24.737s] INFO:colcon.colcon_core.shell:Creating environment hook '/home/user/ros2_ws/install/ARM_MK1_description/share/ARM_MK1_description/hook/pythonpath.ps1'
[24.738s] INFO:colcon.colcon_core.shell:Creating environment descriptor '/home/user/ros2_ws/install/ARM_MK1_description/share/ARM_MK1_description/hook/pythonpath.dsv'
[24.738s] INFO:colcon.colcon_core.shell:Creating environment hook '/home/user/ros2_ws/install/ARM_MK1_description/share/ARM_MK1_description/hook/pythonpath.sh'
[24.739s] Level 1:colcon.colcon_core.environment:checking '/home/user/ros2_ws/install/ARM_MK1_description/bin'
[24.739s] Level 1:colcon.colcon_core.environment:create_environment_scripts_only(ARM_MK1_description)
[24.739s] INFO:colcon.colcon_core.shell:Creating package script '/home/user/ros2_ws/install/ARM_MK1_description/share/ARM_MK1_description/package.ps1'
[24.740s] INFO:colcon.colcon_core.shell:Creating package descriptor '/home/user/ros2_ws/install/ARM_MK1_description/share/ARM_MK1_description/package.dsv'
[24.740s] INFO:colcon.colcon_core.shell:Creating package script '/home/user/ros2_ws/install/ARM_MK1_description/share/ARM_MK1_description/package.sh'
[24.740s] INFO:colcon.colcon_core.shell:Creating package script '/home/user/ros2_ws/install/ARM_MK1_description/share/ARM_MK1_description/package.bash'
[24.741s] INFO:colcon.colcon_core.shell:Creating package script '/home/user/ros2_ws/install/ARM_MK1_description/share/ARM_MK1_description/package.zsh'
[24.741s] Level 1:colcon.colcon_core.environment:create_file_with_runtime_dependencies(/home/user/ros2_ws/install/ARM_MK1_description/share/colcon-core/packages/ARM_MK1_description)
[24.741s] Level 1:colcon.colcon_core.environment:checking '/home/user/ros2_ws/install/oppressor_mk1_description' for CMake module files
[24.743s] Level 1:colcon.colcon_core.environment:checking '/home/user/ros2_ws/install/oppressor_mk1_description' for CMake config files
[24.743s] DEBUG:colcon.colcon_core.event_handler.log_command:Invoked command in '/home/user/ros2_ws/src/oppressor_mk1_description' returned '0': PYTHONPATH=/home/user/ros2_ws/build/oppressor_mk1_description/prefix_override:/usr/lib/python3/dist-packages/colcon_core/task/python/colcon_distutils_commands:/home/user/ros2_ws/install/oppressor_mk1_description/lib/python3.12/site-packages:${PYTHONPATH} _=/usr/bin/env /usr/bin/python3 -W ignore:setup.py install is deprecated -W ignore:easy_install command is deprecated setup.py egg_info --egg-base ../../build/oppressor_mk1_description build --build-base /home/user/ros2_ws/build/oppressor_mk1_description/build install --record /home/user/ros2_ws/build/oppressor_mk1_description/install.log --single-version-externally-managed install_data
[24.744s] Level 1:colcon.colcon_core.environment:checking '/home/user/ros2_ws/install/oppressor_mk1_description/lib'
[24.744s] Level 1:colcon.colcon_core.environment:checking '/home/user/ros2_ws/install/oppressor_mk1_description/bin'
[24.744s] Level 1:colcon.colcon_core.environment:checking '/home/user/ros2_ws/install/oppressor_mk1_description/lib/pkgconfig/oppressor_mk1_description.pc'
[24.744s] Level 1:colcon.colcon_core.environment:checking '/home/user/ros2_ws/install/oppressor_mk1_description/lib/python3.12/site-packages'
[24.744s] Level 1:colcon.colcon_core.shell:create_environment_hook('oppressor_mk1_description', 'pythonpath')
[24.744s] INFO:colcon.colcon_core.shell:Creating environment hook '/home/user/ros2_ws/install/oppressor_mk1_description/share/oppressor_mk1_description/hook/pythonpath.ps1'
[24.745s] INFO:colcon.colcon_core.shell:Creating environment descriptor '/home/user/ros2_ws/install/oppressor_mk1_description/share/oppressor_mk1_description/hook/pythonpath.dsv'
[24.745s] INFO:colcon.colcon_core.shell:Creating environment hook '/home/user/ros2_ws/install/oppressor_mk1_description/share/oppressor_mk1_description/hook/pythonpath.sh'
[24.746s] Level 1:colcon.colcon_core.environment:checking '/home/user/ros2_ws/install/oppressor_mk1_description/bin'
[24.746s] Level 1:colcon.colcon_core.environment:create_environment_scripts_only(oppressor_mk1_description)
[24.746s] INFO:colcon.colcon_core.shell:Creating package script '/home/user/ros2_ws/install/oppressor_mk1_description/share/oppressor_mk1_description/package.ps1'
[24.747s] INFO:colcon.colcon_core.shell:Creating package descriptor '/home/user/ros2_ws/install/oppressor_mk1_description/share/oppressor_mk1_description/package.dsv'
[24.747s] INFO:colcon.colcon_core.shell:Creating package script '/home/user/ros2_ws/install/oppressor_mk1_description/share/oppressor_mk1_description/package.sh'
[24.747s] INFO:colcon.colcon_core.shell:Creating package script '/home/user/ros2_ws/install/oppressor_mk1_description/share/oppressor_mk1_description/package.bash'
[24.748s] INFO:colcon.colcon_core.shell:Creating package script '/home/user/ros2_ws/install/oppressor_mk1_description/share/oppressor_mk1_description/package.zsh'
[24.749s] Level 1:colcon.colcon_core.environment:create_file_with_runtime_dependencies(/home/user/ros2_ws/install/oppressor_mk1_description/share/colcon-core/packages/oppressor_mk1_description)
[24.749s] Level 1:colcon.colcon_core.environment:checking '/home/user/ros2_ws/install/qube_1_description' for CMake module files
[24.750s] DEBUG:colcon.colcon_core.event_handler.log_command:Invoked command in '/home/user/ros2_ws/src/qube_1_description' returned '0': PYTHONPATH=/home/user/ros2_ws/build/qube_1_description/prefix_override:/usr/lib/python3/dist-packages/colcon_core/task/python/colcon_distutils_commands:/home/user/ros2_ws/install/qube_1_description/lib/python3.12/site-packages:${PYTHONPATH} _=/usr/bin/env /usr/bin/python3 -W ignore:setup.py install is deprecated -W ignore:easy_install command is deprecated setup.py egg_info --egg-base ../../build/qube_1_description build --build-base /home/user/ros2_ws/build/qube_1_description/build install --record /home/user/ros2_ws/build/qube_1_description/install.log --single-version-externally-managed install_data
[24.751s] Level 1:colcon.colcon_core.environment:checking '/home/user/ros2_ws/install/qube_1_description' for CMake config files
[24.751s] Level 1:colcon.colcon_core.environment:checking '/home/user/ros2_ws/install/qube_1_description/lib'
[24.752s] Level 1:colcon.colcon_core.environment:checking '/home/user/ros2_ws/install/qube_1_description/bin'
[24.752s] Level 1:colcon.colcon_core.environment:checking '/home/user/ros2_ws/install/qube_1_description/lib/pkgconfig/qube_1_description.pc'
[24.752s] Level 1:colcon.colcon_core.environment:checking '/home/user/ros2_ws/install/qube_1_description/lib/python3.12/site-packages'
[24.752s] Level 1:colcon.colcon_core.shell:create_environment_hook('qube_1_description', 'pythonpath')
[24.752s] INFO:colcon.colcon_core.shell:Creating environment hook '/home/user/ros2_ws/install/qube_1_description/share/qube_1_description/hook/pythonpath.ps1'
[24.753s] INFO:colcon.colcon_core.shell:Creating environment descriptor '/home/user/ros2_ws/install/qube_1_description/share/qube_1_description/hook/pythonpath.dsv'
[24.753s] INFO:colcon.colcon_core.shell:Creating environment hook '/home/user/ros2_ws/install/qube_1_description/share/qube_1_description/hook/pythonpath.sh'
[24.754s] Level 1:colcon.colcon_core.environment:checking '/home/user/ros2_ws/install/qube_1_description/bin'
[24.755s] Level 1:colcon.colcon_core.environment:create_environment_scripts_only(qube_1_description)
[24.755s] INFO:colcon.colcon_core.shell:Creating package script '/home/user/ros2_ws/install/qube_1_description/share/qube_1_description/package.ps1'
[24.756s] INFO:colcon.colcon_core.shell:Creating package descriptor '/home/user/ros2_ws/install/qube_1_description/share/qube_1_description/package.dsv'
[24.756s] INFO:colcon.colcon_core.shell:Creating package script '/home/user/ros2_ws/install/qube_1_description/share/qube_1_description/package.sh'
[24.757s] INFO:colcon.colcon_core.shell:Creating package script '/home/user/ros2_ws/install/qube_1_description/share/qube_1_description/package.bash'
[24.758s] INFO:colcon.colcon_core.shell:Creating package script '/home/user/ros2_ws/install/qube_1_description/share/qube_1_description/package.zsh'
[24.758s] Level 1:colcon.colcon_core.environment:create_file_with_runtime_dependencies(/home/user/ros2_ws/install/qube_1_description/share/colcon-core/packages/qube_1_description)
[24.762s] Level 1:colcon.colcon_core.environment:checking '/home/user/ros2_ws/install/r_arm_description' for CMake module files
[24.762s] DEBUG:colcon.colcon_core.event_handler.log_command:Invoking command in '/home/user/ros2_ws/build/rosbot_api': CMAKE_PREFIX_PATH=${CMAKE_PREFIX_PATH}:/home/user/ros2_ws/install/rosbot_mk3_description:/home/user/ros2_ws/install/rosbot_description:/home/user/ros2_ws/install/robot_urdf_description:/home/user/ros2_ws/install/robot_mk1_description:/home/user/ros2_ws/install/qube_1_description:/home/user/ros2_ws/install/oppressor_mk3_description:/home/user/ros2_ws/install/oppressor_mk1_description:/home/user/ros2_ws/install/bullet_arm_description:/home/user/ros2_ws/install/ARM_MK1_description:/opt/ros/jazzy _=/usr/bin/env /usr/bin/cmake --build /home/user/ros2_ws/build/rosbot_api -- -j8 -l8
[24.763s] DEBUG:colcon.colcon_core.event_handler.log_command:Invoked command in '/home/user/ros2_ws/src/r_arm_description' returned '0': PYTHONPATH=/home/user/ros2_ws/build/r_arm_description/prefix_override:/usr/lib/python3/dist-packages/colcon_core/task/python/colcon_distutils_commands:/home/user/ros2_ws/install/r_arm_description/lib/python3.12/site-packages:${PYTHONPATH} _=/usr/bin/env /usr/bin/python3 -W ignore:setup.py install is deprecated -W ignore:easy_install command is deprecated setup.py egg_info --egg-base ../../build/r_arm_description build --build-base /home/user/ros2_ws/build/r_arm_description/build install --record /home/user/ros2_ws/build/r_arm_description/install.log --single-version-externally-managed install_data
[24.763s] Level 1:colcon.colcon_core.environment:checking '/home/user/ros2_ws/install/r_arm_description' for CMake config files
[24.764s] Level 1:colcon.colcon_core.environment:checking '/home/user/ros2_ws/install/r_arm_description/lib'
[24.764s] Level 1:colcon.colcon_core.environment:checking '/home/user/ros2_ws/install/r_arm_description/bin'
[24.764s] Level 1:colcon.colcon_core.environment:checking '/home/user/ros2_ws/install/r_arm_description/lib/pkgconfig/r_arm_description.pc'
[24.764s] Level 1:colcon.colcon_core.environment:checking '/home/user/ros2_ws/install/r_arm_description/lib/python3.12/site-packages'
[24.764s] Level 1:colcon.colcon_core.shell:create_environment_hook('r_arm_description', 'pythonpath')
[24.764s] INFO:colcon.colcon_core.shell:Creating environment hook '/home/user/ros2_ws/install/r_arm_description/share/r_arm_description/hook/pythonpath.ps1'
[24.765s] INFO:colcon.colcon_core.shell:Creating environment descriptor '/home/user/ros2_ws/install/r_arm_description/share/r_arm_description/hook/pythonpath.dsv'
[24.765s] INFO:colcon.colcon_core.shell:Creating environment hook '/home/user/ros2_ws/install/r_arm_description/share/r_arm_description/hook/pythonpath.sh'
[24.766s] Level 1:colcon.colcon_core.environment:checking '/home/user/ros2_ws/install/r_arm_description/bin'
[24.766s] Level 1:colcon.colcon_core.environment:create_environment_scripts_only(r_arm_description)
[24.766s] INFO:colcon.colcon_core.shell:Creating package script '/home/user/ros2_ws/install/r_arm_description/share/r_arm_description/package.ps1'
[24.767s] INFO:colcon.colcon_core.shell:Creating package descriptor '/home/user/ros2_ws/install/r_arm_description/share/r_arm_description/package.dsv'
[24.767s] INFO:colcon.colcon_core.shell:Creating package script '/home/user/ros2_ws/install/r_arm_description/share/r_arm_description/package.sh'
[24.767s] INFO:colcon.colcon_core.shell:Creating package script '/home/user/ros2_ws/install/r_arm_description/share/r_arm_description/package.bash'
[24.768s] INFO:colcon.colcon_core.shell:Creating package script '/home/user/ros2_ws/install/r_arm_description/share/r_arm_description/package.zsh'
[24.768s] Level 1:colcon.colcon_core.environment:create_file_with_runtime_dependencies(/home/user/ros2_ws/install/r_arm_description/share/colcon-core/packages/r_arm_description)
[24.769s] INFO:colcon.colcon_ros.task.ament_python.build:Building ROS package in '/home/user/ros2_ws/src/rosbot_description' with build type 'ament_python'
[24.769s] Level 1:colcon.colcon_core.shell:create_environment_hook('rosbot_description', 'ament_prefix_path')
[24.769s] INFO:colcon.colcon_core.shell:Creating environment hook '/home/user/ros2_ws/install/rosbot_description/share/rosbot_description/hook/ament_prefix_path.ps1'
[24.770s] INFO:colcon.colcon_core.shell:Creating environment descriptor '/home/user/ros2_ws/install/rosbot_description/share/rosbot_description/hook/ament_prefix_path.dsv'
[24.770s] INFO:colcon.colcon_core.shell:Creating environment hook '/home/user/ros2_ws/install/rosbot_description/share/rosbot_description/hook/ament_prefix_path.sh'
[24.771s] INFO:colcon.colcon_core.shell:Skip shell extension 'powershell' for command environment: Not usable outside of PowerShell
[24.771s] DEBUG:colcon.colcon_core.shell:Skip shell extension 'dsv' for command environment
[24.776s] INFO:colcon.colcon_ros.task.ament_python.build:Building ROS package in '/home/user/ros2_ws/src/rosbot_mk3_description' with build type 'ament_python'
[24.776s] Level 1:colcon.colcon_core.shell:create_environment_hook('rosbot_mk3_description', 'ament_prefix_path')
[24.776s] INFO:colcon.colcon_core.shell:Creating environment hook '/home/user/ros2_ws/install/rosbot_mk3_description/share/rosbot_mk3_description/hook/ament_prefix_path.ps1'
[24.777s] INFO:colcon.colcon_core.shell:Creating environment descriptor '/home/user/ros2_ws/install/rosbot_mk3_description/share/rosbot_mk3_description/hook/ament_prefix_path.dsv'
[24.777s] INFO:colcon.colcon_core.shell:Creating environment hook '/home/user/ros2_ws/install/rosbot_mk3_description/share/rosbot_mk3_description/hook/ament_prefix_path.sh'
[24.777s] INFO:colcon.colcon_core.shell:Skip shell extension 'powershell' for command environment: Not usable outside of PowerShell
[24.777s] DEBUG:colcon.colcon_core.shell:Skip shell extension 'dsv' for command environment
[24.783s] Level 1:colcon.colcon_core.environment:checking '/home/user/ros2_ws/install/bullet_arm_description' for CMake module files
[24.783s] DEBUG:colcon.colcon_core.event_handler.log_command:Invoked command in '/home/user/ros2_ws/src/bullet_arm_description' returned '0': PYTHONPATH=/home/user/ros2_ws/build/bullet_arm_description/prefix_override:/usr/lib/python3/dist-packages/colcon_core/task/python/colcon_distutils_commands:/home/user/ros2_ws/install/bullet_arm_description/lib/python3.12/site-packages:${PYTHONPATH} _=/usr/bin/env /usr/bin/python3 -W ignore:setup.py install is deprecated -W ignore:easy_install command is deprecated setup.py egg_info --egg-base ../../build/bullet_arm_description build --build-base /home/user/ros2_ws/build/bullet_arm_description/build install --record /home/user/ros2_ws/build/bullet_arm_description/install.log --single-version-externally-managed install_data
[24.784s] Level 1:colcon.colcon_core.environment:checking '/home/user/ros2_ws/install/bullet_arm_description' for CMake config files
[24.784s] Level 1:colcon.colcon_core.environment:checking '/home/user/ros2_ws/install/bullet_arm_description/lib'
[24.784s] Level 1:colcon.colcon_core.environment:checking '/home/user/ros2_ws/install/bullet_arm_description/bin'
[24.784s] Level 1:colcon.colcon_core.environment:checking '/home/user/ros2_ws/install/bullet_arm_description/lib/pkgconfig/bullet_arm_description.pc'
[24.784s] Level 1:colcon.colcon_core.environment:checking '/home/user/ros2_ws/install/bullet_arm_description/lib/python3.12/site-packages'
[24.785s] Level 1:colcon.colcon_core.shell:create_environment_hook('bullet_arm_description', 'pythonpath')
[24.785s] INFO:colcon.colcon_core.shell:Creating environment hook '/home/user/ros2_ws/install/bullet_arm_description/share/bullet_arm_description/hook/pythonpath.ps1'
[24.785s] INFO:colcon.colcon_core.shell:Creating environment descriptor '/home/user/ros2_ws/install/bullet_arm_description/share/bullet_arm_description/hook/pythonpath.dsv'
[24.786s] INFO:colcon.colcon_core.shell:Creating environment hook '/home/user/ros2_ws/install/bullet_arm_description/share/bullet_arm_description/hook/pythonpath.sh'
[24.786s] Level 1:colcon.colcon_core.environment:checking '/home/user/ros2_ws/install/bullet_arm_description/bin'
[24.786s] Level 1:colcon.colcon_core.environment:create_environment_scripts_only(bullet_arm_description)
[24.787s] INFO:colcon.colcon_core.shell:Creating package script '/home/user/ros2_ws/install/bullet_arm_description/share/bullet_arm_description/package.ps1'
[24.787s] INFO:colcon.colcon_core.shell:Creating package descriptor '/home/user/ros2_ws/install/bullet_arm_description/share/bullet_arm_description/package.dsv'
[24.788s] INFO:colcon.colcon_core.shell:Creating package script '/home/user/ros2_ws/install/bullet_arm_description/share/bullet_arm_description/package.sh'
[24.788s] INFO:colcon.colcon_core.shell:Creating package script '/home/user/ros2_ws/install/bullet_arm_description/share/bullet_arm_description/package.bash'
[24.788s] INFO:colcon.colcon_core.shell:Creating package script '/home/user/ros2_ws/install/bullet_arm_description/share/bullet_arm_description/package.zsh'
[24.789s] Level 1:colcon.colcon_core.environment:create_file_with_runtime_dependencies(/home/user/ros2_ws/install/bullet_arm_description/share/colcon-core/packages/bullet_arm_description)
[25.049s] INFO:colcon.colcon_core.task.python.build:Building Python package in '/home/user/ros2_ws/src/rosbot_description'
[25.049s] INFO:colcon.colcon_core.shell:Skip shell extension 'powershell' for command environment: Not usable outside of PowerShell
[25.049s] DEBUG:colcon.colcon_core.shell:Skip shell extension 'dsv' for command environment
[25.276s] INFO:colcon.colcon_core.task.python.build:Building Python package in '/home/user/ros2_ws/src/rosbot_mk3_description'
[25.276s] INFO:colcon.colcon_core.shell:Skip shell extension 'powershell' for command environment: Not usable outside of PowerShell
[25.276s] DEBUG:colcon.colcon_core.shell:Skip shell extension 'dsv' for command environment
[25.284s] DEBUG:colcon.colcon_core.event_handler.log_command:Invoked command in '/home/user/ros2_ws/build/rosbot_api' returned '0': CMAKE_PREFIX_PATH=${CMAKE_PREFIX_PATH}:/home/user/ros2_ws/install/rosbot_mk3_description:/home/user/ros2_ws/install/rosbot_description:/home/user/ros2_ws/install/robot_urdf_description:/home/user/ros2_ws/install/robot_mk1_description:/home/user/ros2_ws/install/qube_1_description:/home/user/ros2_ws/install/oppressor_mk3_description:/home/user/ros2_ws/install/oppressor_mk1_description:/home/user/ros2_ws/install/bullet_arm_description:/home/user/ros2_ws/install/ARM_MK1_description:/opt/ros/jazzy _=/usr/bin/env /usr/bin/cmake --build /home/user/ros2_ws/build/rosbot_api -- -j8 -l8
[25.300s] DEBUG:colcon.colcon_core.event_handler.log_command:Invoking command in '/home/user/ros2_ws/build/rosbot_api': CMAKE_PREFIX_PATH=${CMAKE_PREFIX_PATH}:/home/user/ros2_ws/install/rosbot_mk3_description:/home/user/ros2_ws/install/rosbot_description:/home/user/ros2_ws/install/robot_urdf_description:/home/user/ros2_ws/install/robot_mk1_description:/home/user/ros2_ws/install/qube_1_description:/home/user/ros2_ws/install/oppressor_mk3_description:/home/user/ros2_ws/install/oppressor_mk1_description:/home/user/ros2_ws/install/bullet_arm_description:/home/user/ros2_ws/install/ARM_MK1_description:/opt/ros/jazzy _=/usr/bin/env /usr/bin/cmake --install /home/user/ros2_ws/build/rosbot_api
[25.332s] Level 1:colcon.colcon_core.environment:create_environment_scripts_only(rosbot_api)
[25.332s] Level 1:colcon.colcon_core.environment:checking '/home/user/ros2_ws/install/rosbot_api' for CMake module files
[25.333s] DEBUG:colcon.colcon_core.event_handler.log_command:Invoked command in '/home/user/ros2_ws/build/rosbot_api' returned '0': CMAKE_PREFIX_PATH=${CMAKE_PREFIX_PATH}:/home/user/ros2_ws/install/rosbot_mk3_description:/home/user/ros2_ws/install/rosbot_description:/home/user/ros2_ws/install/robot_urdf_description:/home/user/ros2_ws/install/robot_mk1_description:/home/user/ros2_ws/install/qube_1_description:/home/user/ros2_ws/install/oppressor_mk3_description:/home/user/ros2_ws/install/oppressor_mk1_description:/home/user/ros2_ws/install/bullet_arm_description:/home/user/ros2_ws/install/ARM_MK1_description:/opt/ros/jazzy _=/usr/bin/env /usr/bin/cmake --install /home/user/ros2_ws/build/rosbot_api
[25.333s] Level 1:colcon.colcon_core.environment:checking '/home/user/ros2_ws/install/rosbot_api' for CMake config files
[25.334s] Level 1:colcon.colcon_core.shell:create_environment_hook('rosbot_api', 'cmake_prefix_path')
[25.334s] INFO:colcon.colcon_core.shell:Creating environment hook '/home/user/ros2_ws/install/rosbot_api/share/rosbot_api/hook/cmake_prefix_path.ps1'
[25.334s] INFO:colcon.colcon_core.shell:Creating environment descriptor '/home/user/ros2_ws/install/rosbot_api/share/rosbot_api/hook/cmake_prefix_path.dsv'
[25.335s] INFO:colcon.colcon_core.shell:Creating environment hook '/home/user/ros2_ws/install/rosbot_api/share/rosbot_api/hook/cmake_prefix_path.sh'
[25.336s] Level 1:colcon.colcon_core.environment:checking '/home/user/ros2_ws/install/rosbot_api/lib'
[25.336s] Level 1:colcon.colcon_core.environment:checking '/home/user/ros2_ws/install/rosbot_api/bin'
[25.336s] Level 1:colcon.colcon_core.environment:checking '/home/user/ros2_ws/install/rosbot_api/lib/pkgconfig/rosbot_api.pc'
[25.336s] Level 1:colcon.colcon_core.environment:checking '/home/user/ros2_ws/install/rosbot_api/lib/python3.12/site-packages'
[25.337s] Level 1:colcon.colcon_core.environment:checking '/home/user/ros2_ws/install/rosbot_api/bin'
[25.337s] INFO:colcon.colcon_core.shell:Creating package script '/home/user/ros2_ws/install/rosbot_api/share/rosbot_api/package.ps1'
[25.338s] INFO:colcon.colcon_core.shell:Creating package descriptor '/home/user/ros2_ws/install/rosbot_api/share/rosbot_api/package.dsv'
[25.339s] INFO:colcon.colcon_core.shell:Creating package script '/home/user/ros2_ws/install/rosbot_api/share/rosbot_api/package.sh'
[25.339s] INFO:colcon.colcon_core.shell:Creating package script '/home/user/ros2_ws/install/rosbot_api/share/rosbot_api/package.bash'
[25.340s] INFO:colcon.colcon_core.shell:Creating package script '/home/user/ros2_ws/install/rosbot_api/share/rosbot_api/package.zsh'
[25.341s] Level 1:colcon.colcon_core.environment:create_file_with_runtime_dependencies(/home/user/ros2_ws/install/rosbot_api/share/colcon-core/packages/rosbot_api)
[25.342s] Level 1:colcon.colcon_core.environment:create_environment_scripts_only(rosbot_api)
[25.342s] Level 1:colcon.colcon_core.environment:checking '/home/user/ros2_ws/install/rosbot_api' for CMake module files
[25.343s] Level 1:colcon.colcon_core.environment:checking '/home/user/ros2_ws/install/rosbot_api' for CMake config files
[25.343s] Level 1:colcon.colcon_core.shell:create_environment_hook('rosbot_api', 'cmake_prefix_path')
[25.343s] INFO:colcon.colcon_core.shell:Creating environment hook '/home/user/ros2_ws/install/rosbot_api/share/rosbot_api/hook/cmake_prefix_path.ps1'
[25.344s] INFO:colcon.colcon_core.shell:Creating environment descriptor '/home/user/ros2_ws/install/rosbot_api/share/rosbot_api/hook/cmake_prefix_path.dsv'
[25.344s] INFO:colcon.colcon_core.shell:Creating environment hook '/home/user/ros2_ws/install/rosbot_api/share/rosbot_api/hook/cmake_prefix_path.sh'
[25.345s] Level 1:colcon.colcon_core.environment:checking '/home/user/ros2_ws/install/rosbot_api/lib'
[25.345s] Level 1:colcon.colcon_core.environment:checking '/home/user/ros2_ws/install/rosbot_api/bin'
[25.345s] Level 1:colcon.colcon_core.environment:checking '/home/user/ros2_ws/install/rosbot_api/lib/pkgconfig/rosbot_api.pc'
[25.346s] Level 1:colcon.colcon_core.environment:checking '/home/user/ros2_ws/install/rosbot_api/lib/python3.12/site-packages'
[25.346s] Level 1:colcon.colcon_core.environment:checking '/home/user/ros2_ws/install/rosbot_api/bin'
[25.347s] INFO:colcon.colcon_core.shell:Creating package script '/home/user/ros2_ws/install/rosbot_api/share/rosbot_api/package.ps1'
[25.348s] INFO:colcon.colcon_core.shell:Creating package descriptor '/home/user/ros2_ws/install/rosbot_api/share/rosbot_api/package.dsv'
[25.349s] INFO:colcon.colcon_core.shell:Creating package script '/home/user/ros2_ws/install/rosbot_api/share/rosbot_api/package.sh'
[25.349s] INFO:colcon.colcon_core.shell:Creating package script '/home/user/ros2_ws/install/rosbot_api/share/rosbot_api/package.bash'
[25.350s] INFO:colcon.colcon_core.shell:Creating package script '/home/user/ros2_ws/install/rosbot_api/share/rosbot_api/package.zsh'
[25.350s] Level 1:colcon.colcon_core.environment:create_file_with_runtime_dependencies(/home/user/ros2_ws/install/rosbot_api/share/colcon-core/packages/rosbot_api)
[25.526s] DEBUG:colcon.colcon_core.event_handler.log_command:Invoking command in '/home/user/ros2_ws/src/robot_urdf_description': PYTHONPATH=/home/user/ros2_ws/build/robot_urdf_description/prefix_override:/usr/lib/python3/dist-packages/colcon_core/task/python/colcon_distutils_commands:/home/user/ros2_ws/install/robot_urdf_description/lib/python3.12/site-packages:${PYTHONPATH} _=/usr/bin/env /usr/bin/python3 -W ignore:setup.py install is deprecated -W ignore:easy_install command is deprecated setup.py egg_info --egg-base ../../build/robot_urdf_description build --build-base /home/user/ros2_ws/build/robot_urdf_description/build install --record /home/user/ros2_ws/build/robot_urdf_description/install.log --single-version-externally-managed install_data
[26.242s] DEBUG:colcon.colcon_core.event_handler.log_command:Invoking command in '/home/user/ros2_ws/src/rosbot_mk3_description': PYTHONPATH=/home/user/ros2_ws/build/rosbot_mk3_description/prefix_override:/usr/lib/python3/dist-packages/colcon_core/task/python/colcon_distutils_commands:/home/user/ros2_ws/install/rosbot_mk3_description/lib/python3.12/site-packages:${PYTHONPATH} _=/usr/bin/env /usr/bin/python3 -W ignore:setup.py install is deprecated -W ignore:easy_install command is deprecated setup.py egg_info --egg-base ../../build/rosbot_mk3_description build --build-base /home/user/ros2_ws/build/rosbot_mk3_description/build install --record /home/user/ros2_ws/build/rosbot_mk3_description/install.log --single-version-externally-managed install_data
[26.259s] DEBUG:colcon.colcon_core.event_handler.log_command:Invoking command in '/home/user/ros2_ws/src/rosbot_description': PYTHONPATH=/home/user/ros2_ws/build/rosbot_description/prefix_override:/usr/lib/python3/dist-packages/colcon_core/task/python/colcon_distutils_commands:/home/user/ros2_ws/install/rosbot_description/lib/python3.12/site-packages:${PYTHONPATH} _=/usr/bin/env /usr/bin/python3 -W ignore:setup.py install is deprecated -W ignore:easy_install command is deprecated setup.py egg_info --egg-base ../../build/rosbot_description build --build-base /home/user/ros2_ws/build/rosbot_description/build install --record /home/user/ros2_ws/build/rosbot_description/install.log --single-version-externally-managed install_data
[26.381s] Level 1:colcon.colcon_core.environment:checking '/home/user/ros2_ws/install/robot_urdf_description' for CMake module files
[26.381s] DEBUG:colcon.colcon_core.event_handler.log_command:Invoked command in '/home/user/ros2_ws/src/robot_urdf_description' returned '0': PYTHONPATH=/home/user/ros2_ws/build/robot_urdf_description/prefix_override:/usr/lib/python3/dist-packages/colcon_core/task/python/colcon_distutils_commands:/home/user/ros2_ws/install/robot_urdf_description/lib/python3.12/site-packages:${PYTHONPATH} _=/usr/bin/env /usr/bin/python3 -W ignore:setup.py install is deprecated -W ignore:easy_install command is deprecated setup.py egg_info --egg-base ../../build/robot_urdf_description build --build-base /home/user/ros2_ws/build/robot_urdf_description/build install --record /home/user/ros2_ws/build/robot_urdf_description/install.log --single-version-externally-managed install_data
[26.426s] Level 1:colcon.colcon_core.environment:checking '/home/user/ros2_ws/install/robot_urdf_description' for CMake config files
[26.426s] Level 1:colcon.colcon_core.environment:checking '/home/user/ros2_ws/install/robot_urdf_description/lib'
[26.426s] Level 1:colcon.colcon_core.environment:checking '/home/user/ros2_ws/install/robot_urdf_description/bin'
[26.426s] Level 1:colcon.colcon_core.environment:checking '/home/user/ros2_ws/install/robot_urdf_description/lib/pkgconfig/robot_urdf_description.pc'
[26.427s] Level 1:colcon.colcon_core.environment:checking '/home/user/ros2_ws/install/robot_urdf_description/lib/python3.12/site-packages'
[26.427s] Level 1:colcon.colcon_core.shell:create_environment_hook('robot_urdf_description', 'pythonpath')
[26.427s] INFO:colcon.colcon_core.shell:Creating environment hook '/home/user/ros2_ws/install/robot_urdf_description/share/robot_urdf_description/hook/pythonpath.ps1'
[26.427s] INFO:colcon.colcon_core.shell:Creating environment descriptor '/home/user/ros2_ws/install/robot_urdf_description/share/robot_urdf_description/hook/pythonpath.dsv'
[26.428s] INFO:colcon.colcon_core.shell:Creating environment hook '/home/user/ros2_ws/install/robot_urdf_description/share/robot_urdf_description/hook/pythonpath.sh'
[26.429s] Level 1:colcon.colcon_core.environment:checking '/home/user/ros2_ws/install/robot_urdf_description/bin'
[26.429s] Level 1:colcon.colcon_core.environment:create_environment_scripts_only(robot_urdf_description)
[26.429s] INFO:colcon.colcon_core.shell:Creating package script '/home/user/ros2_ws/install/robot_urdf_description/share/robot_urdf_description/package.ps1'
[26.430s] INFO:colcon.colcon_core.shell:Creating package descriptor '/home/user/ros2_ws/install/robot_urdf_description/share/robot_urdf_description/package.dsv'
[26.430s] INFO:colcon.colcon_core.shell:Creating package script '/home/user/ros2_ws/install/robot_urdf_description/share/robot_urdf_description/package.sh'
[26.431s] INFO:colcon.colcon_core.shell:Creating package script '/home/user/ros2_ws/install/robot_urdf_description/share/robot_urdf_description/package.bash'
[26.431s] INFO:colcon.colcon_core.shell:Creating package script '/home/user/ros2_ws/install/robot_urdf_description/share/robot_urdf_description/package.zsh'
[26.431s] Level 1:colcon.colcon_core.environment:create_file_with_runtime_dependencies(/home/user/ros2_ws/install/robot_urdf_description/share/colcon-core/packages/robot_urdf_description)
[26.967s] Level 1:colcon.colcon_core.environment:checking '/home/user/ros2_ws/install/rosbot_mk3_description' for CMake module files
[26.968s] DEBUG:colcon.colcon_core.event_handler.log_command:Invoked command in '/home/user/ros2_ws/src/rosbot_mk3_description' returned '0': PYTHONPATH=/home/user/ros2_ws/build/rosbot_mk3_description/prefix_override:/usr/lib/python3/dist-packages/colcon_core/task/python/colcon_distutils_commands:/home/user/ros2_ws/install/rosbot_mk3_description/lib/python3.12/site-packages:${PYTHONPATH} _=/usr/bin/env /usr/bin/python3 -W ignore:setup.py install is deprecated -W ignore:easy_install command is deprecated setup.py egg_info --egg-base ../../build/rosbot_mk3_description build --build-base /home/user/ros2_ws/build/rosbot_mk3_description/build install --record /home/user/ros2_ws/build/rosbot_mk3_description/install.log --single-version-externally-managed install_data
[26.969s] Level 1:colcon.colcon_core.environment:checking '/home/user/ros2_ws/install/rosbot_mk3_description' for CMake config files
[26.969s] Level 1:colcon.colcon_core.environment:checking '/home/user/ros2_ws/install/rosbot_mk3_description/lib'
[26.969s] Level 1:colcon.colcon_core.environment:checking '/home/user/ros2_ws/install/rosbot_mk3_description/bin'
[26.970s] Level 1:colcon.colcon_core.environment:checking '/home/user/ros2_ws/install/rosbot_mk3_description/lib/pkgconfig/rosbot_mk3_description.pc'
[26.970s] Level 1:colcon.colcon_core.environment:checking '/home/user/ros2_ws/install/rosbot_mk3_description/lib/python3.12/site-packages'
[26.970s] Level 1:colcon.colcon_core.shell:create_environment_hook('rosbot_mk3_description', 'pythonpath')
[26.970s] INFO:colcon.colcon_core.shell:Creating environment hook '/home/user/ros2_ws/install/rosbot_mk3_description/share/rosbot_mk3_description/hook/pythonpath.ps1'
[26.971s] INFO:colcon.colcon_core.shell:Creating environment descriptor '/home/user/ros2_ws/install/rosbot_mk3_description/share/rosbot_mk3_description/hook/pythonpath.dsv'
[26.971s] INFO:colcon.colcon_core.shell:Creating environment hook '/home/user/ros2_ws/install/rosbot_mk3_description/share/rosbot_mk3_description/hook/pythonpath.sh'
[26.972s] Level 1:colcon.colcon_core.environment:checking '/home/user/ros2_ws/install/rosbot_mk3_description/bin'
[26.972s] Level 1:colcon.colcon_core.environment:create_environment_scripts_only(rosbot_mk3_description)
[26.972s] INFO:colcon.colcon_core.shell:Creating package script '/home/user/ros2_ws/install/rosbot_mk3_description/share/rosbot_mk3_description/package.ps1'
[26.973s] INFO:colcon.colcon_core.shell:Creating package descriptor '/home/user/ros2_ws/install/rosbot_mk3_description/share/rosbot_mk3_description/package.dsv'
[26.973s] INFO:colcon.colcon_core.shell:Creating package script '/home/user/ros2_ws/install/rosbot_mk3_description/share/rosbot_mk3_description/package.sh'
[26.973s] INFO:colcon.colcon_core.shell:Creating package script '/home/user/ros2_ws/install/rosbot_mk3_description/share/rosbot_mk3_description/package.bash'
[26.974s] INFO:colcon.colcon_core.shell:Creating package script '/home/user/ros2_ws/install/rosbot_mk3_description/share/rosbot_mk3_description/package.zsh'
[26.974s] Level 1:colcon.colcon_core.environment:create_file_with_runtime_dependencies(/home/user/ros2_ws/install/rosbot_mk3_description/share/colcon-core/packages/rosbot_mk3_description)
[26.979s] Level 1:colcon.colcon_core.environment:checking '/home/user/ros2_ws/install/rosbot_description' for CMake module files
[26.979s] DEBUG:colcon.colcon_core.event_handler.log_command:Invoked command in '/home/user/ros2_ws/src/rosbot_description' returned '0': PYTHONPATH=/home/user/ros2_ws/build/rosbot_description/prefix_override:/usr/lib/python3/dist-packages/colcon_core/task/python/colcon_distutils_commands:/home/user/ros2_ws/install/rosbot_description/lib/python3.12/site-packages:${PYTHONPATH} _=/usr/bin/env /usr/bin/python3 -W ignore:setup.py install is deprecated -W ignore:easy_install command is deprecated setup.py egg_info --egg-base ../../build/rosbot_description build --build-base /home/user/ros2_ws/build/rosbot_description/build install --record /home/user/ros2_ws/build/rosbot_description/install.log --single-version-externally-managed install_data
[26.980s] Level 1:colcon.colcon_core.environment:checking '/home/user/ros2_ws/install/rosbot_description' for CMake config files
[26.980s] Level 1:colcon.colcon_core.environment:checking '/home/user/ros2_ws/install/rosbot_description/lib'
[26.980s] Level 1:colcon.colcon_core.environment:checking '/home/user/ros2_ws/install/rosbot_description/bin'
[26.980s] Level 1:colcon.colcon_core.environment:checking '/home/user/ros2_ws/install/rosbot_description/lib/pkgconfig/rosbot_description.pc'
[26.980s] Level 1:colcon.colcon_core.environment:checking '/home/user/ros2_ws/install/rosbot_description/lib/python3.12/site-packages'
[26.981s] Level 1:colcon.colcon_core.shell:create_environment_hook('rosbot_description', 'pythonpath')
[26.981s] INFO:colcon.colcon_core.shell:Creating environment hook '/home/user/ros2_ws/install/rosbot_description/share/rosbot_description/hook/pythonpath.ps1'
[26.981s] INFO:colcon.colcon_core.shell:Creating environment descriptor '/home/user/ros2_ws/install/rosbot_description/share/rosbot_description/hook/pythonpath.dsv'
[26.981s] INFO:colcon.colcon_core.shell:Creating environment hook '/home/user/ros2_ws/install/rosbot_description/share/rosbot_description/hook/pythonpath.sh'
[26.982s] Level 1:colcon.colcon_core.environment:checking '/home/user/ros2_ws/install/rosbot_description/bin'
[26.982s] Level 1:colcon.colcon_core.environment:create_environment_scripts_only(rosbot_description)
[26.982s] INFO:colcon.colcon_core.shell:Creating package script '/home/user/ros2_ws/install/rosbot_description/share/rosbot_description/package.ps1'
[26.983s] INFO:colcon.colcon_core.shell:Creating package descriptor '/home/user/ros2_ws/install/rosbot_description/share/rosbot_description/package.dsv'
[26.983s] INFO:colcon.colcon_core.shell:Creating package script '/home/user/ros2_ws/install/rosbot_description/share/rosbot_description/package.sh'
[26.984s] INFO:colcon.colcon_core.shell:Creating package script '/home/user/ros2_ws/install/rosbot_description/share/rosbot_description/package.bash'
[26.984s] INFO:colcon.colcon_core.shell:Creating package script '/home/user/ros2_ws/install/rosbot_description/share/rosbot_description/package.zsh'
[26.985s] Level 1:colcon.colcon_core.environment:create_file_with_runtime_dependencies(/home/user/ros2_ws/install/rosbot_description/share/colcon-core/packages/rosbot_description)
[43.226s] DEBUG:colcon.colcon_core.event_handler.log_command:Invoked command in '/home/user/ros2_ws/build/oppressor_api' returned '0': CMAKE_PREFIX_PATH=${CMAKE_PREFIX_PATH}:/home/user/ros2_ws/install/rosbot_mk3_description:/home/user/ros2_ws/install/rosbot_description:/home/user/ros2_ws/install/robot_urdf_description:/home/user/ros2_ws/install/robot_mk1_description:/home/user/ros2_ws/install/qube_1_description:/home/user/ros2_ws/install/oppressor_mk3_description:/home/user/ros2_ws/install/oppressor_mk1_description:/home/user/ros2_ws/install/bullet_arm_description:/home/user/ros2_ws/install/ARM_MK1_description:/opt/ros/jazzy _=/usr/bin/env /usr/bin/cmake --build /home/user/ros2_ws/build/oppressor_api -- -j8 -l8
[43.227s] DEBUG:colcon.colcon_core.event_handler.log_command:Invoking command in '/home/user/ros2_ws/build/oppressor_api': CMAKE_PREFIX_PATH=${CMAKE_PREFIX_PATH}:/home/user/ros2_ws/install/rosbot_mk3_description:/home/user/ros2_ws/install/rosbot_description:/home/user/ros2_ws/install/robot_urdf_description:/home/user/ros2_ws/install/robot_mk1_description:/home/user/ros2_ws/install/qube_1_description:/home/user/ros2_ws/install/oppressor_mk3_description:/home/user/ros2_ws/install/oppressor_mk1_description:/home/user/ros2_ws/install/bullet_arm_description:/home/user/ros2_ws/install/ARM_MK1_description:/opt/ros/jazzy _=/usr/bin/env /usr/bin/cmake --install /home/user/ros2_ws/build/oppressor_api
[43.249s] Level 1:colcon.colcon_core.environment:create_environment_scripts_only(oppressor_api)
[43.249s] Level 1:colcon.colcon_core.environment:checking '/home/user/ros2_ws/install/oppressor_api' for CMake module files
[43.250s] DEBUG:colcon.colcon_core.event_handler.log_command:Invoked command in '/home/user/ros2_ws/build/oppressor_api' returned '0': CMAKE_PREFIX_PATH=${CMAKE_PREFIX_PATH}:/home/user/ros2_ws/install/rosbot_mk3_description:/home/user/ros2_ws/install/rosbot_description:/home/user/ros2_ws/install/robot_urdf_description:/home/user/ros2_ws/install/robot_mk1_description:/home/user/ros2_ws/install/qube_1_description:/home/user/ros2_ws/install/oppressor_mk3_description:/home/user/ros2_ws/install/oppressor_mk1_description:/home/user/ros2_ws/install/bullet_arm_description:/home/user/ros2_ws/install/ARM_MK1_description:/opt/ros/jazzy _=/usr/bin/env /usr/bin/cmake --install /home/user/ros2_ws/build/oppressor_api
[43.250s] Level 1:colcon.colcon_core.environment:checking '/home/user/ros2_ws/install/oppressor_api' for CMake config files
[43.251s] Level 1:colcon.colcon_core.shell:create_environment_hook('oppressor_api', 'cmake_prefix_path')
[43.251s] INFO:colcon.colcon_core.shell:Creating environment hook '/home/user/ros2_ws/install/oppressor_api/share/oppressor_api/hook/cmake_prefix_path.ps1'
[43.251s] INFO:colcon.colcon_core.shell:Creating environment descriptor '/home/user/ros2_ws/install/oppressor_api/share/oppressor_api/hook/cmake_prefix_path.dsv'
[43.252s] INFO:colcon.colcon_core.shell:Creating environment hook '/home/user/ros2_ws/install/oppressor_api/share/oppressor_api/hook/cmake_prefix_path.sh'
[43.252s] Level 1:colcon.colcon_core.environment:checking '/home/user/ros2_ws/install/oppressor_api/lib'
[43.252s] Level 1:colcon.colcon_core.environment:checking '/home/user/ros2_ws/install/oppressor_api/bin'
[43.252s] Level 1:colcon.colcon_core.environment:checking '/home/user/ros2_ws/install/oppressor_api/lib/pkgconfig/oppressor_api.pc'
[43.253s] Level 1:colcon.colcon_core.environment:checking '/home/user/ros2_ws/install/oppressor_api/lib/python3.12/site-packages'
[43.253s] Level 1:colcon.colcon_core.environment:checking '/home/user/ros2_ws/install/oppressor_api/bin'
[43.253s] INFO:colcon.colcon_core.shell:Creating package script '/home/user/ros2_ws/install/oppressor_api/share/oppressor_api/package.ps1'
[43.254s] INFO:colcon.colcon_core.shell:Creating package descriptor '/home/user/ros2_ws/install/oppressor_api/share/oppressor_api/package.dsv'
[43.254s] INFO:colcon.colcon_core.shell:Creating package script '/home/user/ros2_ws/install/oppressor_api/share/oppressor_api/package.sh'
[43.255s] INFO:colcon.colcon_core.shell:Creating package script '/home/user/ros2_ws/install/oppressor_api/share/oppressor_api/package.bash'
[43.255s] INFO:colcon.colcon_core.shell:Creating package script '/home/user/ros2_ws/install/oppressor_api/share/oppressor_api/package.zsh'
[43.255s] Level 1:colcon.colcon_core.environment:create_file_with_runtime_dependencies(/home/user/ros2_ws/install/oppressor_api/share/colcon-core/packages/oppressor_api)
[43.256s] Level 1:colcon.colcon_core.environment:create_environment_scripts_only(oppressor_api)
[43.256s] Level 1:colcon.colcon_core.environment:checking '/home/user/ros2_ws/install/oppressor_api' for CMake module files
[43.256s] Level 1:colcon.colcon_core.environment:checking '/home/user/ros2_ws/install/oppressor_api' for CMake config files
[43.257s] Level 1:colcon.colcon_core.shell:create_environment_hook('oppressor_api', 'cmake_prefix_path')
[43.257s] INFO:colcon.colcon_core.shell:Creating environment hook '/home/user/ros2_ws/install/oppressor_api/share/oppressor_api/hook/cmake_prefix_path.ps1'
[43.257s] INFO:colcon.colcon_core.shell:Creating environment descriptor '/home/user/ros2_ws/install/oppressor_api/share/oppressor_api/hook/cmake_prefix_path.dsv'
[43.258s] INFO:colcon.colcon_core.shell:Creating environment hook '/home/user/ros2_ws/install/oppressor_api/share/oppressor_api/hook/cmake_prefix_path.sh'
[43.258s] Level 1:colcon.colcon_core.environment:checking '/home/user/ros2_ws/install/oppressor_api/lib'
[43.258s] Level 1:colcon.colcon_core.environment:checking '/home/user/ros2_ws/install/oppressor_api/bin'
[43.258s] Level 1:colcon.colcon_core.environment:checking '/home/user/ros2_ws/install/oppressor_api/lib/pkgconfig/oppressor_api.pc'
[43.259s] Level 1:colcon.colcon_core.environment:checking '/home/user/ros2_ws/install/oppressor_api/lib/python3.12/site-packages'
[43.259s] Level 1:colcon.colcon_core.environment:checking '/home/user/ros2_ws/install/oppressor_api/bin'
[43.259s] INFO:colcon.colcon_core.shell:Creating package script '/home/user/ros2_ws/install/oppressor_api/share/oppressor_api/package.ps1'
[43.260s] INFO:colcon.colcon_core.shell:Creating package descriptor '/home/user/ros2_ws/install/oppressor_api/share/oppressor_api/package.dsv'
[43.260s] INFO:colcon.colcon_core.shell:Creating package script '/home/user/ros2_ws/install/oppressor_api/share/oppressor_api/package.sh'
[43.261s] INFO:colcon.colcon_core.shell:Creating package script '/home/user/ros2_ws/install/oppressor_api/share/oppressor_api/package.bash'
[43.261s] INFO:colcon.colcon_core.shell:Creating package script '/home/user/ros2_ws/install/oppressor_api/share/oppressor_api/package.zsh'
[43.262s] Level 1:colcon.colcon_core.environment:create_file_with_runtime_dependencies(/home/user/ros2_ws/install/oppressor_api/share/colcon-core/packages/oppressor_api)
[43.262s] DEBUG:colcon.colcon_parallel_executor.executor.parallel:closing loop
[43.262s] DEBUG:colcon.colcon_parallel_executor.executor.parallel:loop closed
[43.263s] DEBUG:colcon.colcon_parallel_executor.executor.parallel:run_until_complete finished with '0'
[43.263s] DEBUG:colcon.colcon_core.event_reactor:joining thread
[43.660s] INFO:colcon.colcon_core.plugin_system:Skipping extension 'colcon_notification.desktop_notification.notify_send': Could not find 'notify-send'
[43.660s] INFO:colcon.colcon_core.plugin_system:Skipping extension 'colcon_notification.desktop_notification.terminal_notifier': Not used on non-Darwin systems
[43.660s] INFO:colcon.colcon_core.plugin_system:Skipping extension 'colcon_notification.desktop_notification.win32': Not used on non-Windows systems
[43.660s] INFO:colcon.colcon_notification.desktop_notification:Sending desktop notification using 'notify2'
[43.757s] DEBUG:colcon.colcon_notification.desktop_notification.notify2:Failed to initialize notify2: org.freedesktop.DBus.Error.Spawn.ExecFailed: /usr/bin/dbus-launch terminated abnormally without any error message
[43.757s] DEBUG:colcon.colcon_core.event_reactor:joined thread
[43.758s] INFO:colcon.colcon_core.shell:Creating prefix script '/home/user/ros2_ws/install/local_setup.ps1'
[43.759s] INFO:colcon.colcon_core.shell:Creating prefix util module '/home/user/ros2_ws/install/_local_setup_util_ps1.py'
[43.761s] INFO:colcon.colcon_core.shell:Creating prefix chain script '/home/user/ros2_ws/install/setup.ps1'
[43.763s] INFO:colcon.colcon_core.shell:Creating prefix script '/home/user/ros2_ws/install/local_setup.sh'
[43.764s] INFO:colcon.colcon_core.shell:Creating prefix util module '/home/user/ros2_ws/install/_local_setup_util_sh.py'
[43.764s] INFO:colcon.colcon_core.shell:Creating prefix chain script '/home/user/ros2_ws/install/setup.sh'
[43.766s] INFO:colcon.colcon_core.shell:Creating prefix script '/home/user/ros2_ws/install/local_setup.bash'
[43.767s] INFO:colcon.colcon_core.shell:Creating prefix chain script '/home/user/ros2_ws/install/setup.bash'
[43.768s] INFO:colcon.colcon_core.shell:Creating prefix script '/home/user/ros2_ws/install/local_setup.zsh'
[43.770s] INFO:colcon.colcon_core.shell:Creating prefix chain script '/home/user/ros2_ws/install/setup.zsh'
